"DXCC","PROVINCE CODE","PROVINCE NAME","DME NUMBER","DME NAME"
"281","VI","Araba/Álava"," 01001","Alegría-Dulantzi"
"281","VI","Araba/Álava"," 01002","Amurrio"
"281","VI","Araba/Álava"," 01003","Aramaio"
"281","VI","Araba/Álava"," 01004","Artziniega"
"281","VI","Araba/Álava"," 01006","Armiñón"
"281","VI","Araba/Álava"," 01008","Arratzua-Ubarrundia"
"281","VI","Araba/Álava"," 01009","Asparrena"
"281","VI","Araba/Álava"," 01010","Ayala/Aiara"
"281","VI","Araba/Álava"," 01011","Baños de Ebro/Mañueta"
"281","VI","Araba/Álava"," 01013","Barrundia"
"281","VI","Araba/Álava"," 01014","Berantevilla"
"281","VI","Araba/Álava"," 01016","Bernedo"
"281","VI","Araba/Álava"," 01017","Campezo/Kanpezu"
"281","VI","Araba/Álava"," 01018","Zigoitia"
"281","VI","Araba/Álava"," 01019","Kripan"
"281","VI","Araba/Álava"," 01020","Kuartango"
"281","VI","Araba/Álava"," 01021","Elburgo/Burgelu"
"281","VI","Araba/Álava"," 01022","Elciego"
"281","VI","Araba/Álava"," 01023","Elvillar/Bilar"
"281","VI","Araba/Álava"," 01027","Iruraiz-Gauna"
"281","VI","Araba/Álava"," 01028","Labastida/Bastida"
"281","VI","Araba/Álava"," 01030","Lagrán"
"281","VI","Araba/Álava"," 01031","Laguardia"
"281","VI","Araba/Álava"," 01032","Lanciego/Lantziego"
"281","VI","Araba/Álava"," 01033","Lapuebla de Labarca"
"281","VI","Araba/Álava"," 01034","Leza"
"281","VI","Araba/Álava"," 01036","Laudio/Llodio"
"281","VI","Araba/Álava"," 01037","Arraia-Maeztu"
"281","VI","Araba/Álava"," 01039","Moreda de Álava/Moreda Araba"
"281","VI","Araba/Álava"," 01041","Navaridas"
"281","VI","Araba/Álava"," 01042","Okondo"
"281","VI","Araba/Álava"," 01043","Oyón-Oion"
"281","VI","Araba/Álava"," 01044","Peñacerrada-Urizaharra"
"281","VI","Araba/Álava"," 01046","Ribera Alta"
"281","VI","Araba/Álava"," 01047","Ribera Baja/Erriberabeitia"
"281","VI","Araba/Álava"," 01049","Añana"
"281","VI","Araba/Álava"," 01051","Agurain/Salvatierra"
"281","VI","Araba/Álava"," 01052","Samaniego"
"281","VI","Araba/Álava"," 01053","San Millán/Donemiliaga"
"281","VI","Araba/Álava"," 01054","Urkabustaiz"
"281","VI","Araba/Álava"," 01055","Valdegovía/Gaubea"
"281","VI","Araba/Álava"," 01056","Harana/Valle de Arana"
"281","VI","Araba/Álava"," 01057","Villabuena de Álava/Eskuernaga"
"281","VI","Araba/Álava"," 01058","Legutio"
"281","VI","Araba/Álava"," 01059","Vitoria-Gasteiz"
"281","VI","Araba/Álava"," 01060","Yécora/Iekora"
"281","VI","Araba/Álava"," 01061","Zalduondo"
"281","VI","Araba/Álava"," 01062","Zambrana"
"281","VI","Araba/Álava"," 01063","Zuia"
"281","VI","Araba/Álava"," 01901","Iruña Oka/Iruña de Oca"
"281","VI","Araba/Álava"," 01902","Lantarón"
"281","AB","Albacete"," 02001","Abengibre"
"281","AB","Albacete"," 02002","Alatoz"
"281","AB","Albacete"," 02003","Albacete"
"281","AB","Albacete"," 02004","Albatana"
"281","AB","Albacete"," 02005","Alborea"
"281","AB","Albacete"," 02006","Alcadozo"
"281","AB","Albacete"," 02007","Alcalá del Júcar"
"281","AB","Albacete"," 02008","Alcaraz"
"281","AB","Albacete"," 02009","Almansa"
"281","AB","Albacete"," 02010","Alpera"
"281","AB","Albacete"," 02011","Ayna"
"281","AB","Albacete"," 02012","Balazote"
"281","AB","Albacete"," 02013","Balsa de Ves"
"281","AB","Albacete"," 02014","Ballestero (El)"
"281","AB","Albacete"," 02015","Barrax"
"281","AB","Albacete"," 02016","Bienservida"
"281","AB","Albacete"," 02017","Bogarra"
"281","AB","Albacete"," 02018","Bonete"
"281","AB","Albacete"," 02019","Bonillo (El)"
"281","AB","Albacete"," 02020","Carcelén"
"281","AB","Albacete"," 02021","Casas de Juan Núñez"
"281","AB","Albacete"," 02022","Casas de Lázaro"
"281","AB","Albacete"," 02023","Casas de Ves"
"281","AB","Albacete"," 02024","Casas-Ibáñez"
"281","AB","Albacete"," 02025","Caudete"
"281","AB","Albacete"," 02026","Cenizate"
"281","AB","Albacete"," 02027","Corral-Rubio"
"281","AB","Albacete"," 02028","Cotillas"
"281","AB","Albacete"," 02029","Chinchilla de Monte-Aragón"
"281","AB","Albacete"," 02030","Elche de la Sierra"
"281","AB","Albacete"," 02031","Férez"
"281","AB","Albacete"," 02032","Fuensanta"
"281","AB","Albacete"," 02033","Fuente-Álamo"
"281","AB","Albacete"," 02034","Fuentealbilla"
"281","AB","Albacete"," 02035","Gineta (La)"
"281","AB","Albacete"," 02036","Golosalvo"
"281","AB","Albacete"," 02037","Hellín"
"281","AB","Albacete"," 02038","Herrera (La)"
"281","AB","Albacete"," 02039","Higueruela"
"281","AB","Albacete"," 02040","Hoya-Gonzalo"
"281","AB","Albacete"," 02041","Jorquera"
"281","AB","Albacete"," 02042","Letur"
"281","AB","Albacete"," 02043","Lezuza"
"281","AB","Albacete"," 02044","Liétor"
"281","AB","Albacete"," 02045","Madrigueras"
"281","AB","Albacete"," 02046","Mahora"
"281","AB","Albacete"," 02047","Masegoso"
"281","AB","Albacete"," 02048","Minaya"
"281","AB","Albacete"," 02049","Molinicos"
"281","AB","Albacete"," 02050","Montalvos"
"281","AB","Albacete"," 02051","Montealegre del Castillo"
"281","AB","Albacete"," 02052","Motilleja"
"281","AB","Albacete"," 02053","Munera"
"281","AB","Albacete"," 02054","Navas de Jorquera"
"281","AB","Albacete"," 02055","Nerpio"
"281","AB","Albacete"," 02056","Ontur"
"281","AB","Albacete"," 02057","Ossa de Montiel"
"281","AB","Albacete"," 02058","Paterna del Madera"
"281","AB","Albacete"," 02059","Peñascosa"
"281","AB","Albacete"," 02060","Peñas de San Pedro"
"281","AB","Albacete"," 02061","Pétrola"
"281","AB","Albacete"," 02062","Povedilla"
"281","AB","Albacete"," 02063","Pozohondo"
"281","AB","Albacete"," 02064","Pozo-Lorente"
"281","AB","Albacete"," 02065","Pozuelo"
"281","AB","Albacete"," 02066","Recueja (La)"
"281","AB","Albacete"," 02067","Riópar"
"281","AB","Albacete"," 02068","Robledo"
"281","AB","Albacete"," 02069","Roda (La)"
"281","AB","Albacete"," 02070","Salobre"
"281","AB","Albacete"," 02071","San Pedro"
"281","AB","Albacete"," 02072","Socovos"
"281","AB","Albacete"," 02073","Tarazona de la Mancha"
"281","AB","Albacete"," 02074","Tobarra"
"281","AB","Albacete"," 02075","Valdeganga"
"281","AB","Albacete"," 02076","Vianos"
"281","AB","Albacete"," 02077","Villa de Ves"
"281","AB","Albacete"," 02078","Villalgordo del Júcar"
"281","AB","Albacete"," 02079","Villamalea"
"281","AB","Albacete"," 02080","Villapalacios"
"281","AB","Albacete"," 02081","Villarrobledo"
"281","AB","Albacete"," 02082","Villatoya"
"281","AB","Albacete"," 02083","Villavaliente"
"281","AB","Albacete"," 02084","Villaverde de Guadalimar"
"281","AB","Albacete"," 02085","Viveros"
"281","AB","Albacete"," 02086","Yeste"
"281","AB","Albacete"," 02901","Pozo Cañada"
"281","A","Alicante"," 03001","Atzúbia, l'"
"281","A","Alicante"," 03002","Agost"
"281","A","Alicante"," 03003","Agres"
"281","A","Alicante"," 03004","Aigües"
"281","A","Alicante"," 03005","Albatera"
"281","A","Alicante"," 03006","Alcalalí"
"281","A","Alicante"," 03007","Alcosser"
"281","A","Alicante"," 03008","Alcoleja"
"281","A","Alicante"," 03009","Alcoi/Alcoy"
"281","A","Alicante"," 03010","Alfafara"
"281","A","Alicante"," 03011","Alfàs del Pi (l')"
"281","A","Alicante"," 03012","Algorfa"
"281","A","Alicante"," 03013","Algueña"
"281","A","Alicante"," 03014","Alacant/Alicante"
"281","A","Alicante"," 03015","Almoradí"
"281","A","Alicante"," 03016","Almudaina"
"281","A","Alicante"," 03017","Alqueria d'Asnar (l')"
"281","A","Alicante"," 03018","Altea"
"281","A","Alicante"," 03019","Aspe"
"281","A","Alicante"," 03020","Balones"
"281","A","Alicante"," 03021","Banyeres de Mariola"
"281","A","Alicante"," 03022","Benasau"
"281","A","Alicante"," 03023","Beneixama"
"281","A","Alicante"," 03024","Benejúzar"
"281","A","Alicante"," 03025","Benferri"
"281","A","Alicante"," 03026","Beniarbeig"
"281","A","Alicante"," 03027","Beniardà"
"281","A","Alicante"," 03028","Beniarrés"
"281","A","Alicante"," 03029","Benigembla"
"281","A","Alicante"," 03030","Benidoleig"
"281","A","Alicante"," 03031","Benidorm"
"281","A","Alicante"," 03032","Benifallim"
"281","A","Alicante"," 03033","Benifato"
"281","A","Alicante"," 03034","Benijófar"
"281","A","Alicante"," 03035","Benilloba"
"281","A","Alicante"," 03036","Benillup"
"281","A","Alicante"," 03037","Benimantell"
"281","A","Alicante"," 03038","Benimarfull"
"281","A","Alicante"," 03039","Benimassot"
"281","A","Alicante"," 03040","Benimeli"
"281","A","Alicante"," 03041","Benissa"
"281","A","Alicante"," 03042","Poble Nou de Benitatxell, el/Benitachell"
"281","A","Alicante"," 03043","Biar"
"281","A","Alicante"," 03044","Bigastro"
"281","A","Alicante"," 03045","Bolulla"
"281","A","Alicante"," 03046","Busot"
"281","A","Alicante"," 03047","Calp"
"281","A","Alicante"," 03048","Callosa d'en Sarrià"
"281","A","Alicante"," 03049","Callosa de Segura"
"281","A","Alicante"," 03050","Campello (el)"
"281","A","Alicante"," 03051","Camp de Mirra, el/Campo de Mirra"
"281","A","Alicante"," 03052","Cañada"
"281","A","Alicante"," 03053","Castalla"
"281","A","Alicante"," 03054","Castell de Castells"
"281","A","Alicante"," 03055","Catral"
"281","A","Alicante"," 03056","Cocentaina"
"281","A","Alicante"," 03057","Confrides"
"281","A","Alicante"," 03058","Cox"
"281","A","Alicante"," 03059","Crevillent"
"281","A","Alicante"," 03060","Quatretondeta"
"281","A","Alicante"," 03061","Daya Nueva"
"281","A","Alicante"," 03062","Daya Vieja"
"281","A","Alicante"," 03063","Dénia"
"281","A","Alicante"," 03064","Dolores"
"281","A","Alicante"," 03065","Elx/Elche"
"281","A","Alicante"," 03066","Elda"
"281","A","Alicante"," 03067","Fageca"
"281","A","Alicante"," 03068","Famorca"
"281","A","Alicante"," 03069","Finestrat"
"281","A","Alicante"," 03070","Formentera del Segura"
"281","A","Alicante"," 03071","Gata de Gorgos"
"281","A","Alicante"," 03072","Gaianes"
"281","A","Alicante"," 03073","Gorga"
"281","A","Alicante"," 03074","Granja de Rocamora"
"281","A","Alicante"," 03075","Castell de Guadalest (el)"
"281","A","Alicante"," 03076","Guardamar del Segura"
"281","A","Alicante"," 03077","Fondó de les Neus (el)/Hondón de las Nieves"
"281","A","Alicante"," 03078","Hondón de los Frailes"
"281","A","Alicante"," 03079","Ibi"
"281","A","Alicante"," 03080","Jacarilla"
"281","A","Alicante"," 03081","Xaló"
"281","A","Alicante"," 03082","Xàbia/Jávea"
"281","A","Alicante"," 03083","Xixona/Jijona"
"281","A","Alicante"," 03084","Orxa, l'/Lorcha"
"281","A","Alicante"," 03085","Llíber"
"281","A","Alicante"," 03086","Millena"
"281","A","Alicante"," 03088","Monforte del Cid"
"281","A","Alicante"," 03089","Monòver/Monóvar"
"281","A","Alicante"," 03090","Mutxamel"
"281","A","Alicante"," 03091","Murla"
"281","A","Alicante"," 03092","Muro de Alcoy"
"281","A","Alicante"," 03093","Novelda"
"281","A","Alicante"," 03094","Nucia (la)"
"281","A","Alicante"," 03095","Ondara"
"281","A","Alicante"," 03096","Onil"
"281","A","Alicante"," 03097","Orba"
"281","A","Alicante"," 03098","Orxeta"
"281","A","Alicante"," 03099","Orihuela"
"281","A","Alicante"," 03100","Parcent"
"281","A","Alicante"," 03101","Pedreguer"
"281","A","Alicante"," 03102","Pego"
"281","A","Alicante"," 03103","Penàguila"
"281","A","Alicante"," 03104","Petrer"
"281","A","Alicante"," 03105","Pinós (el)/Pinoso"
"281","A","Alicante"," 03106","Planes"
"281","A","Alicante"," 03107","Polop"
"281","A","Alicante"," 03109","Rafal"
"281","A","Alicante"," 03110","Ràfol d'Almúnia (El)"
"281","A","Alicante"," 03111","Redován"
"281","A","Alicante"," 03112","Relleu"
"281","A","Alicante"," 03113","Rojales"
"281","A","Alicante"," 03114","Romana (la)"
"281","A","Alicante"," 03115","Sagra"
"281","A","Alicante"," 03116","Salinas"
"281","A","Alicante"," 03117","Sanet y Negrals"
"281","A","Alicante"," 03118","San Fulgencio"
"281","A","Alicante"," 03119","Sant Joan d'Alacant"
"281","A","Alicante"," 03120","San Miguel de Salinas"
"281","A","Alicante"," 03121","Santa Pola"
"281","A","Alicante"," 03122","Sant Vicent del Raspeig/San Vicente del Raspeig"
"281","A","Alicante"," 03123","Sax"
"281","A","Alicante"," 03124","Sella"
"281","A","Alicante"," 03125","Senija"
"281","A","Alicante"," 03127","Tàrbena"
"281","A","Alicante"," 03128","Teulada"
"281","A","Alicante"," 03129","Tibi"
"281","A","Alicante"," 03130","Tollos"
"281","A","Alicante"," 03131","Tormos"
"281","A","Alicante"," 03132","Torre de les Maçanes, la/Torremanzanas"
"281","A","Alicante"," 03133","Torrevieja"
"281","A","Alicante"," 03134","Vall d'Alcalà (la)"
"281","A","Alicante"," 03135","Vall d'Ebo (la)"
"281","A","Alicante"," 03136","Vall de Gallinera, la"
"281","A","Alicante"," 03137","Vall de Laguar (la)"
"281","A","Alicante"," 03138","Verger (el)"
"281","A","Alicante"," 03139","Vila Joiosa, la/Villajoyosa"
"281","A","Alicante"," 03140","Villena"
"281","A","Alicante"," 03901","Poblets (els)"
"281","A","Alicante"," 03902","Pilar de la Horadada"
"281","A","Alicante"," 03903","Montesinos (Los)"
"281","A","Alicante"," 03904","San Isidro"
"281","AL","Almería"," 04001","Abla"
"281","AL","Almería"," 04002","Abrucena"
"281","AL","Almería"," 04003","Adra"
"281","AL","Almería"," 04004","Albanchez"
"281","AL","Almería"," 04005","Alboloduy"
"281","AL","Almería"," 04006","Albox"
"281","AL","Almería"," 04007","Alcolea"
"281","AL","Almería"," 04008","Alcóntar"
"281","AL","Almería"," 04009","Alcudia de Monteagud"
"281","AL","Almería"," 04010","Alhabia"
"281","AL","Almería"," 04011","Alhama de Almería"
"281","AL","Almería"," 04012","Alicún"
"281","AL","Almería"," 04013","Almería"
"281","AL","Almería"," 04014","Almócita"
"281","AL","Almería"," 04015","Alsodux"
"281","AL","Almería"," 04016","Antas"
"281","AL","Almería"," 04017","Arboleas"
"281","AL","Almería"," 04018","Armuña de Almanzora"
"281","AL","Almería"," 04019","Bacares"
"281","AL","Almería"," 04020","Bayárcal"
"281","AL","Almería"," 04021","Bayarque"
"281","AL","Almería"," 04022","Bédar"
"281","AL","Almería"," 04023","Beires"
"281","AL","Almería"," 04024","Benahadux"
"281","AL","Almería"," 04026","Benitagla"
"281","AL","Almería"," 04027","Benizalón"
"281","AL","Almería"," 04028","Bentarique"
"281","AL","Almería"," 04029","Berja"
"281","AL","Almería"," 04030","Canjáyar"
"281","AL","Almería"," 04031","Cantoria"
"281","AL","Almería"," 04032","Carboneras"
"281","AL","Almería"," 04033","Castro de Filabres"
"281","AL","Almería"," 04034","Cóbdar"
"281","AL","Almería"," 04035","Cuevas del Almanzora"
"281","AL","Almería"," 04036","Chercos"
"281","AL","Almería"," 04037","Chirivel"
"281","AL","Almería"," 04038","Dalías"
"281","AL","Almería"," 04041","Enix"
"281","AL","Almería"," 04043","Felix"
"281","AL","Almería"," 04044","Fines"
"281","AL","Almería"," 04045","Fiñana"
"281","AL","Almería"," 04046","Fondón"
"281","AL","Almería"," 04047","Gádor"
"281","AL","Almería"," 04048","Gallardos (Los)"
"281","AL","Almería"," 04049","Garrucha"
"281","AL","Almería"," 04050","Gérgal"
"281","AL","Almería"," 04051","Huécija"
"281","AL","Almería"," 04052","Huércal de Almería"
"281","AL","Almería"," 04053","Huércal-Overa"
"281","AL","Almería"," 04054","Íllar"
"281","AL","Almería"," 04055","Instinción"
"281","AL","Almería"," 04056","Laroya"
"281","AL","Almería"," 04057","Laujar de Andarax"
"281","AL","Almería"," 04058","Líjar"
"281","AL","Almería"," 04059","Lubrín"
"281","AL","Almería"," 04060","Lucainena de las Torres"
"281","AL","Almería"," 04061","Lúcar"
"281","AL","Almería"," 04062","Macael"
"281","AL","Almería"," 04063","María"
"281","AL","Almería"," 04064","Mojácar"
"281","AL","Almería"," 04065","Nacimiento"
"281","AL","Almería"," 04066","Níjar"
"281","AL","Almería"," 04067","Ohanes"
"281","AL","Almería"," 04068","Olula de Castro"
"281","AL","Almería"," 04069","Olula del Río"
"281","AL","Almería"," 04070","Oria"
"281","AL","Almería"," 04071","Padules"
"281","AL","Almería"," 04072","Partaloa"
"281","AL","Almería"," 04073","Paterna del Río"
"281","AL","Almería"," 04074","Pechina"
"281","AL","Almería"," 04075","Pulpí"
"281","AL","Almería"," 04076","Purchena"
"281","AL","Almería"," 04077","Rágol"
"281","AL","Almería"," 04078","Rioja"
"281","AL","Almería"," 04079","Roquetas de Mar"
"281","AL","Almería"," 04080","Santa Cruz de Marchena"
"281","AL","Almería"," 04081","Santa Fe de Mondújar"
"281","AL","Almería"," 04082","Senés"
"281","AL","Almería"," 04083","Serón"
"281","AL","Almería"," 04084","Sierro"
"281","AL","Almería"," 04085","Somontín"
"281","AL","Almería"," 04086","Sorbas"
"281","AL","Almería"," 04087","Suflí"
"281","AL","Almería"," 04088","Tabernas"
"281","AL","Almería"," 04089","Taberno"
"281","AL","Almería"," 04090","Tahal"
"281","AL","Almería"," 04091","Terque"
"281","AL","Almería"," 04092","Tíjola"
"281","AL","Almería"," 04093","Turre"
"281","AL","Almería"," 04094","Turrillas"
"281","AL","Almería"," 04095","Uleila del Campo"
"281","AL","Almería"," 04096","Urrácal"
"281","AL","Almería"," 04097","Velefique"
"281","AL","Almería"," 04098","Vélez-Blanco"
"281","AL","Almería"," 04099","Vélez-Rubio"
"281","AL","Almería"," 04100","Vera"
"281","AL","Almería"," 04101","Viator"
"281","AL","Almería"," 04102","Vícar"
"281","AL","Almería"," 04103","Zurgena"
"281","AL","Almería"," 04901","Tres Villas (Las)"
"281","AL","Almería"," 04902","Ejido (El)"
"281","AL","Almería"," 04903","Mojonera (La)"
"281","AL","Almería"," 04904","Balanegra"
"281","AV","Ávila"," 05001","Adanero"
"281","AV","Ávila"," 05002","Adrada (La)"
"281","AV","Ávila"," 05005","Albornos"
"281","AV","Ávila"," 05007","Aldeanueva de Santa Cruz"
"281","AV","Ávila"," 05008","Aldeaseca"
"281","AV","Ávila"," 05010","Aldehuela (La)"
"281","AV","Ávila"," 05012","Amavida"
"281","AV","Ávila"," 05013","Arenal (El)"
"281","AV","Ávila"," 05014","Arenas de San Pedro"
"281","AV","Ávila"," 05015","Arevalillo"
"281","AV","Ávila"," 05016","Arévalo"
"281","AV","Ávila"," 05017","Aveinte"
"281","AV","Ávila"," 05018","Avellaneda"
"281","AV","Ávila"," 05019","Ávila"
"281","AV","Ávila"," 05021","Barco de Ávila (El)"
"281","AV","Ávila"," 05022","Barraco (El)"
"281","AV","Ávila"," 05023","Barromán"
"281","AV","Ávila"," 05024","Becedas"
"281","AV","Ávila"," 05025","Becedillas"
"281","AV","Ávila"," 05026","Bercial de Zapardiel"
"281","AV","Ávila"," 05027","Berlanas (Las)"
"281","AV","Ávila"," 05029","Bernuy-Zapardiel"
"281","AV","Ávila"," 05030","Berrocalejo de Aragona"
"281","AV","Ávila"," 05033","Blascomillán"
"281","AV","Ávila"," 05034","Blasconuño de Matacabras"
"281","AV","Ávila"," 05035","Blascosancho"
"281","AV","Ávila"," 05036","Bohodón (El)"
"281","AV","Ávila"," 05037","Bohoyo"
"281","AV","Ávila"," 05038","Bonilla de la Sierra"
"281","AV","Ávila"," 05039","Brabos"
"281","AV","Ávila"," 05040","Bularros"
"281","AV","Ávila"," 05041","Burgohondo"
"281","AV","Ávila"," 05042","Cabezas de Alambre"
"281","AV","Ávila"," 05043","Cabezas del Pozo"
"281","AV","Ávila"," 05044","Cabezas del Villar"
"281","AV","Ávila"," 05045","Cabizuela"
"281","AV","Ávila"," 05046","Canales"
"281","AV","Ávila"," 05047","Candeleda"
"281","AV","Ávila"," 05048","Cantiveros"
"281","AV","Ávila"," 05049","Cardeñosa"
"281","AV","Ávila"," 05051","Carrera (La)"
"281","AV","Ávila"," 05052","Casas del Puerto"
"281","AV","Ávila"," 05053","Casasola"
"281","AV","Ávila"," 05054","Casavieja"
"281","AV","Ávila"," 05055","Casillas"
"281","AV","Ávila"," 05056","Castellanos de Zapardiel"
"281","AV","Ávila"," 05057","Cebreros"
"281","AV","Ávila"," 05058","Cepeda la Mora"
"281","AV","Ávila"," 05059","Cillán"
"281","AV","Ávila"," 05060","Cisla"
"281","AV","Ávila"," 05061","Colilla (La)"
"281","AV","Ávila"," 05062","Collado de Contreras"
"281","AV","Ávila"," 05063","Collado del Mirón"
"281","AV","Ávila"," 05064","Constanzana"
"281","AV","Ávila"," 05065","Crespos"
"281","AV","Ávila"," 05066","Cuevas del Valle"
"281","AV","Ávila"," 05067","Chamartín"
"281","AV","Ávila"," 05069","Donjimeno"
"281","AV","Ávila"," 05070","Donvidas"
"281","AV","Ávila"," 05072","Espinosa de los Caballeros"
"281","AV","Ávila"," 05073","Flores de Ávila"
"281","AV","Ávila"," 05074","Fontiveros"
"281","AV","Ávila"," 05075","Fresnedilla"
"281","AV","Ávila"," 05076","Fresno (El)"
"281","AV","Ávila"," 05077","Fuente el Saúz"
"281","AV","Ávila"," 05078","Fuentes de Año"
"281","AV","Ávila"," 05079","Gallegos de Altamiros"
"281","AV","Ávila"," 05080","Gallegos de Sobrinos"
"281","AV","Ávila"," 05081","Garganta del Villar"
"281","AV","Ávila"," 05082","Gavilanes"
"281","AV","Ávila"," 05083","Gemuño"
"281","AV","Ávila"," 05084","Gilbuena"
"281","AV","Ávila"," 05085","Gil García"
"281","AV","Ávila"," 05086","Gimialcón"
"281","AV","Ávila"," 05087","Gotarrendura"
"281","AV","Ávila"," 05088","Grandes y San Martín"
"281","AV","Ávila"," 05089","Guisando"
"281","AV","Ávila"," 05090","Gutierre-Muñoz"
"281","AV","Ávila"," 05092","Hernansancho"
"281","AV","Ávila"," 05093","Herradón de Pinares"
"281","AV","Ávila"," 05094","Herreros de Suso"
"281","AV","Ávila"," 05095","Higuera de las Dueñas"
"281","AV","Ávila"," 05096","Hija de Dios (La)"
"281","AV","Ávila"," 05097","Horcajada (La)"
"281","AV","Ávila"," 05099","Horcajo de las Torres"
"281","AV","Ávila"," 05100","Hornillo (El)"
"281","AV","Ávila"," 05101","Hoyocasero"
"281","AV","Ávila"," 05102","Hoyo de Pinares (El)"
"281","AV","Ávila"," 05103","Hoyorredondo"
"281","AV","Ávila"," 05104","Hoyos del Collado"
"281","AV","Ávila"," 05105","Hoyos del Espino"
"281","AV","Ávila"," 05106","Hoyos de Miguel Muñoz"
"281","AV","Ávila"," 05107","Hurtumpascual"
"281","AV","Ávila"," 05108","Junciana"
"281","AV","Ávila"," 05109","Langa"
"281","AV","Ávila"," 05110","Lanzahíta"
"281","AV","Ávila"," 05112","Losar del Barco (El)"
"281","AV","Ávila"," 05113","Llanos de Tormes (Los)"
"281","AV","Ávila"," 05114","Madrigal de las Altas Torres"
"281","AV","Ávila"," 05115","Maello"
"281","AV","Ávila"," 05116","Malpartida de Corneja"
"281","AV","Ávila"," 05117","Mamblas"
"281","AV","Ávila"," 05118","Mancera de Arriba"
"281","AV","Ávila"," 05119","Manjabálago y Ortigosa de Rioalmar"
"281","AV","Ávila"," 05120","Marlín"
"281","AV","Ávila"," 05121","Martiherrero"
"281","AV","Ávila"," 05122","Martínez"
"281","AV","Ávila"," 05123","Mediana de Voltoya"
"281","AV","Ávila"," 05124","Medinilla"
"281","AV","Ávila"," 05125","Mengamuñoz"
"281","AV","Ávila"," 05126","Mesegar de Corneja"
"281","AV","Ávila"," 05127","Mijares"
"281","AV","Ávila"," 05128","Mingorría"
"281","AV","Ávila"," 05129","Mirón (El)"
"281","AV","Ávila"," 05130","Mironcillo"
"281","AV","Ávila"," 05131","Mirueña de los Infanzones"
"281","AV","Ávila"," 05132","Mombeltrán"
"281","AV","Ávila"," 05133","Monsalupe"
"281","AV","Ávila"," 05134","Moraleja de Matacabras"
"281","AV","Ávila"," 05135","Muñana"
"281","AV","Ávila"," 05136","Muñico"
"281","AV","Ávila"," 05138","Muñogalindo"
"281","AV","Ávila"," 05139","Muñogrande"
"281","AV","Ávila"," 05140","Muñomer del Peco"
"281","AV","Ávila"," 05141","Muñopepe"
"281","AV","Ávila"," 05142","Muñosancho"
"281","AV","Ávila"," 05143","Muñotello"
"281","AV","Ávila"," 05144","Narrillos del Álamo"
"281","AV","Ávila"," 05145","Narrillos del Rebollar"
"281","AV","Ávila"," 05147","Narros del Castillo"
"281","AV","Ávila"," 05148","Narros del Puerto"
"281","AV","Ávila"," 05149","Narros de Saldueña"
"281","AV","Ávila"," 05151","Navacepedilla de Corneja"
"281","AV","Ávila"," 05152","Nava de Arévalo"
"281","AV","Ávila"," 05153","Nava del Barco"
"281","AV","Ávila"," 05154","Navadijos"
"281","AV","Ávila"," 05155","Navaescurial"
"281","AV","Ávila"," 05156","Navahondilla"
"281","AV","Ávila"," 05157","Navalacruz"
"281","AV","Ávila"," 05158","Navalmoral"
"281","AV","Ávila"," 05159","Navalonguilla"
"281","AV","Ávila"," 05160","Navalosa"
"281","AV","Ávila"," 05161","Navalperal de Pinares"
"281","AV","Ávila"," 05162","Navalperal de Tormes"
"281","AV","Ávila"," 05163","Navaluenga"
"281","AV","Ávila"," 05164","Navaquesera"
"281","AV","Ávila"," 05165","Navarredonda de Gredos"
"281","AV","Ávila"," 05166","Navarredondilla"
"281","AV","Ávila"," 05167","Navarrevisca"
"281","AV","Ávila"," 05168","Navas del Marqués (Las)"
"281","AV","Ávila"," 05169","Navatalgordo"
"281","AV","Ávila"," 05170","Navatejares"
"281","AV","Ávila"," 05171","Neila de San Miguel"
"281","AV","Ávila"," 05172","Niharra"
"281","AV","Ávila"," 05173","Ojos-Albos"
"281","AV","Ávila"," 05174","Orbita"
"281","AV","Ávila"," 05175","Oso (El)"
"281","AV","Ávila"," 05176","Padiernos"
"281","AV","Ávila"," 05177","Pajares de Adaja"
"281","AV","Ávila"," 05178","Palacios de Goda"
"281","AV","Ávila"," 05179","Papatrigo"
"281","AV","Ávila"," 05180","Parral (El)"
"281","AV","Ávila"," 05181","Pascualcobo"
"281","AV","Ávila"," 05182","Pedro Bernardo"
"281","AV","Ávila"," 05183","Pedro-Rodríguez"
"281","AV","Ávila"," 05184","Peguerinos"
"281","AV","Ávila"," 05185","Peñalba de Ávila"
"281","AV","Ávila"," 05186","Piedrahíta"
"281","AV","Ávila"," 05187","Piedralaves"
"281","AV","Ávila"," 05188","Poveda"
"281","AV","Ávila"," 05189","Poyales del Hoyo"
"281","AV","Ávila"," 05190","Pozanco"
"281","AV","Ávila"," 05191","Pradosegar"
"281","AV","Ávila"," 05192","Puerto Castilla"
"281","AV","Ávila"," 05193","Rasueros"
"281","AV","Ávila"," 05194","Riocabado"
"281","AV","Ávila"," 05195","Riofrío"
"281","AV","Ávila"," 05196","Rivilla de Barajas"
"281","AV","Ávila"," 05197","Salobral"
"281","AV","Ávila"," 05198","Salvadiós"
"281","AV","Ávila"," 05199","San Bartolomé de Béjar"
"281","AV","Ávila"," 05200","San Bartolomé de Corneja"
"281","AV","Ávila"," 05201","San Bartolomé de Pinares"
"281","AV","Ávila"," 05204","Sanchidrián"
"281","AV","Ávila"," 05205","Sanchorreja"
"281","AV","Ávila"," 05206","San Esteban de los Patos"
"281","AV","Ávila"," 05207","San Esteban del Valle"
"281","AV","Ávila"," 05208","San Esteban de Zapardiel"
"281","AV","Ávila"," 05209","San García de Ingelmos"
"281","AV","Ávila"," 05210","San Juan de la Encinilla"
"281","AV","Ávila"," 05211","San Juan de la Nava"
"281","AV","Ávila"," 05212","San Juan del Molinillo"
"281","AV","Ávila"," 05213","San Juan del Olmo"
"281","AV","Ávila"," 05214","San Lorenzo de Tormes"
"281","AV","Ávila"," 05215","San Martín de la Vega del Alberche"
"281","AV","Ávila"," 05216","San Martín del Pimpollar"
"281","AV","Ávila"," 05217","San Miguel de Corneja"
"281","AV","Ávila"," 05218","San Miguel de Serrezuela"
"281","AV","Ávila"," 05219","San Pascual"
"281","AV","Ávila"," 05220","San Pedro del Arroyo"
"281","AV","Ávila"," 05221","Santa Cruz del Valle"
"281","AV","Ávila"," 05222","Santa Cruz de Pinares"
"281","AV","Ávila"," 05224","Santa María del Arroyo"
"281","AV","Ávila"," 05225","Santa María del Berrocal"
"281","AV","Ávila"," 05226","Santa María de los Caballeros"
"281","AV","Ávila"," 05227","Santa María del Tiétar"
"281","AV","Ávila"," 05228","Santiago del Collado"
"281","AV","Ávila"," 05229","Santo Domingo de las Posadas"
"281","AV","Ávila"," 05230","Santo Tomé de Zabarcos"
"281","AV","Ávila"," 05231","San Vicente de Arévalo"
"281","AV","Ávila"," 05232","Serrada (La)"
"281","AV","Ávila"," 05233","Serranillos"
"281","AV","Ávila"," 05234","Sigeres"
"281","AV","Ávila"," 05235","Sinlabajos"
"281","AV","Ávila"," 05236","Solana de Ávila"
"281","AV","Ávila"," 05237","Solana de Rioalmar"
"281","AV","Ávila"," 05238","Solosancho"
"281","AV","Ávila"," 05239","Sotalbo"
"281","AV","Ávila"," 05240","Sotillo de la Adrada"
"281","AV","Ávila"," 05241","Tiemblo (El)"
"281","AV","Ávila"," 05242","Tiñosillos"
"281","AV","Ávila"," 05243","Tolbaños"
"281","AV","Ávila"," 05244","Tormellas"
"281","AV","Ávila"," 05245","Tornadizos de Ávila"
"281","AV","Ávila"," 05246","Tórtoles"
"281","AV","Ávila"," 05247","Torre (La)"
"281","AV","Ávila"," 05249","Umbrías"
"281","AV","Ávila"," 05251","Vadillo de la Sierra"
"281","AV","Ávila"," 05252","Valdecasa"
"281","AV","Ávila"," 05253","Vega de Santa María"
"281","AV","Ávila"," 05254","Velayos"
"281","AV","Ávila"," 05256","Villaflor"
"281","AV","Ávila"," 05257","Villafranca de la Sierra"
"281","AV","Ávila"," 05258","Villanueva de Gómez"
"281","AV","Ávila"," 05259","Villanueva del Aceral"
"281","AV","Ávila"," 05260","Villanueva del Campillo"
"281","AV","Ávila"," 05261","Villar de Corneja"
"281","AV","Ávila"," 05262","Villarejo del Valle"
"281","AV","Ávila"," 05263","Villatoro"
"281","AV","Ávila"," 05264","Viñegra de Moraña"
"281","AV","Ávila"," 05265","Vita"
"281","AV","Ávila"," 05266","Zapardiel de la Cañada"
"281","AV","Ávila"," 05267","Zapardiel de la Ribera"
"281","AV","Ávila"," 05901","San Juan de Gredos"
"281","AV","Ávila"," 05902","Santa María del Cubillo"
"281","AV","Ávila"," 05903","Diego del Carpio"
"281","AV","Ávila"," 05904","Santiago del Tormes"
"281","AV","Ávila"," 05905","Villanueva de Ávila"
"281","BA","Badajoz"," 06001","Acedera"
"281","BA","Badajoz"," 06002","Aceuchal"
"281","BA","Badajoz"," 06003","Ahillones"
"281","BA","Badajoz"," 06004","Alange"
"281","BA","Badajoz"," 06005","Albuera (La)"
"281","BA","Badajoz"," 06006","Alburquerque"
"281","BA","Badajoz"," 06007","Alconchel"
"281","BA","Badajoz"," 06008","Alconera"
"281","BA","Badajoz"," 06009","Aljucén"
"281","BA","Badajoz"," 06010","Almendral"
"281","BA","Badajoz"," 06011","Almendralejo"
"281","BA","Badajoz"," 06012","Arroyo de San Serván"
"281","BA","Badajoz"," 06013","Atalaya"
"281","BA","Badajoz"," 06014","Azuaga"
"281","BA","Badajoz"," 06015","Badajoz"
"281","BA","Badajoz"," 06016","Barcarrota"
"281","BA","Badajoz"," 06017","Baterno"
"281","BA","Badajoz"," 06018","Benquerencia de la Serena"
"281","BA","Badajoz"," 06019","Berlanga"
"281","BA","Badajoz"," 06020","Bienvenida"
"281","BA","Badajoz"," 06021","Bodonal de la Sierra"
"281","BA","Badajoz"," 06022","Burguillos del Cerro"
"281","BA","Badajoz"," 06023","Cabeza del Buey"
"281","BA","Badajoz"," 06024","Cabeza la Vaca"
"281","BA","Badajoz"," 06025","Calamonte"
"281","BA","Badajoz"," 06026","Calera de León"
"281","BA","Badajoz"," 06027","Calzadilla de los Barros"
"281","BA","Badajoz"," 06028","Campanario"
"281","BA","Badajoz"," 06029","Campillo de Llerena"
"281","BA","Badajoz"," 06030","Capilla"
"281","BA","Badajoz"," 06031","Carmonita"
"281","BA","Badajoz"," 06032","Carrascalejo (El)"
"281","BA","Badajoz"," 06033","Casas de Don Pedro"
"281","BA","Badajoz"," 06034","Casas de Reina"
"281","BA","Badajoz"," 06035","Castilblanco"
"281","BA","Badajoz"," 06036","Castuera"
"281","BA","Badajoz"," 06037","Codosera (La)"
"281","BA","Badajoz"," 06038","Cordobilla de Lácara"
"281","BA","Badajoz"," 06039","Coronada (La)"
"281","BA","Badajoz"," 06040","Corte de Peleas"
"281","BA","Badajoz"," 06041","Cristina"
"281","BA","Badajoz"," 06042","Cheles"
"281","BA","Badajoz"," 06043","Don Álvaro"
"281","BA","Badajoz"," 06044","Don Benito"
"281","BA","Badajoz"," 06045","Entrín Bajo"
"281","BA","Badajoz"," 06046","Esparragalejo"
"281","BA","Badajoz"," 06047","Esparragosa de la Serena"
"281","BA","Badajoz"," 06048","Esparragosa de Lares"
"281","BA","Badajoz"," 06049","Feria"
"281","BA","Badajoz"," 06050","Fregenal de la Sierra"
"281","BA","Badajoz"," 06051","Fuenlabrada de los Montes"
"281","BA","Badajoz"," 06052","Fuente de Cantos"
"281","BA","Badajoz"," 06053","Fuente del Arco"
"281","BA","Badajoz"," 06054","Fuente del Maestre"
"281","BA","Badajoz"," 06055","Fuentes de León"
"281","BA","Badajoz"," 06056","Garbayuela"
"281","BA","Badajoz"," 06057","Garlitos"
"281","BA","Badajoz"," 06058","Garrovilla (La)"
"281","BA","Badajoz"," 06059","Granja de Torrehermosa"
"281","BA","Badajoz"," 06060","Guareña"
"281","BA","Badajoz"," 06061","Haba (La)"
"281","BA","Badajoz"," 06062","Helechosa de los Montes"
"281","BA","Badajoz"," 06063","Herrera del Duque"
"281","BA","Badajoz"," 06064","Higuera de la Serena"
"281","BA","Badajoz"," 06065","Higuera de Llerena"
"281","BA","Badajoz"," 06066","Higuera de Vargas"
"281","BA","Badajoz"," 06067","Higuera la Real"
"281","BA","Badajoz"," 06068","Hinojosa del Valle"
"281","BA","Badajoz"," 06069","Hornachos"
"281","BA","Badajoz"," 06070","Jerez de los Caballeros"
"281","BA","Badajoz"," 06071","Lapa (La)"
"281","BA","Badajoz"," 06072","Lobón"
"281","BA","Badajoz"," 06073","Llera"
"281","BA","Badajoz"," 06074","Llerena"
"281","BA","Badajoz"," 06075","Magacela"
"281","BA","Badajoz"," 06076","Maguilla"
"281","BA","Badajoz"," 06077","Malcocinado"
"281","BA","Badajoz"," 06078","Malpartida de la Serena"
"281","BA","Badajoz"," 06079","Manchita"
"281","BA","Badajoz"," 06080","Medellín"
"281","BA","Badajoz"," 06081","Medina de las Torres"
"281","BA","Badajoz"," 06082","Mengabril"
"281","BA","Badajoz"," 06083","Mérida"
"281","BA","Badajoz"," 06084","Mirandilla"
"281","BA","Badajoz"," 06085","Monesterio"
"281","BA","Badajoz"," 06086","Montemolín"
"281","BA","Badajoz"," 06087","Monterrubio de la Serena"
"281","BA","Badajoz"," 06088","Montijo"
"281","BA","Badajoz"," 06089","Morera (La)"
"281","BA","Badajoz"," 06090","Nava de Santiago (La)"
"281","BA","Badajoz"," 06091","Navalvillar de Pela"
"281","BA","Badajoz"," 06092","Nogales"
"281","BA","Badajoz"," 06093","Oliva de la Frontera"
"281","BA","Badajoz"," 06094","Oliva de Mérida"
"281","BA","Badajoz"," 06095","Olivenza"
"281","BA","Badajoz"," 06096","Orellana de la Sierra"
"281","BA","Badajoz"," 06097","Orellana la Vieja"
"281","BA","Badajoz"," 06098","Palomas"
"281","BA","Badajoz"," 06099","Parra (La)"
"281","BA","Badajoz"," 06100","Peñalsordo"
"281","BA","Badajoz"," 06101","Peraleda del Zaucejo"
"281","BA","Badajoz"," 06102","Puebla de Alcocer"
"281","BA","Badajoz"," 06103","Puebla de la Calzada"
"281","BA","Badajoz"," 06104","Puebla de la Reina"
"281","BA","Badajoz"," 06105","Puebla del Maestre"
"281","BA","Badajoz"," 06106","Puebla del Prior"
"281","BA","Badajoz"," 06107","Puebla de Obando"
"281","BA","Badajoz"," 06108","Puebla de Sancho Pérez"
"281","BA","Badajoz"," 06109","Quintana de la Serena"
"281","BA","Badajoz"," 06110","Reina"
"281","BA","Badajoz"," 06111","Rena"
"281","BA","Badajoz"," 06112","Retamal de Llerena"
"281","BA","Badajoz"," 06113","Ribera del Fresno"
"281","BA","Badajoz"," 06114","Risco"
"281","BA","Badajoz"," 06115","Roca de la Sierra (La)"
"281","BA","Badajoz"," 06116","Salvaleón"
"281","BA","Badajoz"," 06117","Salvatierra de los Barros"
"281","BA","Badajoz"," 06118","Sancti-Spíritus"
"281","BA","Badajoz"," 06119","San Pedro de Mérida"
"281","BA","Badajoz"," 06120","Santa Amalia"
"281","BA","Badajoz"," 06121","Santa Marta"
"281","BA","Badajoz"," 06122","Santos de Maimona (Los)"
"281","BA","Badajoz"," 06123","San Vicente de Alcántara"
"281","BA","Badajoz"," 06124","Segura de León"
"281","BA","Badajoz"," 06125","Siruela"
"281","BA","Badajoz"," 06126","Solana de los Barros"
"281","BA","Badajoz"," 06127","Talarrubias"
"281","BA","Badajoz"," 06128","Talavera la Real"
"281","BA","Badajoz"," 06129","Táliga"
"281","BA","Badajoz"," 06130","Tamurejo"
"281","BA","Badajoz"," 06131","Torre de Miguel Sesmero"
"281","BA","Badajoz"," 06132","Torremayor"
"281","BA","Badajoz"," 06133","Torremejía"
"281","BA","Badajoz"," 06134","Trasierra"
"281","BA","Badajoz"," 06135","Trujillanos"
"281","BA","Badajoz"," 06136","Usagre"
"281","BA","Badajoz"," 06137","Valdecaballeros"
"281","BA","Badajoz"," 06138","Valdetorres"
"281","BA","Badajoz"," 06139","Valencia de las Torres"
"281","BA","Badajoz"," 06140","Valencia del Mombuey"
"281","BA","Badajoz"," 06141","Valencia del Ventoso"
"281","BA","Badajoz"," 06142","Valverde de Burguillos"
"281","BA","Badajoz"," 06143","Valverde de Leganés"
"281","BA","Badajoz"," 06144","Valverde de Llerena"
"281","BA","Badajoz"," 06145","Valverde de Mérida"
"281","BA","Badajoz"," 06146","Valle de la Serena"
"281","BA","Badajoz"," 06147","Valle de Matamoros"
"281","BA","Badajoz"," 06148","Valle de Santa Ana"
"281","BA","Badajoz"," 06149","Villafranca de los Barros"
"281","BA","Badajoz"," 06150","Villagarcía de la Torre"
"281","BA","Badajoz"," 06151","Villagonzalo"
"281","BA","Badajoz"," 06152","Villalba de los Barros"
"281","BA","Badajoz"," 06153","Villanueva de la Serena"
"281","BA","Badajoz"," 06154","Villanueva del Fresno"
"281","BA","Badajoz"," 06155","Villar del Rey"
"281","BA","Badajoz"," 06156","Villar de Rena"
"281","BA","Badajoz"," 06157","Villarta de los Montes"
"281","BA","Badajoz"," 06158","Zafra"
"281","BA","Badajoz"," 06159","Zahínos"
"281","BA","Badajoz"," 06160","Zalamea de la Serena"
"281","BA","Badajoz"," 06161","Zarza-Capilla"
"281","BA","Badajoz"," 06162","Zarza (La)"
"281","BA","Badajoz"," 06901","Valdelacalzada"
"281","BA","Badajoz"," 06902","Pueblonuevo del Guadiana"
"281","BA","Badajoz"," 06903","Guadiana"
"21","IB","Baleares"," 07001","Alaró"
"21","IB","Baleares"," 07002","Alaior"
"21","IB","Baleares"," 07003","Alcúdia"
"21","IB","Baleares"," 07004","Algaida"
"21","IB","Baleares"," 07005","Andratx"
"21","IB","Baleares"," 07006","Artà"
"21","IB","Baleares"," 07007","Banyalbufar"
"21","IB","Baleares"," 07008","Binissalem"
"21","IB","Baleares"," 07009","Búger"
"21","IB","Baleares"," 07010","Bunyola"
"21","IB","Baleares"," 07011","Calvià"
"21","IB","Baleares"," 07012","Campanet"
"21","IB","Baleares"," 07013","Campos"
"21","IB","Baleares"," 07014","Capdepera"
"21","IB","Baleares"," 07015","Ciutadella de Menorca"
"21","IB","Baleares"," 07016","Consell"
"21","IB","Baleares"," 07017","Costitx"
"21","IB","Baleares"," 07018","Deiá"
"21","IB","Baleares"," 07019","Escorca"
"21","IB","Baleares"," 07020","Esporles"
"21","IB","Baleares"," 07021","Estellencs"
"21","IB","Baleares"," 07022","Felanitx"
"21","IB","Baleares"," 07023","Ferreries"
"21","IB","Baleares"," 07024","Formentera"
"21","IB","Baleares"," 07025","Fornalutx"
"21","IB","Baleares"," 07026","Eivissa"
"21","IB","Baleares"," 07027","Inca"
"21","IB","Baleares"," 07028","Lloret de Vistalegre"
"21","IB","Baleares"," 07029","Lloseta"
"21","IB","Baleares"," 07030","Llubí"
"21","IB","Baleares"," 07031","Llucmajor"
"21","IB","Baleares"," 07032","Maó"
"21","IB","Baleares"," 07033","Manacor"
"21","IB","Baleares"," 07034","Mancor de la Vall"
"21","IB","Baleares"," 07035","Maria de la Salut"
"21","IB","Baleares"," 07036","Marratxí"
"21","IB","Baleares"," 07037","Mercadal (Es)"
"21","IB","Baleares"," 07038","Montuïri"
"21","IB","Baleares"," 07039","Muro"
"21","IB","Baleares"," 07040","Palma"
"21","IB","Baleares"," 07041","Petra"
"21","IB","Baleares"," 07042","Pollença"
"21","IB","Baleares"," 07043","Porreres"
"21","IB","Baleares"," 07044","Pobla (Sa)"
"21","IB","Baleares"," 07045","Puigpunyent"
"21","IB","Baleares"," 07046","Sant Antoni de Portmany"
"21","IB","Baleares"," 07047","Sencelles"
"21","IB","Baleares"," 07048","Sant Josep de sa Talaia"
"21","IB","Baleares"," 07049","Sant Joan"
"21","IB","Baleares"," 07050","Sant Joan de Labritja"
"21","IB","Baleares"," 07051","Sant Llorenç des Cardassar"
"21","IB","Baleares"," 07052","Sant Lluís"
"21","IB","Baleares"," 07053","Santa Eugènia"
"21","IB","Baleares"," 07054","Santa Eulària des Riu"
"21","IB","Baleares"," 07055","Santa Margalida"
"21","IB","Baleares"," 07056","Santa María del Camí"
"21","IB","Baleares"," 07057","Santanyí"
"21","IB","Baleares"," 07058","Selva"
"21","IB","Baleares"," 07059","Salines (Ses)"
"21","IB","Baleares"," 07060","Sineu"
"21","IB","Baleares"," 07061","Sóller"
"21","IB","Baleares"," 07062","Son Servera"
"21","IB","Baleares"," 07063","Valldemossa"
"21","IB","Baleares"," 07064","Castell (Es)"
"21","IB","Baleares"," 07065","Vilafranca de Bonany"
"21","IB","Baleares"," 07901","Ariany"
"21","IB","Baleares"," 07902","Migjorn Gran (Es)"
"281","B","Barcelona"," 08001","Abrera"
"281","B","Barcelona"," 08002","Aguilar de Segarra"
"281","B","Barcelona"," 08003","Alella"
"281","B","Barcelona"," 08004","Alpens"
"281","B","Barcelona"," 08005","Ametlla del Vallès (L')"
"281","B","Barcelona"," 08006","Arenys de Mar"
"281","B","Barcelona"," 08007","Arenys de Munt"
"281","B","Barcelona"," 08008","Argençola"
"281","B","Barcelona"," 08009","Argentona"
"281","B","Barcelona"," 08010","Artés"
"281","B","Barcelona"," 08011","Avià"
"281","B","Barcelona"," 08012","Avinyó"
"281","B","Barcelona"," 08013","Avinyonet del Penedès"
"281","B","Barcelona"," 08014","Aiguafreda"
"281","B","Barcelona"," 08015","Badalona"
"281","B","Barcelona"," 08016","Bagà"
"281","B","Barcelona"," 08017","Balenyà"
"281","B","Barcelona"," 08018","Balsareny"
"281","B","Barcelona"," 08019","Barcelona"
"281","B","Barcelona"," 08020","Begues"
"281","B","Barcelona"," 08021","Bellprat"
"281","B","Barcelona"," 08022","Berga"
"281","B","Barcelona"," 08023","Bigues i Riells del Fai"
"281","B","Barcelona"," 08024","Borredà"
"281","B","Barcelona"," 08025","Bruc (El)"
"281","B","Barcelona"," 08026","Brull (El)"
"281","B","Barcelona"," 08027","Cabanyes (Les)"
"281","B","Barcelona"," 08028","Cabrera d'Anoia"
"281","B","Barcelona"," 08029","Cabrera de Mar"
"281","B","Barcelona"," 08030","Cabrils"
"281","B","Barcelona"," 08031","Calaf"
"281","B","Barcelona"," 08032","Caldes d'Estrac"
"281","B","Barcelona"," 08033","Caldes de Montbui"
"281","B","Barcelona"," 08034","Calders"
"281","B","Barcelona"," 08035","Calella"
"281","B","Barcelona"," 08036","Calonge de Segarra"
"281","B","Barcelona"," 08037","Calldetenes"
"281","B","Barcelona"," 08038","Callús"
"281","B","Barcelona"," 08039","Campins"
"281","B","Barcelona"," 08040","Canet de Mar"
"281","B","Barcelona"," 08041","Canovelles"
"281","B","Barcelona"," 08042","Cànoves i Samalús"
"281","B","Barcelona"," 08043","Canyelles"
"281","B","Barcelona"," 08044","Capellades"
"281","B","Barcelona"," 08045","Capolat"
"281","B","Barcelona"," 08046","Cardedeu"
"281","B","Barcelona"," 08047","Cardona"
"281","B","Barcelona"," 08048","Carme"
"281","B","Barcelona"," 08049","Casserres"
"281","B","Barcelona"," 08050","Castellar del Riu"
"281","B","Barcelona"," 08051","Castellar del Vallès"
"281","B","Barcelona"," 08052","Castellar de n'Hug"
"281","B","Barcelona"," 08053","Castellbell i el Vilar"
"281","B","Barcelona"," 08054","Castellbisbal"
"281","B","Barcelona"," 08055","Castellcir"
"281","B","Barcelona"," 08056","Castelldefels"
"281","B","Barcelona"," 08057","Castell de l'Areny"
"281","B","Barcelona"," 08058","Castellet i la Gornal"
"281","B","Barcelona"," 08059","Castellfollit del Boix"
"281","B","Barcelona"," 08060","Castellfollit de Riubregós"
"281","B","Barcelona"," 08061","Castellgalí"
"281","B","Barcelona"," 08062","Castellnou de Bages"
"281","B","Barcelona"," 08063","Castellolí"
"281","B","Barcelona"," 08064","Castellterçol"
"281","B","Barcelona"," 08065","Castellví de la Marca"
"281","B","Barcelona"," 08066","Castellví de Rosanes"
"281","B","Barcelona"," 08067","Centelles"
"281","B","Barcelona"," 08068","Cervelló"
"281","B","Barcelona"," 08069","Collbató"
"281","B","Barcelona"," 08070","Collsuspina"
"281","B","Barcelona"," 08071","Copons"
"281","B","Barcelona"," 08072","Corbera de Llobregat"
"281","B","Barcelona"," 08073","Cornellà de Llobregat"
"281","B","Barcelona"," 08074","Cubelles"
"281","B","Barcelona"," 08075","Dosrius"
"281","B","Barcelona"," 08076","Esparreguera"
"281","B","Barcelona"," 08077","Esplugues de Llobregat"
"281","B","Barcelona"," 08078","Espunyola (L')"
"281","B","Barcelona"," 08079","Estany (L')"
"281","B","Barcelona"," 08080","Fígols"
"281","B","Barcelona"," 08081","Fogars de Montclús"
"281","B","Barcelona"," 08082","Fogars de la Selva"
"281","B","Barcelona"," 08083","Folgueroles"
"281","B","Barcelona"," 08084","Fonollosa"
"281","B","Barcelona"," 08085","Font-rubí"
"281","B","Barcelona"," 08086","Franqueses del Vallès (Les)"
"281","B","Barcelona"," 08087","Gallifa"
"281","B","Barcelona"," 08088","Garriga (La)"
"281","B","Barcelona"," 08089","Gavà"
"281","B","Barcelona"," 08090","Gaià"
"281","B","Barcelona"," 08091","Gelida"
"281","B","Barcelona"," 08092","Gironella"
"281","B","Barcelona"," 08093","Gisclareny"
"281","B","Barcelona"," 08094","Granada (La)"
"281","B","Barcelona"," 08095","Granera"
"281","B","Barcelona"," 08096","Granollers"
"281","B","Barcelona"," 08097","Gualba"
"281","B","Barcelona"," 08098","Sant Salvador de Guardiola"
"281","B","Barcelona"," 08099","Guardiola de Berguedà"
"281","B","Barcelona"," 08100","Gurb"
"281","B","Barcelona"," 08101","Hospitalet de Llobregat (L')"
"281","B","Barcelona"," 08102","Igualada"
"281","B","Barcelona"," 08103","Jorba"
"281","B","Barcelona"," 08104","Llacuna (La)"
"281","B","Barcelona"," 08105","Llagosta (La)"
"281","B","Barcelona"," 08106","Llinars del Vallès"
"281","B","Barcelona"," 08107","Lliçà d'Amunt"
"281","B","Barcelona"," 08108","Lliçà de Vall"
"281","B","Barcelona"," 08109","Lluçà"
"281","B","Barcelona"," 08110","Malgrat de Mar"
"281","B","Barcelona"," 08111","Malla"
"281","B","Barcelona"," 08112","Manlleu"
"281","B","Barcelona"," 08113","Manresa"
"281","B","Barcelona"," 08114","Martorell"
"281","B","Barcelona"," 08115","Martorelles"
"281","B","Barcelona"," 08116","Masies de Roda (Les)"
"281","B","Barcelona"," 08117","Masies de Voltregà (Les)"
"281","B","Barcelona"," 08118","Masnou (El)"
"281","B","Barcelona"," 08119","Masquefa"
"281","B","Barcelona"," 08120","Matadepera"
"281","B","Barcelona"," 08121","Mataró"
"281","B","Barcelona"," 08122","Mediona"
"281","B","Barcelona"," 08123","Molins de Rei"
"281","B","Barcelona"," 08124","Mollet del Vallès"
"281","B","Barcelona"," 08125","Montcada i Reixac"
"281","B","Barcelona"," 08126","Montgat"
"281","B","Barcelona"," 08127","Monistrol de Montserrat"
"281","B","Barcelona"," 08128","Monistrol de Calders"
"281","B","Barcelona"," 08129","Muntanyola"
"281","B","Barcelona"," 08130","Montclar"
"281","B","Barcelona"," 08131","Montesquiu"
"281","B","Barcelona"," 08132","Montmajor"
"281","B","Barcelona"," 08133","Montmaneu"
"281","B","Barcelona"," 08134","Figaró-Montmany"
"281","B","Barcelona"," 08135","Montmeló"
"281","B","Barcelona"," 08136","Montornès del Vallès"
"281","B","Barcelona"," 08137","Montseny"
"281","B","Barcelona"," 08138","Moià"
"281","B","Barcelona"," 08139","Mura"
"281","B","Barcelona"," 08140","Navarcles"
"281","B","Barcelona"," 08141","Navàs"
"281","B","Barcelona"," 08142","Nou de Berguedà (La)"
"281","B","Barcelona"," 08143","Òdena"
"281","B","Barcelona"," 08144","Olvan"
"281","B","Barcelona"," 08145","Olèrdola"
"281","B","Barcelona"," 08146","Olesa de Bonesvalls"
"281","B","Barcelona"," 08147","Olesa de Montserrat"
"281","B","Barcelona"," 08148","Olivella"
"281","B","Barcelona"," 08149","Olost"
"281","B","Barcelona"," 08150","Orís"
"281","B","Barcelona"," 08151","Oristà"
"281","B","Barcelona"," 08152","Orpí"
"281","B","Barcelona"," 08153","Òrrius"
"281","B","Barcelona"," 08154","Pacs del Penedès"
"281","B","Barcelona"," 08155","Palafolls"
"281","B","Barcelona"," 08156","Palau-solità i Plegamans"
"281","B","Barcelona"," 08157","Pallejà"
"281","B","Barcelona"," 08158","Papiol (El)"
"281","B","Barcelona"," 08159","Parets del Vallès"
"281","B","Barcelona"," 08160","Perafita"
"281","B","Barcelona"," 08161","Piera"
"281","B","Barcelona"," 08162","Hostalets de Pierola (Els)"
"281","B","Barcelona"," 08163","Pineda de Mar"
"281","B","Barcelona"," 08164","Pla del Penedès (El)"
"281","B","Barcelona"," 08165","Pobla de Claramunt (La)"
"281","B","Barcelona"," 08166","Pobla de Lillet (La)"
"281","B","Barcelona"," 08167","Polinyà"
"281","B","Barcelona"," 08168","Pontons"
"281","B","Barcelona"," 08169","Prat de Llobregat (El)"
"281","B","Barcelona"," 08170","Prats de Rei (Els)"
"281","B","Barcelona"," 08171","Prats de Lluçanès"
"281","B","Barcelona"," 08172","Premià de Mar"
"281","B","Barcelona"," 08174","Puigdàlber"
"281","B","Barcelona"," 08175","Puig-reig"
"281","B","Barcelona"," 08176","Pujalt"
"281","B","Barcelona"," 08177","Quar (La)"
"281","B","Barcelona"," 08178","Rajadell"
"281","B","Barcelona"," 08179","Rellinars"
"281","B","Barcelona"," 08180","Ripollet"
"281","B","Barcelona"," 08181","Roca del Vallès (La)"
"281","B","Barcelona"," 08182","Pont de Vilomara i Rocafort (El)"
"281","B","Barcelona"," 08183","Roda de Ter"
"281","B","Barcelona"," 08184","Rubí"
"281","B","Barcelona"," 08185","Rubió"
"281","B","Barcelona"," 08187","Sabadell"
"281","B","Barcelona"," 08188","Sagàs"
"281","B","Barcelona"," 08189","Sant Pere Sallavinera"
"281","B","Barcelona"," 08190","Saldes"
"281","B","Barcelona"," 08191","Sallent"
"281","B","Barcelona"," 08192","Santpedor"
"281","B","Barcelona"," 08193","Sant Iscle de Vallalta"
"281","B","Barcelona"," 08194","Sant Adrià de Besòs"
"281","B","Barcelona"," 08195","Sant Agustí de Lluçanès"
"281","B","Barcelona"," 08196","Sant Andreu de la Barca"
"281","B","Barcelona"," 08197","Sant Andreu de Llavaneres"
"281","B","Barcelona"," 08198","Sant Antoni de Vilamajor"
"281","B","Barcelona"," 08199","Sant Bartomeu del Grau"
"281","B","Barcelona"," 08200","Sant Boi de Llobregat"
"281","B","Barcelona"," 08201","Sant Boi de Lluçanès"
"281","B","Barcelona"," 08202","Sant Celoni"
"281","B","Barcelona"," 08203","Sant Cebrià de Vallalta"
"281","B","Barcelona"," 08204","Sant Climent de Llobregat"
"281","B","Barcelona"," 08205","Sant Cugat del Vallès"
"281","B","Barcelona"," 08206","Sant Cugat Sesgarrigues"
"281","B","Barcelona"," 08207","Sant Esteve de Palautordera"
"281","B","Barcelona"," 08208","Sant Esteve Sesrovires"
"281","B","Barcelona"," 08209","Sant Fost de Campsentelles"
"281","B","Barcelona"," 08210","Sant Feliu de Codines"
"281","B","Barcelona"," 08211","Sant Feliu de Llobregat"
"281","B","Barcelona"," 08212","Sant Feliu Sasserra"
"281","B","Barcelona"," 08213","Sant Fruitós de Bages"
"281","B","Barcelona"," 08214","Vilassar de Dalt"
"281","B","Barcelona"," 08215","Sant Hipòlit de Voltregà"
"281","B","Barcelona"," 08216","Sant Jaume de Frontanyà"
"281","B","Barcelona"," 08217","Sant Joan Despí"
"281","B","Barcelona"," 08218","Sant Joan de Vilatorrada"
"281","B","Barcelona"," 08219","Vilassar de Mar"
"281","B","Barcelona"," 08220","Sant Julià de Vilatorta"
"281","B","Barcelona"," 08221","Sant Just Desvern"
"281","B","Barcelona"," 08222","Sant Llorenç d'Hortons"
"281","B","Barcelona"," 08223","Sant Llorenç Savall"
"281","B","Barcelona"," 08224","Sant Martí de Centelles"
"281","B","Barcelona"," 08225","Sant Martí d'Albars"
"281","B","Barcelona"," 08226","Sant Martí de Tous"
"281","B","Barcelona"," 08227","Sant Martí Sarroca"
"281","B","Barcelona"," 08228","Sant Martí Sesgueioles"
"281","B","Barcelona"," 08229","Sant Mateu de Bages"
"281","B","Barcelona"," 08230","Premià de Dalt"
"281","B","Barcelona"," 08231","Sant Pere de Ribes"
"281","B","Barcelona"," 08232","Sant Pere de Riudebitlles"
"281","B","Barcelona"," 08233","Sant Pere de Torelló"
"281","B","Barcelona"," 08234","Sant Pere de Vilamajor"
"281","B","Barcelona"," 08235","Sant Pol de Mar"
"281","B","Barcelona"," 08236","Sant Quintí de Mediona"
"281","B","Barcelona"," 08237","Sant Quirze de Besora"
"281","B","Barcelona"," 08238","Sant Quirze del Vallès"
"281","B","Barcelona"," 08239","Sant Quirze Safaja"
"281","B","Barcelona"," 08240","Sant Sadurní d'Anoia"
"281","B","Barcelona"," 08241","Sant Sadurní d'Osormort"
"281","B","Barcelona"," 08242","Marganell"
"281","B","Barcelona"," 08243","Santa Cecília de Voltregà"
"281","B","Barcelona"," 08244","Santa Coloma de Cervelló"
"281","B","Barcelona"," 08245","Santa Coloma de Gramenet"
"281","B","Barcelona"," 08246","Santa Eugènia de Berga"
"281","B","Barcelona"," 08247","Santa Eulàlia de Riuprimer"
"281","B","Barcelona"," 08248","Santa Eulàlia de Ronçana"
"281","B","Barcelona"," 08249","Santa Fe del Penedès"
"281","B","Barcelona"," 08250","Santa Margarida de Montbui"
"281","B","Barcelona"," 08251","Santa Margarida i els Monjos"
"281","B","Barcelona"," 08252","Barberà del Vallès"
"281","B","Barcelona"," 08253","Santa Maria de Besora"
"281","B","Barcelona"," 08254","Esquirol, L'"
"281","B","Barcelona"," 08255","Santa Maria de Merlès"
"281","B","Barcelona"," 08256","Santa Maria de Martorelles"
"281","B","Barcelona"," 08257","Santa Maria de Miralles"
"281","B","Barcelona"," 08258","Santa Maria d'Oló"
"281","B","Barcelona"," 08259","Santa Maria de Palautordera"
"281","B","Barcelona"," 08260","Santa Perpètua de Mogoda"
"281","B","Barcelona"," 08261","Santa Susanna"
"281","B","Barcelona"," 08262","Sant Vicenç de Castellet"
"281","B","Barcelona"," 08263","Sant Vicenç dels Horts"
"281","B","Barcelona"," 08264","Sant Vicenç de Montalt"
"281","B","Barcelona"," 08265","Sant Vicenç de Torelló"
"281","B","Barcelona"," 08266","Cerdanyola del Vallès"
"281","B","Barcelona"," 08267","Sentmenat"
"281","B","Barcelona"," 08268","Cercs"
"281","B","Barcelona"," 08269","Seva"
"281","B","Barcelona"," 08270","Sitges"
"281","B","Barcelona"," 08271","Sobremunt"
"281","B","Barcelona"," 08272","Sora"
"281","B","Barcelona"," 08273","Subirats"
"281","B","Barcelona"," 08274","Súria"
"281","B","Barcelona"," 08275","Tavèrnoles"
"281","B","Barcelona"," 08276","Tagamanent"
"281","B","Barcelona"," 08277","Talamanca"
"281","B","Barcelona"," 08278","Taradell"
"281","B","Barcelona"," 08279","Terrassa"
"281","B","Barcelona"," 08280","Tavertet"
"281","B","Barcelona"," 08281","Teià"
"281","B","Barcelona"," 08282","Tiana"
"281","B","Barcelona"," 08283","Tona"
"281","B","Barcelona"," 08284","Tordera"
"281","B","Barcelona"," 08285","Torelló"
"281","B","Barcelona"," 08286","Torre de Claramunt (La)"
"281","B","Barcelona"," 08287","Torrelavit"
"281","B","Barcelona"," 08288","Torrelles de Foix"
"281","B","Barcelona"," 08289","Torrelles de Llobregat"
"281","B","Barcelona"," 08290","Ullastrell"
"281","B","Barcelona"," 08291","Vacarisses"
"281","B","Barcelona"," 08292","Vallbona d'Anoia"
"281","B","Barcelona"," 08293","Vallcebre"
"281","B","Barcelona"," 08294","Vallgorguina"
"281","B","Barcelona"," 08295","Vallirana"
"281","B","Barcelona"," 08296","Vallromanes"
"281","B","Barcelona"," 08297","Veciana"
"281","B","Barcelona"," 08298","Vic"
"281","B","Barcelona"," 08299","Vilada"
"281","B","Barcelona"," 08300","Viladecavalls"
"281","B","Barcelona"," 08301","Viladecans"
"281","B","Barcelona"," 08302","Vilanova del Camí"
"281","B","Barcelona"," 08303","Vilanova de Sau"
"281","B","Barcelona"," 08304","Vilobí del Penedès"
"281","B","Barcelona"," 08305","Vilafranca del Penedès"
"281","B","Barcelona"," 08306","Vilalba Sasserra"
"281","B","Barcelona"," 08307","Vilanova i la Geltrú"
"281","B","Barcelona"," 08308","Viver i Serrateix"
"281","B","Barcelona"," 08901","Rupit i Pruit"
"281","B","Barcelona"," 08902","Vilanova del Vallès"
"281","B","Barcelona"," 08903","Sant Julià de Cerdanyola"
"281","B","Barcelona"," 08904","Badia del Vallès"
"281","B","Barcelona"," 08905","Palma de Cervelló (La)"
"281","BU","Burgos"," 09001","Abajas"
"281","BU","Burgos"," 09003","Adrada de Haza"
"281","BU","Burgos"," 09006","Aguas Cándidas"
"281","BU","Burgos"," 09007","Aguilar de Bureba"
"281","BU","Burgos"," 09009","Albillos"
"281","BU","Burgos"," 09010","Alcocero de Mola"
"281","BU","Burgos"," 09011","Alfoz de Bricia"
"281","BU","Burgos"," 09012","Alfoz de Santa Gadea"
"281","BU","Burgos"," 09013","Altable"
"281","BU","Burgos"," 09014","Altos (Los)"
"281","BU","Burgos"," 09016","Ameyugo"
"281","BU","Burgos"," 09017","Anguix"
"281","BU","Burgos"," 09018","Aranda de Duero"
"281","BU","Burgos"," 09019","Arandilla"
"281","BU","Burgos"," 09020","Arauzo de Miel"
"281","BU","Burgos"," 09021","Arauzo de Salce"
"281","BU","Burgos"," 09022","Arauzo de Torre"
"281","BU","Burgos"," 09023","Arcos"
"281","BU","Burgos"," 09024","Arenillas de Riopisuerga"
"281","BU","Burgos"," 09025","Arija"
"281","BU","Burgos"," 09026","Arlanzón"
"281","BU","Burgos"," 09027","Arraya de Oca"
"281","BU","Burgos"," 09029","Atapuerca"
"281","BU","Burgos"," 09030","Ausines (Los)"
"281","BU","Burgos"," 09032","Avellanosa de Muñó"
"281","BU","Burgos"," 09033","Bahabón de Esgueva"
"281","BU","Burgos"," 09034","Balbases (Los)"
"281","BU","Burgos"," 09035","Baños de Valdearados"
"281","BU","Burgos"," 09036","Bañuelos de Bureba"
"281","BU","Burgos"," 09037","Barbadillo de Herreros"
"281","BU","Burgos"," 09038","Barbadillo del Mercado"
"281","BU","Burgos"," 09039","Barbadillo del Pez"
"281","BU","Burgos"," 09041","Barrio de Muñó"
"281","BU","Burgos"," 09043","Barrios de Bureba (Los)"
"281","BU","Burgos"," 09044","Barrios de Colina"
"281","BU","Burgos"," 09045","Basconcillos del Tozo"
"281","BU","Burgos"," 09046","Bascuñana"
"281","BU","Burgos"," 09047","Belbimbre"
"281","BU","Burgos"," 09048","Belorado"
"281","BU","Burgos"," 09050","Berberana"
"281","BU","Burgos"," 09051","Berlangas de Roa"
"281","BU","Burgos"," 09052","Berzosa de Bureba"
"281","BU","Burgos"," 09054","Bozoó"
"281","BU","Burgos"," 09055","Brazacorta"
"281","BU","Burgos"," 09056","Briviesca"
"281","BU","Burgos"," 09057","Bugedo"
"281","BU","Burgos"," 09058","Buniel"
"281","BU","Burgos"," 09059","Burgos"
"281","BU","Burgos"," 09060","Busto de Bureba"
"281","BU","Burgos"," 09061","Cabañes de Esgueva"
"281","BU","Burgos"," 09062","Cabezón de la Sierra"
"281","BU","Burgos"," 09063","Cavia"
"281","BU","Burgos"," 09064","Caleruega"
"281","BU","Burgos"," 09065","Campillo de Aranda"
"281","BU","Burgos"," 09066","Campolara"
"281","BU","Burgos"," 09067","Canicosa de la Sierra"
"281","BU","Burgos"," 09068","Cantabrana"
"281","BU","Burgos"," 09070","Carazo"
"281","BU","Burgos"," 09071","Carcedo de Bureba"
"281","BU","Burgos"," 09072","Carcedo de Burgos"
"281","BU","Burgos"," 09073","Cardeñadijo"
"281","BU","Burgos"," 09074","Cardeñajimeno"
"281","BU","Burgos"," 09075","Cardeñuela Riopico"
"281","BU","Burgos"," 09076","Carrias"
"281","BU","Burgos"," 09077","Cascajares de Bureba"
"281","BU","Burgos"," 09078","Cascajares de la Sierra"
"281","BU","Burgos"," 09079","Castellanos de Castro"
"281","BU","Burgos"," 09082","Castildelgado"
"281","BU","Burgos"," 09083","Castil de Peones"
"281","BU","Burgos"," 09084","Castrillo de la Reina"
"281","BU","Burgos"," 09085","Castrillo de la Vega"
"281","BU","Burgos"," 09086","Castrillo del Val"
"281","BU","Burgos"," 09088","Castrillo de Riopisuerga"
"281","BU","Burgos"," 09090","Castrillo Mota de Judíos"
"281","BU","Burgos"," 09091","Castrojeriz"
"281","BU","Burgos"," 09093","Cayuela"
"281","BU","Burgos"," 09094","Cebrecos"
"281","BU","Burgos"," 09095","Celada del Camino"
"281","BU","Burgos"," 09098","Cerezo de Río Tirón"
"281","BU","Burgos"," 09100","Cerratón de Juarros"
"281","BU","Burgos"," 09101","Ciadoncha"
"281","BU","Burgos"," 09102","Cillaperlata"
"281","BU","Burgos"," 09103","Cilleruelo de Abajo"
"281","BU","Burgos"," 09104","Cilleruelo de Arriba"
"281","BU","Burgos"," 09105","Ciruelos de Cervera"
"281","BU","Burgos"," 09108","Cogollos"
"281","BU","Burgos"," 09109","Condado de Treviño"
"281","BU","Burgos"," 09110","Contreras"
"281","BU","Burgos"," 09112","Coruña del Conde"
"281","BU","Burgos"," 09113","Covarrubias"
"281","BU","Burgos"," 09114","Cubillo del Campo"
"281","BU","Burgos"," 09115","Cubo de Bureba"
"281","BU","Burgos"," 09117","Cueva de Roa (La)"
"281","BU","Burgos"," 09119","Cuevas de San Clemente"
"281","BU","Burgos"," 09120","Encío"
"281","BU","Burgos"," 09122","Espinosa de Cervera"
"281","BU","Burgos"," 09123","Espinosa del Camino"
"281","BU","Burgos"," 09124","Espinosa de los Monteros"
"281","BU","Burgos"," 09125","Estépar"
"281","BU","Burgos"," 09127","Fontioso"
"281","BU","Burgos"," 09128","Frandovínez"
"281","BU","Burgos"," 09129","Fresneda de la Sierra Tirón"
"281","BU","Burgos"," 09130","Fresneña"
"281","BU","Burgos"," 09131","Fresnillo de las Dueñas"
"281","BU","Burgos"," 09132","Fresno de Río Tirón"
"281","BU","Burgos"," 09133","Fresno de Rodilla"
"281","BU","Burgos"," 09134","Frías"
"281","BU","Burgos"," 09135","Fuentebureba"
"281","BU","Burgos"," 09136","Fuentecén"
"281","BU","Burgos"," 09137","Fuentelcésped"
"281","BU","Burgos"," 09138","Fuentelisendo"
"281","BU","Burgos"," 09139","Fuentemolinos"
"281","BU","Burgos"," 09140","Fuentenebro"
"281","BU","Burgos"," 09141","Fuentespina"
"281","BU","Burgos"," 09143","Galbarros"
"281","BU","Burgos"," 09144","Gallega (La)"
"281","BU","Burgos"," 09148","Grijalba"
"281","BU","Burgos"," 09149","Grisaleña"
"281","BU","Burgos"," 09151","Gumiel de Izán"
"281","BU","Burgos"," 09152","Gumiel de Mercado"
"281","BU","Burgos"," 09154","Hacinas"
"281","BU","Burgos"," 09155","Haza"
"281","BU","Burgos"," 09159","Hontanas"
"281","BU","Burgos"," 09160","Hontangas"
"281","BU","Burgos"," 09162","Hontoria de la Cantera"
"281","BU","Burgos"," 09163","Hontoria del Pinar"
"281","BU","Burgos"," 09164","Hontoria de Valdearados"
"281","BU","Burgos"," 09166","Hormazas (Las)"
"281","BU","Burgos"," 09167","Hornillos del Camino"
"281","BU","Burgos"," 09168","Horra (La)"
"281","BU","Burgos"," 09169","Hortigüela"
"281","BU","Burgos"," 09170","Hoyales de Roa"
"281","BU","Burgos"," 09172","Huérmeces"
"281","BU","Burgos"," 09173","Huerta de Arriba"
"281","BU","Burgos"," 09174","Huerta de Rey"
"281","BU","Burgos"," 09175","Humada"
"281","BU","Burgos"," 09176","Hurones"
"281","BU","Burgos"," 09177","Ibeas de Juarros"
"281","BU","Burgos"," 09178","Ibrillos"
"281","BU","Burgos"," 09179","Iglesiarrubia"
"281","BU","Burgos"," 09180","Iglesias"
"281","BU","Burgos"," 09181","Isar"
"281","BU","Burgos"," 09182","Itero del Castillo"
"281","BU","Burgos"," 09183","Jaramillo de la Fuente"
"281","BU","Burgos"," 09184","Jaramillo Quemado"
"281","BU","Burgos"," 09189","Junta de Traslaloma"
"281","BU","Burgos"," 09190","Junta de Villalba de Losa"
"281","BU","Burgos"," 09191","Jurisdicción de Lara"
"281","BU","Burgos"," 09192","Jurisdicción de San Zadornil"
"281","BU","Burgos"," 09194","Lerma"
"281","BU","Burgos"," 09195","Llano de Bureba"
"281","BU","Burgos"," 09196","Madrigal del Monte"
"281","BU","Burgos"," 09197","Madrigalejo del Monte"
"281","BU","Burgos"," 09198","Mahamud"
"281","BU","Burgos"," 09199","Mambrilla de Castrejón"
"281","BU","Burgos"," 09200","Mambrillas de Lara"
"281","BU","Burgos"," 09201","Mamolar"
"281","BU","Burgos"," 09202","Manciles"
"281","BU","Burgos"," 09206","Mazuela"
"281","BU","Burgos"," 09208","Mecerreyes"
"281","BU","Burgos"," 09209","Medina de Pomar"
"281","BU","Burgos"," 09211","Melgar de Fernamental"
"281","BU","Burgos"," 09213","Merindad de Cuesta-Urria"
"281","BU","Burgos"," 09214","Merindad de Montija"
"281","BU","Burgos"," 09215","Merindad de Sotoscueva"
"281","BU","Burgos"," 09216","Merindad de Valdeporres"
"281","BU","Burgos"," 09217","Merindad de Valdivielso"
"281","BU","Burgos"," 09218","Milagros"
"281","BU","Burgos"," 09219","Miranda de Ebro"
"281","BU","Burgos"," 09220","Miraveche"
"281","BU","Burgos"," 09221","Modúbar de la Emparedada"
"281","BU","Burgos"," 09223","Monasterio de la Sierra"
"281","BU","Burgos"," 09224","Monasterio de Rodilla"
"281","BU","Burgos"," 09225","Moncalvillo"
"281","BU","Burgos"," 09226","Monterrubio de la Demanda"
"281","BU","Burgos"," 09227","Montorio"
"281","BU","Burgos"," 09228","Moradillo de Roa"
"281","BU","Burgos"," 09229","Nava de Roa"
"281","BU","Burgos"," 09230","Navas de Bureba"
"281","BU","Burgos"," 09231","Nebreda"
"281","BU","Burgos"," 09232","Neila"
"281","BU","Burgos"," 09235","Olmedillo de Roa"
"281","BU","Burgos"," 09236","Olmillos de Muñó"
"281","BU","Burgos"," 09238","Oña"
"281","BU","Burgos"," 09239","Oquillas"
"281","BU","Burgos"," 09241","Orbaneja Riopico"
"281","BU","Burgos"," 09242","Padilla de Abajo"
"281","BU","Burgos"," 09243","Padilla de Arriba"
"281","BU","Burgos"," 09244","Padrones de Bureba"
"281","BU","Burgos"," 09246","Palacios de la Sierra"
"281","BU","Burgos"," 09247","Palacios de Riopisuerga"
"281","BU","Burgos"," 09248","Palazuelos de la Sierra"
"281","BU","Burgos"," 09249","Palazuelos de Muñó"
"281","BU","Burgos"," 09250","Pampliega"
"281","BU","Burgos"," 09251","Pancorbo"
"281","BU","Burgos"," 09253","Pardilla"
"281","BU","Burgos"," 09255","Partido de la Sierra en Tobalina"
"281","BU","Burgos"," 09256","Pedrosa de Duero"
"281","BU","Burgos"," 09257","Pedrosa del Páramo"
"281","BU","Burgos"," 09258","Pedrosa del Príncipe"
"281","BU","Burgos"," 09259","Pedrosa de Río Úrbel"
"281","BU","Burgos"," 09261","Peñaranda de Duero"
"281","BU","Burgos"," 09262","Peral de Arlanza"
"281","BU","Burgos"," 09265","Piérnigas"
"281","BU","Burgos"," 09266","Pineda de la Sierra"
"281","BU","Burgos"," 09267","Pineda Trasmonte"
"281","BU","Burgos"," 09268","Pinilla de los Barruecos"
"281","BU","Burgos"," 09269","Pinilla de los Moros"
"281","BU","Burgos"," 09270","Pinilla Trasmonte"
"281","BU","Burgos"," 09272","Poza de la Sal"
"281","BU","Burgos"," 09273","Prádanos de Bureba"
"281","BU","Burgos"," 09274","Pradoluengo"
"281","BU","Burgos"," 09275","Presencio"
"281","BU","Burgos"," 09276","Puebla de Arganzón (La)"
"281","BU","Burgos"," 09277","Puentedura"
"281","BU","Burgos"," 09279","Quemada"
"281","BU","Burgos"," 09280","Quintanabureba"
"281","BU","Burgos"," 09281","Quintana del Pidio"
"281","BU","Burgos"," 09283","Quintanaélez"
"281","BU","Burgos"," 09287","Quintanaortuño"
"281","BU","Burgos"," 09288","Quintanapalla"
"281","BU","Burgos"," 09289","Quintanar de la Sierra"
"281","BU","Burgos"," 09292","Quintanavides"
"281","BU","Burgos"," 09294","Quintanilla de la Mata"
"281","BU","Burgos"," 09295","Quintanilla del Coco"
"281","BU","Burgos"," 09297","Quintanillas (Las)"
"281","BU","Burgos"," 09298","Quintanilla San García"
"281","BU","Burgos"," 09301","Quintanilla Vivar"
"281","BU","Burgos"," 09302","Rabanera del Pinar"
"281","BU","Burgos"," 09303","Rábanos"
"281","BU","Burgos"," 09304","Rabé de las Calzadas"
"281","BU","Burgos"," 09306","Rebolledo de la Torre"
"281","BU","Burgos"," 09307","Redecilla del Camino"
"281","BU","Burgos"," 09308","Redecilla del Campo"
"281","BU","Burgos"," 09309","Regumiel de la Sierra"
"281","BU","Burgos"," 09310","Reinoso"
"281","BU","Burgos"," 09311","Retuerta"
"281","BU","Burgos"," 09312","Revilla y Ahedo (La)"
"281","BU","Burgos"," 09314","Revilla del Campo"
"281","BU","Burgos"," 09315","Revillarruz"
"281","BU","Burgos"," 09316","Revilla Vallejera"
"281","BU","Burgos"," 09317","Rezmondo"
"281","BU","Burgos"," 09318","Riocavado de la Sierra"
"281","BU","Burgos"," 09321","Roa"
"281","BU","Burgos"," 09323","Rojas"
"281","BU","Burgos"," 09325","Royuela de Río Franco"
"281","BU","Burgos"," 09326","Rubena"
"281","BU","Burgos"," 09327","Rublacedo de Abajo"
"281","BU","Burgos"," 09328","Rucandio"
"281","BU","Burgos"," 09329","Salas de Bureba"
"281","BU","Burgos"," 09330","Salas de los Infantes"
"281","BU","Burgos"," 09332","Saldaña de Burgos"
"281","BU","Burgos"," 09334","Salinillas de Bureba"
"281","BU","Burgos"," 09335","San Adrián de Juarros"
"281","BU","Burgos"," 09337","San Juan del Monte"
"281","BU","Burgos"," 09338","San Mamés de Burgos"
"281","BU","Burgos"," 09339","San Martín de Rubiales"
"281","BU","Burgos"," 09340","San Millán de Lara"
"281","BU","Burgos"," 09343","Santa Cecilia"
"281","BU","Burgos"," 09345","Santa Cruz de la Salceda"
"281","BU","Burgos"," 09346","Santa Cruz del Valle Urbión"
"281","BU","Burgos"," 09347","Santa Gadea del Cid"
"281","BU","Burgos"," 09348","Santa Inés"
"281","BU","Burgos"," 09350","Santa María del Campo"
"281","BU","Burgos"," 09351","Santa María del Invierno"
"281","BU","Burgos"," 09352","Santa María del Mercadillo"
"281","BU","Burgos"," 09353","Santa María Ribarredonda"
"281","BU","Burgos"," 09354","Santa Olalla de Bureba"
"281","BU","Burgos"," 09355","Santibáñez de Esgueva"
"281","BU","Burgos"," 09356","Santibáñez del Val"
"281","BU","Burgos"," 09358","Santo Domingo de Silos"
"281","BU","Burgos"," 09360","San Vicente del Valle"
"281","BU","Burgos"," 09361","Sargentes de la Lora"
"281","BU","Burgos"," 09362","Sarracín"
"281","BU","Burgos"," 09363","Sasamón"
"281","BU","Burgos"," 09365","Sequera de Haza (La)"
"281","BU","Burgos"," 09366","Solarana"
"281","BU","Burgos"," 09368","Sordillos"
"281","BU","Burgos"," 09369","Sotillo de la Ribera"
"281","BU","Burgos"," 09372","Sotragero"
"281","BU","Burgos"," 09373","Sotresgudo"
"281","BU","Burgos"," 09374","Susinos del Páramo"
"281","BU","Burgos"," 09375","Tamarón"
"281","BU","Burgos"," 09377","Tardajos"
"281","BU","Burgos"," 09378","Tejada"
"281","BU","Burgos"," 09380","Terradillos de Esgueva"
"281","BU","Burgos"," 09381","Tinieblas de la Sierra"
"281","BU","Burgos"," 09382","Tobar"
"281","BU","Burgos"," 09384","Tordómar"
"281","BU","Burgos"," 09386","Torrecilla del Monte"
"281","BU","Burgos"," 09387","Torregalindo"
"281","BU","Burgos"," 09388","Torrelara"
"281","BU","Burgos"," 09389","Torrepadre"
"281","BU","Burgos"," 09390","Torresandino"
"281","BU","Burgos"," 09391","Tórtoles de Esgueva"
"281","BU","Burgos"," 09392","Tosantos"
"281","BU","Burgos"," 09394","Trespaderne"
"281","BU","Burgos"," 09395","Tubilla del Agua"
"281","BU","Burgos"," 09396","Tubilla del Lago"
"281","BU","Burgos"," 09398","Úrbel del Castillo"
"281","BU","Burgos"," 09400","Vadocondes"
"281","BU","Burgos"," 09403","Valdeande"
"281","BU","Burgos"," 09405","Valdezate"
"281","BU","Burgos"," 09406","Valdorros"
"281","BU","Burgos"," 09407","Valmala"
"281","BU","Burgos"," 09408","Vallarta de Bureba"
"281","BU","Burgos"," 09409","Valle de Manzanedo"
"281","BU","Burgos"," 09410","Valle de Mena"
"281","BU","Burgos"," 09411","Valle de Oca"
"281","BU","Burgos"," 09412","Valle de Tobalina"
"281","BU","Burgos"," 09413","Valle de Valdebezana"
"281","BU","Burgos"," 09414","Valle de Valdelaguna"
"281","BU","Burgos"," 09415","Valle de Valdelucio"
"281","BU","Burgos"," 09416","Valle de Zamanzas"
"281","BU","Burgos"," 09417","Vallejera"
"281","BU","Burgos"," 09418","Valles de Palenzuela"
"281","BU","Burgos"," 09419","Valluércanes"
"281","BU","Burgos"," 09421","Vid y Barrios (La)"
"281","BU","Burgos"," 09422","Vid de Bureba (La)"
"281","BU","Burgos"," 09423","Vileña"
"281","BU","Burgos"," 09424","Viloria de Rioja"
"281","BU","Burgos"," 09425","Vilviestre del Pinar"
"281","BU","Burgos"," 09427","Villadiego"
"281","BU","Burgos"," 09428","Villaescusa de Roa"
"281","BU","Burgos"," 09429","Villaescusa la Sombría"
"281","BU","Burgos"," 09430","Villaespasa"
"281","BU","Burgos"," 09431","Villafranca Montes de Oca"
"281","BU","Burgos"," 09432","Villafruela"
"281","BU","Burgos"," 09433","Villagalijo"
"281","BU","Burgos"," 09434","Villagonzalo Pedernales"
"281","BU","Burgos"," 09437","Villahoz"
"281","BU","Burgos"," 09438","Villalba de Duero"
"281","BU","Burgos"," 09439","Villalbilla de Burgos"
"281","BU","Burgos"," 09440","Villalbilla de Gumiel"
"281","BU","Burgos"," 09441","Villaldemiro"
"281","BU","Burgos"," 09442","Villalmanzo"
"281","BU","Burgos"," 09443","Villamayor de los Montes"
"281","BU","Burgos"," 09444","Villamayor de Treviño"
"281","BU","Burgos"," 09445","Villambistia"
"281","BU","Burgos"," 09446","Villamedianilla"
"281","BU","Burgos"," 09447","Villamiel de la Sierra"
"281","BU","Burgos"," 09448","Villangómez"
"281","BU","Burgos"," 09449","Villanueva de Argaño"
"281","BU","Burgos"," 09450","Villanueva de Carazo"
"281","BU","Burgos"," 09451","Villanueva de Gumiel"
"281","BU","Burgos"," 09454","Villanueva de Teba"
"281","BU","Burgos"," 09455","Villaquirán de la Puebla"
"281","BU","Burgos"," 09456","Villaquirán de los Infantes"
"281","BU","Burgos"," 09458","Villariezo"
"281","BU","Burgos"," 09460","Villasandino"
"281","BU","Burgos"," 09463","Villasur de Herreros"
"281","BU","Burgos"," 09464","Villatuelda"
"281","BU","Burgos"," 09466","Villaverde del Monte"
"281","BU","Burgos"," 09467","Villaverde-Mogina"
"281","BU","Burgos"," 09471","Villayerno Morquillas"
"281","BU","Burgos"," 09472","Villazopeque"
"281","BU","Burgos"," 09473","Villegas"
"281","BU","Burgos"," 09476","Villoruebo"
"281","BU","Burgos"," 09478","Vizcaínos"
"281","BU","Burgos"," 09480","Zael"
"281","BU","Burgos"," 09482","Zarzosa de Río Pisuerga"
"281","BU","Burgos"," 09483","Zazuar"
"281","BU","Burgos"," 09485","Zuñeda"
"281","BU","Burgos"," 09901","Quintanilla del Agua y Tordueles"
"281","BU","Burgos"," 09902","Valle de Santibáñez"
"281","BU","Burgos"," 09903","Villarcayo de Merindad de Castilla la Vieja"
"281","BU","Burgos"," 09904","Valle de las Navas"
"281","BU","Burgos"," 09905","Valle de Sedano"
"281","BU","Burgos"," 09906","Merindad de Río Ubierna"
"281","BU","Burgos"," 09907","Alfoz de Quintanadueñas"
"281","BU","Burgos"," 09908","Valle de Losa"
"281","CC","Cáceres","10001","Abadía"
"281","CC","Cáceres","10002","Abertura"
"281","CC","Cáceres","10003","Acebo"
"281","CC","Cáceres","10004","Acehúche"
"281","CC","Cáceres","10005","Aceituna"
"281","CC","Cáceres","10006","Ahigal"
"281","CC","Cáceres","10007","Albalá"
"281","CC","Cáceres","10008","Alcántara"
"281","CC","Cáceres","10009","Alcollarín"
"281","CC","Cáceres","10010","Alcuéscar"
"281","CC","Cáceres","10011","Aldeacentenera"
"281","CC","Cáceres","10012","Aldea del Cano"
"281","CC","Cáceres","10013","Aldea del Obispo (La)"
"281","CC","Cáceres","10014","Aldeanueva de la Vera"
"281","CC","Cáceres","10015","Aldeanueva del Camino"
"281","CC","Cáceres","10016","Aldehuela de Jerte"
"281","CC","Cáceres","10017","Alía"
"281","CC","Cáceres","10018","Aliseda"
"281","CC","Cáceres","10019","Almaraz"
"281","CC","Cáceres","10020","Almoharín"
"281","CC","Cáceres","10021","Arroyo de la Luz"
"281","CC","Cáceres","10022","Arroyomolinos de la Vera"
"281","CC","Cáceres","10023","Arroyomolinos"
"281","CC","Cáceres","10024","Baños de Montemayor"
"281","CC","Cáceres","10025","Barrado"
"281","CC","Cáceres","10026","Belvís de Monroy"
"281","CC","Cáceres","10027","Benquerencia"
"281","CC","Cáceres","10028","Berrocalejo"
"281","CC","Cáceres","10029","Berzocana"
"281","CC","Cáceres","10030","Bohonal de Ibor"
"281","CC","Cáceres","10031","Botija"
"281","CC","Cáceres","10032","Brozas"
"281","CC","Cáceres","10033","Cabañas del Castillo"
"281","CC","Cáceres","10034","Cabezabellosa"
"281","CC","Cáceres","10035","Cabezuela del Valle"
"281","CC","Cáceres","10036","Cabrero"
"281","CC","Cáceres","10037","Cáceres"
"281","CC","Cáceres","10038","Cachorrilla"
"281","CC","Cáceres","10039","Cadalso"
"281","CC","Cáceres","10040","Calzadilla"
"281","CC","Cáceres","10041","Caminomorisco"
"281","CC","Cáceres","10042","Campillo de Deleitosa"
"281","CC","Cáceres","10043","Campo Lugar"
"281","CC","Cáceres","10044","Cañamero"
"281","CC","Cáceres","10045","Cañaveral"
"281","CC","Cáceres","10046","Carbajo"
"281","CC","Cáceres","10047","Carcaboso"
"281","CC","Cáceres","10048","Carrascalejo"
"281","CC","Cáceres","10049","Casar de Cáceres"
"281","CC","Cáceres","10050","Casar de Palomero"
"281","CC","Cáceres","10051","Casares de las Hurdes"
"281","CC","Cáceres","10052","Casas de Don Antonio"
"281","CC","Cáceres","10053","Casas de Don Gómez"
"281","CC","Cáceres","10054","Casas del Castañar"
"281","CC","Cáceres","10055","Casas del Monte"
"281","CC","Cáceres","10056","Casas de Millán"
"281","CC","Cáceres","10057","Casas de Miravete"
"281","CC","Cáceres","10058","Casatejada"
"281","CC","Cáceres","10059","Casillas de Coria"
"281","CC","Cáceres","10060","Castañar de Ibor"
"281","CC","Cáceres","10061","Ceclavín"
"281","CC","Cáceres","10062","Cedillo"
"281","CC","Cáceres","10063","Cerezo"
"281","CC","Cáceres","10064","Cilleros"
"281","CC","Cáceres","10065","Collado de la Vera"
"281","CC","Cáceres","10066","Conquista de la Sierra"
"281","CC","Cáceres","10067","Coria"
"281","CC","Cáceres","10068","Cuacos de Yuste"
"281","CC","Cáceres","10069","Cumbre (La)"
"281","CC","Cáceres","10070","Deleitosa"
"281","CC","Cáceres","10071","Descargamaría"
"281","CC","Cáceres","10072","Eljas"
"281","CC","Cáceres","10073","Escurial"
"281","CC","Cáceres","10075","Fresnedoso de Ibor"
"281","CC","Cáceres","10076","Galisteo"
"281","CC","Cáceres","10077","Garciaz"
"281","CC","Cáceres","10078","Garganta (La)"
"281","CC","Cáceres","10079","Garganta la Olla"
"281","CC","Cáceres","10080","Gargantilla"
"281","CC","Cáceres","10081","Gargüera"
"281","CC","Cáceres","10082","Garrovillas de Alconétar"
"281","CC","Cáceres","10083","Garvín"
"281","CC","Cáceres","10084","Gata"
"281","CC","Cáceres","10085","Gordo (El)"
"281","CC","Cáceres","10086","Granja (La)"
"281","CC","Cáceres","10087","Guadalupe"
"281","CC","Cáceres","10088","Guijo de Coria"
"281","CC","Cáceres","10089","Guijo de Galisteo"
"281","CC","Cáceres","10090","Guijo de Granadilla"
"281","CC","Cáceres","10091","Guijo de Santa Bárbara"
"281","CC","Cáceres","10092","Herguijuela"
"281","CC","Cáceres","10093","Hernán-Pérez"
"281","CC","Cáceres","10094","Herrera de Alcántara"
"281","CC","Cáceres","10095","Herreruela"
"281","CC","Cáceres","10096","Hervás"
"281","CC","Cáceres","10097","Higuera de Albalat"
"281","CC","Cáceres","10098","Hinojal"
"281","CC","Cáceres","10099","Holguera"
"281","CC","Cáceres","10100","Hoyos"
"281","CC","Cáceres","10101","Huélaga"
"281","CC","Cáceres","10102","Ibahernando"
"281","CC","Cáceres","10103","Jaraicejo"
"281","CC","Cáceres","10104","Jaraíz de la Vera"
"281","CC","Cáceres","10105","Jarandilla de la Vera"
"281","CC","Cáceres","10106","Jarilla"
"281","CC","Cáceres","10107","Jerte"
"281","CC","Cáceres","10108","Ladrillar"
"281","CC","Cáceres","10109","Logrosán"
"281","CC","Cáceres","10110","Losar de la Vera"
"281","CC","Cáceres","10111","Madrigal de la Vera"
"281","CC","Cáceres","10112","Madrigalejo"
"281","CC","Cáceres","10113","Madroñera"
"281","CC","Cáceres","10114","Majadas"
"281","CC","Cáceres","10115","Malpartida de Cáceres"
"281","CC","Cáceres","10116","Malpartida de Plasencia"
"281","CC","Cáceres","10117","Marchagaz"
"281","CC","Cáceres","10118","Mata de Alcántara"
"281","CC","Cáceres","10119","Membrío"
"281","CC","Cáceres","10120","Mesas de Ibor"
"281","CC","Cáceres","10121","Miajadas"
"281","CC","Cáceres","10122","Millanes"
"281","CC","Cáceres","10123","Mirabel"
"281","CC","Cáceres","10124","Mohedas de Granadilla"
"281","CC","Cáceres","10125","Monroy"
"281","CC","Cáceres","10126","Montánchez"
"281","CC","Cáceres","10127","Montehermoso"
"281","CC","Cáceres","10128","Moraleja"
"281","CC","Cáceres","10129","Morcillo"
"281","CC","Cáceres","10130","Navaconcejo"
"281","CC","Cáceres","10131","Navalmoral de la Mata"
"281","CC","Cáceres","10132","Navalvillar de Ibor"
"281","CC","Cáceres","10133","Navas del Madroño"
"281","CC","Cáceres","10134","Navezuelas"
"281","CC","Cáceres","10135","Nuñomoral"
"281","CC","Cáceres","10136","Oliva de Plasencia"
"281","CC","Cáceres","10137","Palomero"
"281","CC","Cáceres","10138","Pasarón de la Vera"
"281","CC","Cáceres","10139","Pedroso de Acim"
"281","CC","Cáceres","10140","Peraleda de la Mata"
"281","CC","Cáceres","10141","Peraleda de San Román"
"281","CC","Cáceres","10142","Perales del Puerto"
"281","CC","Cáceres","10143","Pescueza"
"281","CC","Cáceres","10144","Pesga (La)"
"281","CC","Cáceres","10145","Piedras Albas"
"281","CC","Cáceres","10146","Pinofranqueado"
"281","CC","Cáceres","10147","Piornal"
"281","CC","Cáceres","10148","Plasencia"
"281","CC","Cáceres","10149","Plasenzuela"
"281","CC","Cáceres","10150","Portaje"
"281","CC","Cáceres","10151","Portezuelo"
"281","CC","Cáceres","10152","Pozuelo de Zarzón"
"281","CC","Cáceres","10153","Puerto de Santa Cruz"
"281","CC","Cáceres","10154","Rebollar"
"281","CC","Cáceres","10155","Riolobos"
"281","CC","Cáceres","10156","Robledillo de Gata"
"281","CC","Cáceres","10157","Robledillo de la Vera"
"281","CC","Cáceres","10158","Robledillo de Trujillo"
"281","CC","Cáceres","10159","Robledollano"
"281","CC","Cáceres","10160","Romangordo"
"281","CC","Cáceres","10161","Ruanes"
"281","CC","Cáceres","10162","Salorino"
"281","CC","Cáceres","10163","Salvatierra de Santiago"
"281","CC","Cáceres","10164","San Martín de Trevejo"
"281","CC","Cáceres","10165","Santa Ana"
"281","CC","Cáceres","10166","Santa Cruz de la Sierra"
"281","CC","Cáceres","10167","Santa Cruz de Paniagua"
"281","CC","Cáceres","10168","Santa Marta de Magasca"
"281","CC","Cáceres","10169","Santiago de Alcántara"
"281","CC","Cáceres","10170","Santiago del Campo"
"281","CC","Cáceres","10171","Santibáñez el Alto"
"281","CC","Cáceres","10172","Santibáñez el Bajo"
"281","CC","Cáceres","10173","Saucedilla"
"281","CC","Cáceres","10174","Segura de Toro"
"281","CC","Cáceres","10175","Serradilla"
"281","CC","Cáceres","10176","Serrejón"
"281","CC","Cáceres","10177","Sierra de Fuentes"
"281","CC","Cáceres","10178","Talaván"
"281","CC","Cáceres","10179","Talaveruela de la Vera"
"281","CC","Cáceres","10180","Talayuela"
"281","CC","Cáceres","10181","Tejeda de Tiétar"
"281","CC","Cáceres","10182","Toril"
"281","CC","Cáceres","10183","Tornavacas"
"281","CC","Cáceres","10184","Torno (El)"
"281","CC","Cáceres","10185","Torrecilla de los Ángeles"
"281","CC","Cáceres","10186","Torrecillas de la Tiesa"
"281","CC","Cáceres","10187","Torre de Don Miguel"
"281","CC","Cáceres","10188","Torre de Santa María"
"281","CC","Cáceres","10189","Torrejoncillo"
"281","CC","Cáceres","10190","Torrejón el Rubio"
"281","CC","Cáceres","10191","Torremenga"
"281","CC","Cáceres","10192","Torremocha"
"281","CC","Cáceres","10193","Torreorgaz"
"281","CC","Cáceres","10194","Torrequemada"
"281","CC","Cáceres","10195","Trujillo"
"281","CC","Cáceres","10196","Valdastillas"
"281","CC","Cáceres","10197","Valdecañas de Tajo"
"281","CC","Cáceres","10198","Valdefuentes"
"281","CC","Cáceres","10199","Valdehúncar"
"281","CC","Cáceres","10200","Valdelacasa de Tajo"
"281","CC","Cáceres","10201","Valdemorales"
"281","CC","Cáceres","10202","Valdeobispo"
"281","CC","Cáceres","10203","Valencia de Alcántara"
"281","CC","Cáceres","10204","Valverde de la Vera"
"281","CC","Cáceres","10205","Valverde del Fresno"
"281","CC","Cáceres","10206","Viandar de la Vera"
"281","CC","Cáceres","10207","Villa del Campo"
"281","CC","Cáceres","10208","Villa del Rey"
"281","CC","Cáceres","10209","Villamesías"
"281","CC","Cáceres","10210","Villamiel"
"281","CC","Cáceres","10211","Villanueva de la Sierra"
"281","CC","Cáceres","10212","Villanueva de la Vera"
"281","CC","Cáceres","10213","Villar del Pedroso"
"281","CC","Cáceres","10214","Villar de Plasencia"
"281","CC","Cáceres","10215","Villasbuenas de Gata"
"281","CC","Cáceres","10216","Zarza de Granadilla"
"281","CC","Cáceres","10217","Zarza de Montánchez"
"281","CC","Cáceres","10218","Zarza la Mayor"
"281","CC","Cáceres","10219","Zorita"
"281","CC","Cáceres","10901","Rosalejo"
"281","CC","Cáceres","10902","Vegaviana"
"281","CC","Cáceres","10903","Alagón del Río"
"281","CC","Cáceres","10904","Tiétar"
"281","CC","Cáceres","10905","Pueblonuevo de Miramontes"
"281","CA","Cádiz","11001","Alcalá de los Gazules"
"281","CA","Cádiz","11002","Alcalá del Valle"
"281","CA","Cádiz","11003","Algar"
"281","CA","Cádiz","11004","Algeciras"
"281","CA","Cádiz","11005","Algodonales"
"281","CA","Cádiz","11006","Arcos de la Frontera"
"281","CA","Cádiz","11007","Barbate"
"281","CA","Cádiz","11008","Barrios (Los)"
"281","CA","Cádiz","11009","Benaocaz"
"281","CA","Cádiz","11010","Bornos"
"281","CA","Cádiz","11011","Bosque (El)"
"281","CA","Cádiz","11012","Cádiz"
"281","CA","Cádiz","11013","Castellar de la Frontera"
"281","CA","Cádiz","11014","Conil de la Frontera"
"281","CA","Cádiz","11015","Chiclana de la Frontera"
"281","CA","Cádiz","11016","Chipiona"
"281","CA","Cádiz","11017","Espera"
"281","CA","Cádiz","11018","Gastor (El)"
"281","CA","Cádiz","11019","Grazalema"
"281","CA","Cádiz","11020","Jerez de la Frontera"
"281","CA","Cádiz","11021","Jimena de la Frontera"
"281","CA","Cádiz","11022","Línea de la Concepción (La)"
"281","CA","Cádiz","11023","Medina Sidonia"
"281","CA","Cádiz","11024","Olvera"
"281","CA","Cádiz","11025","Paterna de Rivera"
"281","CA","Cádiz","11026","Prado del Rey"
"281","CA","Cádiz","11027","Puerto de Santa María (El)"
"281","CA","Cádiz","11028","Puerto Real"
"281","CA","Cádiz","11029","Puerto Serrano"
"281","CA","Cádiz","11030","Rota"
"281","CA","Cádiz","11031","San Fernando"
"281","CA","Cádiz","11032","Sanlúcar de Barrameda"
"281","CA","Cádiz","11033","San Roque"
"281","CA","Cádiz","11034","Setenil de las Bodegas"
"281","CA","Cádiz","11035","Tarifa"
"281","CA","Cádiz","11036","Torre Alháquime"
"281","CA","Cádiz","11037","Trebujena"
"281","CA","Cádiz","11038","Ubrique"
"281","CA","Cádiz","11039","Vejer de la Frontera"
"281","CA","Cádiz","11040","Villaluenga del Rosario"
"281","CA","Cádiz","11041","Villamartín"
"281","CA","Cádiz","11042","Zahara"
"281","CA","Cádiz","11901","Benalup-Casas Viejas"
"281","CA","Cádiz","11902","San José del Valle"
"281","CA","Cádiz","11903","San Martín del Tesorillo"
"281","CS","Castellón","12001","Atzeneta del Maestrat"
"281","CS","Castellón","12002","Aín"
"281","CS","Castellón","12003","Albocàsser"
"281","CS","Castellón","12004","Alcalà de Xivert"
"281","CS","Castellón","12005","Alcora (l')"
"281","CS","Castellón","12006","Alcudia de Veo"
"281","CS","Castellón","12007","Alfondeguilla"
"281","CS","Castellón","12008","Algimia de Almonacid"
"281","CS","Castellón","12009","Almassora"
"281","CS","Castellón","12010","Almedíjar"
"281","CS","Castellón","12011","Almenara"
"281","CS","Castellón","12012","Altura"
"281","CS","Castellón","12013","Arañuel"
"281","CS","Castellón","12014","Ares del Maestrat"
"281","CS","Castellón","12015","Argelita"
"281","CS","Castellón","12016","Artana"
"281","CS","Castellón","12017","Ayódar"
"281","CS","Castellón","12018","Azuébar"
"281","CS","Castellón","12020","Barracas"
"281","CS","Castellón","12021","Betxí"
"281","CS","Castellón","12022","Bejís"
"281","CS","Castellón","12024","Benafer"
"281","CS","Castellón","12025","Benafigos"
"281","CS","Castellón","12026","Benassal"
"281","CS","Castellón","12027","Benicarló"
"281","CS","Castellón","12028","Benicàssim/Benicasim"
"281","CS","Castellón","12029","Benlloc"
"281","CS","Castellón","12031","Borriol"
"281","CS","Castellón","12032","Burriana"
"281","CS","Castellón","12033","Cabanes"
"281","CS","Castellón","12034","Càlig"
"281","CS","Castellón","12036","Canet lo Roig"
"281","CS","Castellón","12037","Castell de Cabres"
"281","CS","Castellón","12038","Castellfort"
"281","CS","Castellón","12039","Castellnovo"
"281","CS","Castellón","12040","Castelló de la Plana/Castellón de la Plana"
"281","CS","Castellón","12041","Castillo de Villamalefa"
"281","CS","Castellón","12042","Catí"
"281","CS","Castellón","12043","Caudiel"
"281","CS","Castellón","12044","Cervera del Maestre"
"281","CS","Castellón","12045","Cinctorres"
"281","CS","Castellón","12046","Cirat"
"281","CS","Castellón","12048","Cortes de Arenoso"
"281","CS","Castellón","12049","Costur"
"281","CS","Castellón","12050","Coves de Vinromà (les)"
"281","CS","Castellón","12051","Culla"
"281","CS","Castellón","12052","Xert"
"281","CS","Castellón","12053","Chilches/Xilxes"
"281","CS","Castellón","12055","Xodos/Chodos"
"281","CS","Castellón","12056","Chóvar"
"281","CS","Castellón","12057","Eslida"
"281","CS","Castellón","12058","Espadilla"
"281","CS","Castellón","12059","Fanzara"
"281","CS","Castellón","12060","Figueroles"
"281","CS","Castellón","12061","Forcall"
"281","CS","Castellón","12063","Fuente la Reina"
"281","CS","Castellón","12064","Fuentes de Ayódar"
"281","CS","Castellón","12065","Gaibiel"
"281","CS","Castellón","12067","Geldo"
"281","CS","Castellón","12068","Herbers"
"281","CS","Castellón","12069","Higueras"
"281","CS","Castellón","12070","Jana (la)"
"281","CS","Castellón","12071","Jérica"
"281","CS","Castellón","12072","Llucena/Lucena del Cid"
"281","CS","Castellón","12073","Ludiente"
"281","CS","Castellón","12074","Llosa (la)"
"281","CS","Castellón","12075","Mata de Morella (la)"
"281","CS","Castellón","12076","Matet"
"281","CS","Castellón","12077","Moncofa"
"281","CS","Castellón","12078","Montán"
"281","CS","Castellón","12079","Montanejos"
"281","CS","Castellón","12080","Morella"
"281","CS","Castellón","12081","Navajas"
"281","CS","Castellón","12082","Nules"
"281","CS","Castellón","12083","Olocau del Rey"
"281","CS","Castellón","12084","Onda"
"281","CS","Castellón","12085","Orpesa/Oropesa del Mar"
"281","CS","Castellón","12087","Palanques"
"281","CS","Castellón","12088","Pavías"
"281","CS","Castellón","12089","Peñíscola"
"281","CS","Castellón","12090","Pina de Montalgrao"
"281","CS","Castellón","12091","Portell de Morella"
"281","CS","Castellón","12092","Puebla de Arenoso"
"281","CS","Castellón","12093","Pobla de Benifassà (la)"
"281","CS","Castellón","12094","Pobla Tornesa (la)"
"281","CS","Castellón","12095","Ribesalbes"
"281","CS","Castellón","12096","Rossell"
"281","CS","Castellón","12097","Sacañet"
"281","CS","Castellón","12098","Salzadella (la)"
"281","CS","Castellón","12099","Sant Jordi/San Jorge"
"281","CS","Castellón","12100","Sant Mateu"
"281","CS","Castellón","12101","San Rafael del Río"
"281","CS","Castellón","12102","Santa Magdalena de Pulpis"
"281","CS","Castellón","12103","Sarratella, la"
"281","CS","Castellón","12104","Segorbe"
"281","CS","Castellón","12105","Sierra Engarcerán"
"281","CS","Castellón","12106","Soneja"
"281","CS","Castellón","12107","Sot de Ferrer"
"281","CS","Castellón","12108","Suera/Sueras"
"281","CS","Castellón","12109","Tales"
"281","CS","Castellón","12110","Teresa"
"281","CS","Castellón","12111","Tírig"
"281","CS","Castellón","12112","Todolella"
"281","CS","Castellón","12113","Toga"
"281","CS","Castellón","12114","Torás"
"281","CS","Castellón","12115","Toro (El)"
"281","CS","Castellón","12116","Torralba del Pinar"
"281","CS","Castellón","12117","Torreblanca"
"281","CS","Castellón","12118","Torrechiva"
"281","CS","Castellón","12119","Torre d'en Besora, la"
"281","CS","Castellón","12120","Torre Endoménech"
"281","CS","Castellón","12121","Traiguera"
"281","CS","Castellón","12122","Useres, les/Useras"
"281","CS","Castellón","12123","Vallat"
"281","CS","Castellón","12124","Vall d'Alba"
"281","CS","Castellón","12125","Vall de Almonacid"
"281","CS","Castellón","12126","Vall d'Uixó (la)"
"281","CS","Castellón","12127","Vallibona"
"281","CS","Castellón","12128","Vilafamés"
"281","CS","Castellón","12129","Vilafranca/Villafranca del Cid"
"281","CS","Castellón","12130","Villahermosa del Río"
"281","CS","Castellón","12131","Villamalur"
"281","CS","Castellón","12132","Vilanova d'Alcolea"
"281","CS","Castellón","12133","Villanueva de Viver"
"281","CS","Castellón","12134","Vilar de Canes"
"281","CS","Castellón","12135","Vila-real"
"281","CS","Castellón","12136","Vilavella (la)"
"281","CS","Castellón","12137","Villores"
"281","CS","Castellón","12138","Vinaròs"
"281","CS","Castellón","12139","Vistabella del Maestrat"
"281","CS","Castellón","12140","Viver"
"281","CS","Castellón","12141","Zorita del Maestrazgo"
"281","CS","Castellón","12142","Zucaina"
"281","CS","Castellón","12901","Alqueries, les/Alquerías del Niño Perdido"
"281","CS","Castellón","12902","Sant Joan de Moró"
"281","CR","Ciudad Real","13001","Abenójar"
"281","CR","Ciudad Real","13002","Agudo"
"281","CR","Ciudad Real","13003","Alamillo"
"281","CR","Ciudad Real","13004","Albaladejo"
"281","CR","Ciudad Real","13005","Alcázar de San Juan"
"281","CR","Ciudad Real","13006","Alcoba"
"281","CR","Ciudad Real","13007","Alcolea de Calatrava"
"281","CR","Ciudad Real","13008","Alcubillas"
"281","CR","Ciudad Real","13009","Aldea del Rey"
"281","CR","Ciudad Real","13010","Alhambra"
"281","CR","Ciudad Real","13011","Almadén"
"281","CR","Ciudad Real","13012","Almadenejos"
"281","CR","Ciudad Real","13013","Almagro"
"281","CR","Ciudad Real","13014","Almedina"
"281","CR","Ciudad Real","13015","Almodóvar del Campo"
"281","CR","Ciudad Real","13016","Almuradiel"
"281","CR","Ciudad Real","13017","Anchuras"
"281","CR","Ciudad Real","13018","Arenas de San Juan"
"281","CR","Ciudad Real","13019","Argamasilla de Alba"
"281","CR","Ciudad Real","13020","Argamasilla de Calatrava"
"281","CR","Ciudad Real","13021","Arroba de los Montes"
"281","CR","Ciudad Real","13022","Ballesteros de Calatrava"
"281","CR","Ciudad Real","13023","Bolaños de Calatrava"
"281","CR","Ciudad Real","13024","Brazatortas"
"281","CR","Ciudad Real","13025","Cabezarados"
"281","CR","Ciudad Real","13026","Cabezarrubias del Puerto"
"281","CR","Ciudad Real","13027","Calzada de Calatrava"
"281","CR","Ciudad Real","13028","Campo de Criptana"
"281","CR","Ciudad Real","13029","Cañada de Calatrava"
"281","CR","Ciudad Real","13030","Caracuel de Calatrava"
"281","CR","Ciudad Real","13031","Carrión de Calatrava"
"281","CR","Ciudad Real","13032","Carrizosa"
"281","CR","Ciudad Real","13033","Castellar de Santiago"
"281","CR","Ciudad Real","13034","Ciudad Real"
"281","CR","Ciudad Real","13035","Corral de Calatrava"
"281","CR","Ciudad Real","13036","Cortijos (Los)"
"281","CR","Ciudad Real","13037","Cózar"
"281","CR","Ciudad Real","13038","Chillón"
"281","CR","Ciudad Real","13039","Daimiel"
"281","CR","Ciudad Real","13040","Fernán Caballero"
"281","CR","Ciudad Real","13041","Fontanarejo"
"281","CR","Ciudad Real","13042","Fuencaliente"
"281","CR","Ciudad Real","13043","Fuenllana"
"281","CR","Ciudad Real","13044","Fuente el Fresno"
"281","CR","Ciudad Real","13045","Granátula de Calatrava"
"281","CR","Ciudad Real","13046","Guadalmez"
"281","CR","Ciudad Real","13047","Herencia"
"281","CR","Ciudad Real","13048","Hinojosas de Calatrava"
"281","CR","Ciudad Real","13049","Horcajo de los Montes"
"281","CR","Ciudad Real","13050","Labores (Las)"
"281","CR","Ciudad Real","13051","Luciana"
"281","CR","Ciudad Real","13052","Malagón"
"281","CR","Ciudad Real","13053","Manzanares"
"281","CR","Ciudad Real","13054","Membrilla"
"281","CR","Ciudad Real","13055","Mestanza"
"281","CR","Ciudad Real","13056","Miguelturra"
"281","CR","Ciudad Real","13057","Montiel"
"281","CR","Ciudad Real","13058","Moral de Calatrava"
"281","CR","Ciudad Real","13059","Navalpino"
"281","CR","Ciudad Real","13060","Navas de Estena"
"281","CR","Ciudad Real","13061","Pedro Muñoz"
"281","CR","Ciudad Real","13062","Picón"
"281","CR","Ciudad Real","13063","Piedrabuena"
"281","CR","Ciudad Real","13064","Poblete"
"281","CR","Ciudad Real","13065","Porzuna"
"281","CR","Ciudad Real","13066","Pozuelo de Calatrava"
"281","CR","Ciudad Real","13067","Pozuelos de Calatrava (Los)"
"281","CR","Ciudad Real","13068","Puebla de Don Rodrigo"
"281","CR","Ciudad Real","13069","Puebla del Príncipe"
"281","CR","Ciudad Real","13070","Puerto Lápice"
"281","CR","Ciudad Real","13071","Puertollano"
"281","CR","Ciudad Real","13072","Retuerta del Bullaque"
"281","CR","Ciudad Real","13073","Saceruela"
"281","CR","Ciudad Real","13074","San Carlos del Valle"
"281","CR","Ciudad Real","13075","San Lorenzo de Calatrava"
"281","CR","Ciudad Real","13076","Santa Cruz de los Cáñamos"
"281","CR","Ciudad Real","13077","Santa Cruz de Mudela"
"281","CR","Ciudad Real","13078","Socuéllamos"
"281","CR","Ciudad Real","13079","Solana (La)"
"281","CR","Ciudad Real","13080","Solana del Pino"
"281","CR","Ciudad Real","13081","Terrinches"
"281","CR","Ciudad Real","13082","Tomelloso"
"281","CR","Ciudad Real","13083","Torralba de Calatrava"
"281","CR","Ciudad Real","13084","Torre de Juan Abad"
"281","CR","Ciudad Real","13085","Torrenueva"
"281","CR","Ciudad Real","13086","Valdemanco del Esteras"
"281","CR","Ciudad Real","13087","Valdepeñas"
"281","CR","Ciudad Real","13088","Valenzuela de Calatrava"
"281","CR","Ciudad Real","13089","Villahermosa"
"281","CR","Ciudad Real","13090","Villamanrique"
"281","CR","Ciudad Real","13091","Villamayor de Calatrava"
"281","CR","Ciudad Real","13092","Villanueva de la Fuente"
"281","CR","Ciudad Real","13093","Villanueva de los Infantes"
"281","CR","Ciudad Real","13094","Villanueva de San Carlos"
"281","CR","Ciudad Real","13095","Villar del Pozo"
"281","CR","Ciudad Real","13096","Villarrubia de los Ojos"
"281","CR","Ciudad Real","13097","Villarta de San Juan"
"281","CR","Ciudad Real","13098","Viso del Marqués"
"281","CR","Ciudad Real","13901","Robledo (El)"
"281","CR","Ciudad Real","13902","Ruidera"
"281","CR","Ciudad Real","13903","Arenales de San Gregorio"
"281","CR","Ciudad Real","13904","Llanos del Caudillo"
"281","CO","Córdoba","14001","Adamuz"
"281","CO","Córdoba","14002","Aguilar de la Frontera"
"281","CO","Córdoba","14003","Alcaracejos"
"281","CO","Córdoba","14004","Almedinilla"
"281","CO","Córdoba","14005","Almodóvar del Río"
"281","CO","Córdoba","14006","Añora"
"281","CO","Córdoba","14007","Baena"
"281","CO","Córdoba","14008","Belalcázar"
"281","CO","Córdoba","14009","Belmez"
"281","CO","Córdoba","14010","Benamejí"
"281","CO","Córdoba","14011","Blázquez (Los)"
"281","CO","Córdoba","14012","Bujalance"
"281","CO","Córdoba","14013","Cabra"
"281","CO","Córdoba","14014","Cañete de las Torres"
"281","CO","Córdoba","14015","Carcabuey"
"281","CO","Córdoba","14016","Cardeña"
"281","CO","Córdoba","14017","Carlota (La)"
"281","CO","Córdoba","14018","Carpio (El)"
"281","CO","Córdoba","14019","Castro del Río"
"281","CO","Córdoba","14020","Conquista"
"281","CO","Córdoba","14021","Córdoba"
"281","CO","Córdoba","14022","Doña Mencía"
"281","CO","Córdoba","14023","Dos Torres"
"281","CO","Córdoba","14024","Encinas Reales"
"281","CO","Córdoba","14025","Espejo"
"281","CO","Córdoba","14026","Espiel"
"281","CO","Córdoba","14027","Fernán-Núñez"
"281","CO","Córdoba","14028","Fuente la Lancha"
"281","CO","Córdoba","14029","Fuente Obejuna"
"281","CO","Córdoba","14030","Fuente Palmera"
"281","CO","Córdoba","14031","Fuente-Tójar"
"281","CO","Córdoba","14032","Granjuela (La)"
"281","CO","Córdoba","14033","Guadalcázar"
"281","CO","Córdoba","14034","Guijo (El)"
"281","CO","Córdoba","14035","Hinojosa del Duque"
"281","CO","Córdoba","14036","Hornachuelos"
"281","CO","Córdoba","14037","Iznájar"
"281","CO","Córdoba","14038","Lucena"
"281","CO","Córdoba","14039","Luque"
"281","CO","Córdoba","14040","Montalbán de Córdoba"
"281","CO","Córdoba","14041","Montemayor"
"281","CO","Córdoba","14042","Montilla"
"281","CO","Córdoba","14043","Montoro"
"281","CO","Córdoba","14044","Monturque"
"281","CO","Córdoba","14045","Moriles"
"281","CO","Córdoba","14046","Nueva Carteya"
"281","CO","Córdoba","14047","Obejo"
"281","CO","Córdoba","14048","Palenciana"
"281","CO","Córdoba","14049","Palma del Río"
"281","CO","Córdoba","14050","Pedro Abad"
"281","CO","Córdoba","14051","Pedroche"
"281","CO","Córdoba","14052","Peñarroya-Pueblonuevo"
"281","CO","Córdoba","14053","Posadas"
"281","CO","Córdoba","14054","Pozoblanco"
"281","CO","Córdoba","14055","Priego de Córdoba"
"281","CO","Córdoba","14056","Puente Genil"
"281","CO","Córdoba","14057","Rambla (La)"
"281","CO","Córdoba","14058","Rute"
"281","CO","Córdoba","14059","San Sebastián de los Ballesteros"
"281","CO","Córdoba","14060","Santaella"
"281","CO","Córdoba","14061","Santa Eufemia"
"281","CO","Córdoba","14062","Torrecampo"
"281","CO","Córdoba","14063","Valenzuela"
"281","CO","Córdoba","14064","Valsequillo"
"281","CO","Córdoba","14065","Victoria (La)"
"281","CO","Córdoba","14066","Villa del Río"
"281","CO","Córdoba","14067","Villafranca de Córdoba"
"281","CO","Córdoba","14068","Villaharta"
"281","CO","Córdoba","14069","Villanueva de Córdoba"
"281","CO","Córdoba","14070","Villanueva del Duque"
"281","CO","Córdoba","14071","Villanueva del Rey"
"281","CO","Córdoba","14072","Villaralto"
"281","CO","Córdoba","14073","Villaviciosa de Córdoba"
"281","CO","Córdoba","14074","Viso (El)"
"281","CO","Córdoba","14075","Zuheros"
"281","CO","Córdoba","14901","Fuente Carreteros"
"281","CO","Córdoba","14902","Guijarrosa, La"
"281","C","A Coruña","15001","Abegondo"
"281","C","A Coruña","15002","Ames"
"281","C","A Coruña","15003","Aranga"
"281","C","A Coruña","15004","Ares"
"281","C","A Coruña","15005","Arteixo"
"281","C","A Coruña","15006","Arzúa"
"281","C","A Coruña","15007","Baña (A)"
"281","C","A Coruña","15008","Bergondo"
"281","C","A Coruña","15009","Betanzos"
"281","C","A Coruña","15010","Boimorto"
"281","C","A Coruña","15011","Boiro"
"281","C","A Coruña","15012","Boqueixón"
"281","C","A Coruña","15013","Brión"
"281","C","A Coruña","15014","Cabana de Bergantiños"
"281","C","A Coruña","15015","Cabanas"
"281","C","A Coruña","15016","Camariñas"
"281","C","A Coruña","15017","Cambre"
"281","C","A Coruña","15018","Capela (A)"
"281","C","A Coruña","15019","Carballo"
"281","C","A Coruña","15020","Carnota"
"281","C","A Coruña","15021","Carral"
"281","C","A Coruña","15022","Cedeira"
"281","C","A Coruña","15023","Cee"
"281","C","A Coruña","15024","Cerceda"
"281","C","A Coruña","15025","Cerdido"
"281","C","A Coruña","15027","Coirós"
"281","C","A Coruña","15028","Corcubión"
"281","C","A Coruña","15029","Coristanco"
"281","C","A Coruña","15030","Coruña (A)"
"281","C","A Coruña","15031","Culleredo"
"281","C","A Coruña","15032","Curtis"
"281","C","A Coruña","15033","Dodro"
"281","C","A Coruña","15034","Dumbría"
"281","C","A Coruña","15035","Fene"
"281","C","A Coruña","15036","Ferrol"
"281","C","A Coruña","15037","Fisterra"
"281","C","A Coruña","15038","Frades"
"281","C","A Coruña","15039","Irixoa"
"281","C","A Coruña","15040","Laxe"
"281","C","A Coruña","15041","Laracha (A)"
"281","C","A Coruña","15042","Lousame"
"281","C","A Coruña","15043","Malpica de Bergantiños"
"281","C","A Coruña","15044","Mañón"
"281","C","A Coruña","15045","Mazaricos"
"281","C","A Coruña","15046","Melide"
"281","C","A Coruña","15047","Mesía"
"281","C","A Coruña","15048","Miño"
"281","C","A Coruña","15049","Moeche"
"281","C","A Coruña","15050","Monfero"
"281","C","A Coruña","15051","Mugardos"
"281","C","A Coruña","15052","Muxía"
"281","C","A Coruña","15053","Muros"
"281","C","A Coruña","15054","Narón"
"281","C","A Coruña","15055","Neda"
"281","C","A Coruña","15056","Negreira"
"281","C","A Coruña","15057","Noia"
"281","C","A Coruña","15058","Oleiros"
"281","C","A Coruña","15059","Ordes"
"281","C","A Coruña","15060","Oroso"
"281","C","A Coruña","15061","Ortigueira"
"281","C","A Coruña","15062","Outes"
"281","C","A Coruña","15064","Paderne"
"281","C","A Coruña","15065","Padrón"
"281","C","A Coruña","15066","Pino (O)"
"281","C","A Coruña","15067","Pobra do Caramiñal (A)"
"281","C","A Coruña","15068","Ponteceso"
"281","C","A Coruña","15069","Pontedeume"
"281","C","A Coruña","15070","Pontes de García Rodríguez (As)"
"281","C","A Coruña","15071","Porto do Son"
"281","C","A Coruña","15072","Rianxo"
"281","C","A Coruña","15073","Ribeira"
"281","C","A Coruña","15074","Rois"
"281","C","A Coruña","15075","Sada"
"281","C","A Coruña","15076","San Sadurniño"
"281","C","A Coruña","15077","Santa Comba"
"281","C","A Coruña","15078","Santiago de Compostela"
"281","C","A Coruña","15079","Santiso"
"281","C","A Coruña","15080","Sobrado"
"281","C","A Coruña","15081","Somozas (As)"
"281","C","A Coruña","15082","Teo"
"281","C","A Coruña","15083","Toques"
"281","C","A Coruña","15084","Tordoia"
"281","C","A Coruña","15085","Touro"
"281","C","A Coruña","15086","Trazo"
"281","C","A Coruña","15087","Valdoviño"
"281","C","A Coruña","15088","Val do Dubra"
"281","C","A Coruña","15089","Vedra"
"281","C","A Coruña","15090","Vilasantar"
"281","C","A Coruña","15091","Vilarmaior"
"281","C","A Coruña","15092","Vimianzo"
"281","C","A Coruña","15093","Zas"
"281","C","A Coruña","15901","Cariño"
"281","C","A Coruña","15902","Oza-Cesuras"
"281","CU","Cuenca","16001","Abia de la Obispalía"
"281","CU","Cuenca","16002","Acebrón (El)"
"281","CU","Cuenca","16003","Alarcón"
"281","CU","Cuenca","16004","Albaladejo del Cuende"
"281","CU","Cuenca","16005","Albalate de las Nogueras"
"281","CU","Cuenca","16006","Albendea"
"281","CU","Cuenca","16007","Alberca de Záncara (La)"
"281","CU","Cuenca","16008","Alcalá de la Vega"
"281","CU","Cuenca","16009","Alcantud"
"281","CU","Cuenca","16010","Alcázar del Rey"
"281","CU","Cuenca","16011","Alcohujate"
"281","CU","Cuenca","16012","Alconchel de la Estrella"
"281","CU","Cuenca","16013","Algarra"
"281","CU","Cuenca","16014","Aliaguilla"
"281","CU","Cuenca","16015","Almarcha (La)"
"281","CU","Cuenca","16016","Almendros"
"281","CU","Cuenca","16017","Almodóvar del Pinar"
"281","CU","Cuenca","16018","Almonacid del Marquesado"
"281","CU","Cuenca","16019","Altarejos"
"281","CU","Cuenca","16020","Arandilla del Arroyo"
"281","CU","Cuenca","16022","Arcos de la Sierra"
"281","CU","Cuenca","16023","Chillarón de Cuenca"
"281","CU","Cuenca","16024","Arguisuelas"
"281","CU","Cuenca","16025","Arrancacepas"
"281","CU","Cuenca","16026","Atalaya del Cañavate"
"281","CU","Cuenca","16027","Barajas de Melo"
"281","CU","Cuenca","16029","Barchín del Hoyo"
"281","CU","Cuenca","16030","Bascuñana de San Pedro"
"281","CU","Cuenca","16031","Beamud"
"281","CU","Cuenca","16032","Belinchón"
"281","CU","Cuenca","16033","Belmonte"
"281","CU","Cuenca","16034","Belmontejo"
"281","CU","Cuenca","16035","Beteta"
"281","CU","Cuenca","16036","Boniches"
"281","CU","Cuenca","16038","Buciegas"
"281","CU","Cuenca","16039","Buenache de Alarcón"
"281","CU","Cuenca","16040","Buenache de la Sierra"
"281","CU","Cuenca","16041","Buendía"
"281","CU","Cuenca","16042","Campillo de Altobuey"
"281","CU","Cuenca","16043","Campillos-Paravientos"
"281","CU","Cuenca","16044","Campillos-Sierra"
"281","CU","Cuenca","16045","Canalejas del Arroyo"
"281","CU","Cuenca","16046","Cañada del Hoyo"
"281","CU","Cuenca","16047","Cañada Juncosa"
"281","CU","Cuenca","16048","Cañamares"
"281","CU","Cuenca","16049","Cañavate (El)"
"281","CU","Cuenca","16050","Cañaveras"
"281","CU","Cuenca","16051","Cañaveruelas"
"281","CU","Cuenca","16052","Cañete"
"281","CU","Cuenca","16053","Cañizares"
"281","CU","Cuenca","16055","Carboneras de Guadazaón"
"281","CU","Cuenca","16056","Cardenete"
"281","CU","Cuenca","16057","Carrascosa"
"281","CU","Cuenca","16058","Carrascosa de Haro"
"281","CU","Cuenca","16060","Casas de Benítez"
"281","CU","Cuenca","16061","Casas de Fernando Alonso"
"281","CU","Cuenca","16062","Casas de Garcimolina"
"281","CU","Cuenca","16063","Casas de Guijarro"
"281","CU","Cuenca","16064","Casas de Haro"
"281","CU","Cuenca","16065","Casas de los Pinos"
"281","CU","Cuenca","16066","Casasimarro"
"281","CU","Cuenca","16067","Castejón"
"281","CU","Cuenca","16068","Castillejo de Iniesta"
"281","CU","Cuenca","16070","Castillejo-Sierra"
"281","CU","Cuenca","16071","Castillo-Albaráñez"
"281","CU","Cuenca","16072","Castillo de Garcimuñoz"
"281","CU","Cuenca","16073","Cervera del Llano"
"281","CU","Cuenca","16074","Cierva (La)"
"281","CU","Cuenca","16078","Cuenca"
"281","CU","Cuenca","16079","Cueva del Hierro"
"281","CU","Cuenca","16081","Chumillas"
"281","CU","Cuenca","16082","Enguídanos"
"281","CU","Cuenca","16083","Fresneda de Altarejos"
"281","CU","Cuenca","16084","Fresneda de la Sierra"
"281","CU","Cuenca","16085","Frontera (La)"
"281","CU","Cuenca","16086","Fuente de Pedro Naharro"
"281","CU","Cuenca","16087","Fuentelespino de Haro"
"281","CU","Cuenca","16088","Fuentelespino de Moya"
"281","CU","Cuenca","16089","Fuentes"
"281","CU","Cuenca","16091","Fuertescusa"
"281","CU","Cuenca","16092","Gabaldón"
"281","CU","Cuenca","16093","Garaballa"
"281","CU","Cuenca","16094","Gascueña"
"281","CU","Cuenca","16095","Graja de Campalbo"
"281","CU","Cuenca","16096","Graja de Iniesta"
"281","CU","Cuenca","16097","Henarejos"
"281","CU","Cuenca","16098","Herrumblar (El)"
"281","CU","Cuenca","16099","Hinojosa (La)"
"281","CU","Cuenca","16100","Hinojosos (Los)"
"281","CU","Cuenca","16101","Hito (El)"
"281","CU","Cuenca","16102","Honrubia"
"281","CU","Cuenca","16103","Hontanaya"
"281","CU","Cuenca","16104","Hontecillas"
"281","CU","Cuenca","16106","Horcajo de Santiago"
"281","CU","Cuenca","16107","Huélamo"
"281","CU","Cuenca","16108","Huelves"
"281","CU","Cuenca","16109","Huérguina"
"281","CU","Cuenca","16110","Huerta de la Obispalía"
"281","CU","Cuenca","16111","Huerta del Marquesado"
"281","CU","Cuenca","16112","Huete"
"281","CU","Cuenca","16113","Iniesta"
"281","CU","Cuenca","16115","Laguna del Marquesado"
"281","CU","Cuenca","16116","Lagunaseca"
"281","CU","Cuenca","16117","Landete"
"281","CU","Cuenca","16118","Ledaña"
"281","CU","Cuenca","16119","Leganiel"
"281","CU","Cuenca","16121","Majadas (Las)"
"281","CU","Cuenca","16122","Mariana"
"281","CU","Cuenca","16123","Masegosa"
"281","CU","Cuenca","16124","Mesas (Las)"
"281","CU","Cuenca","16125","Minglanilla"
"281","CU","Cuenca","16126","Mira"
"281","CU","Cuenca","16128","Monreal del Llano"
"281","CU","Cuenca","16129","Montalbanejo"
"281","CU","Cuenca","16130","Montalbo"
"281","CU","Cuenca","16131","Monteagudo de las Salinas"
"281","CU","Cuenca","16132","Mota de Altarejos"
"281","CU","Cuenca","16133","Mota del Cuervo"
"281","CU","Cuenca","16134","Motilla del Palancar"
"281","CU","Cuenca","16135","Moya"
"281","CU","Cuenca","16137","Narboneta"
"281","CU","Cuenca","16139","Olivares de Júcar"
"281","CU","Cuenca","16140","Olmeda de la Cuesta"
"281","CU","Cuenca","16141","Olmeda del Rey"
"281","CU","Cuenca","16142","Olmedilla de Alarcón"
"281","CU","Cuenca","16143","Olmedilla de Eliz"
"281","CU","Cuenca","16145","Osa de la Vega"
"281","CU","Cuenca","16146","Pajarón"
"281","CU","Cuenca","16147","Pajaroncillo"
"281","CU","Cuenca","16148","Palomares del Campo"
"281","CU","Cuenca","16149","Palomera"
"281","CU","Cuenca","16150","Paracuellos"
"281","CU","Cuenca","16151","Paredes"
"281","CU","Cuenca","16152","Parra de las Vegas (La)"
"281","CU","Cuenca","16153","Pedernoso (El)"
"281","CU","Cuenca","16154","Pedroñeras (Las)"
"281","CU","Cuenca","16155","Peral (El)"
"281","CU","Cuenca","16156","Peraleja (La)"
"281","CU","Cuenca","16157","Pesquera (La)"
"281","CU","Cuenca","16158","Picazo (El)"
"281","CU","Cuenca","16159","Pinarejo"
"281","CU","Cuenca","16160","Pineda de Gigüela"
"281","CU","Cuenca","16161","Piqueras del Castillo"
"281","CU","Cuenca","16162","Portalrubio de Guadamejud"
"281","CU","Cuenca","16163","Portilla"
"281","CU","Cuenca","16165","Poyatos"
"281","CU","Cuenca","16166","Pozoamargo"
"281","CU","Cuenca","16167","Pozorrubio de Santiago"
"281","CU","Cuenca","16169","Pozuelo (El)"
"281","CU","Cuenca","16170","Priego"
"281","CU","Cuenca","16171","Provencio (El)"
"281","CU","Cuenca","16172","Puebla de Almenara"
"281","CU","Cuenca","16173","Valle de Altomira, El"
"281","CU","Cuenca","16174","Puebla del Salvador"
"281","CU","Cuenca","16175","Quintanar del Rey"
"281","CU","Cuenca","16176","Rada de Haro"
"281","CU","Cuenca","16177","Reíllo"
"281","CU","Cuenca","16181","Rozalén del Monte"
"281","CU","Cuenca","16185","Saceda-Trasierra"
"281","CU","Cuenca","16186","Saelices"
"281","CU","Cuenca","16187","Salinas del Manzano"
"281","CU","Cuenca","16188","Salmeroncillos"
"281","CU","Cuenca","16189","Salvacañete"
"281","CU","Cuenca","16190","San Clemente"
"281","CU","Cuenca","16191","San Lorenzo de la Parrilla"
"281","CU","Cuenca","16192","San Martín de Boniches"
"281","CU","Cuenca","16193","San Pedro Palmiches"
"281","CU","Cuenca","16194","Santa Cruz de Moya"
"281","CU","Cuenca","16195","Santa María del Campo Rus"
"281","CU","Cuenca","16196","Santa María de los Llanos"
"281","CU","Cuenca","16197","Santa María del Val"
"281","CU","Cuenca","16198","Sisante"
"281","CU","Cuenca","16199","Solera de Gabaldón"
"281","CU","Cuenca","16202","Talayuelas"
"281","CU","Cuenca","16203","Tarancón"
"281","CU","Cuenca","16204","Tébar"
"281","CU","Cuenca","16205","Tejadillos"
"281","CU","Cuenca","16206","Tinajas"
"281","CU","Cuenca","16209","Torralba"
"281","CU","Cuenca","16211","Torrejoncillo del Rey"
"281","CU","Cuenca","16212","Torrubia del Campo"
"281","CU","Cuenca","16213","Torrubia del Castillo"
"281","CU","Cuenca","16215","Tragacete"
"281","CU","Cuenca","16216","Tresjuncos"
"281","CU","Cuenca","16217","Tribaldos"
"281","CU","Cuenca","16218","Uclés"
"281","CU","Cuenca","16219","Uña"
"281","CU","Cuenca","16224","Valdemeca"
"281","CU","Cuenca","16225","Valdemorillo de la Sierra"
"281","CU","Cuenca","16227","Valdemoro-Sierra"
"281","CU","Cuenca","16228","Valdeolivas"
"281","CU","Cuenca","16231","Valhermoso de la Fuente"
"281","CU","Cuenca","16234","Valsalobre"
"281","CU","Cuenca","16236","Valverde de Júcar"
"281","CU","Cuenca","16237","Valverdejo"
"281","CU","Cuenca","16238","Vara de Rey"
"281","CU","Cuenca","16239","Vega del Codorno"
"281","CU","Cuenca","16240","Vellisca"
"281","CU","Cuenca","16242","Villaconejos de Trabaque"
"281","CU","Cuenca","16243","Villaescusa de Haro"
"281","CU","Cuenca","16244","Villagarcía del Llano"
"281","CU","Cuenca","16245","Villalba de la Sierra"
"281","CU","Cuenca","16246","Villalba del Rey"
"281","CU","Cuenca","16247","Villalgordo del Marquesado"
"281","CU","Cuenca","16248","Villalpardo"
"281","CU","Cuenca","16249","Villamayor de Santiago"
"281","CU","Cuenca","16250","Villanueva de Guadamejud"
"281","CU","Cuenca","16251","Villanueva de la Jara"
"281","CU","Cuenca","16253","Villar de Cañas"
"281","CU","Cuenca","16254","Villar de Domingo García"
"281","CU","Cuenca","16255","Villar de la Encina"
"281","CU","Cuenca","16258","Villar del Humo"
"281","CU","Cuenca","16259","Villar del Infantado"
"281","CU","Cuenca","16263","Villar de Olalla"
"281","CU","Cuenca","16264","Villarejo de Fuentes"
"281","CU","Cuenca","16265","Villarejo de la Peñuela"
"281","CU","Cuenca","16266","Villarejo-Periesteban"
"281","CU","Cuenca","16269","Villares del Saz"
"281","CU","Cuenca","16270","Villarrubio"
"281","CU","Cuenca","16271","Villarta"
"281","CU","Cuenca","16272","Villas de la Ventosa"
"281","CU","Cuenca","16273","Villaverde y Pasaconsol"
"281","CU","Cuenca","16274","Víllora"
"281","CU","Cuenca","16275","Vindel"
"281","CU","Cuenca","16276","Yémeda"
"281","CU","Cuenca","16277","Zafra de Záncara"
"281","CU","Cuenca","16278","Zafrilla"
"281","CU","Cuenca","16279","Zarza de Tajo"
"281","CU","Cuenca","16280","Zarzuela"
"281","CU","Cuenca","16901","Campos del Paraíso"
"281","CU","Cuenca","16902","Valdetórtola"
"281","CU","Cuenca","16903","Valeras (Las)"
"281","CU","Cuenca","16904","Fuentenava de Jábaga"
"281","CU","Cuenca","16905","Arcas"
"281","CU","Cuenca","16906","Valdecolmenas (Los)"
"281","CU","Cuenca","16908","Pozorrubielos de la Mancha"
"281","CU","Cuenca","16909","Sotorribas"
"281","CU","Cuenca","16910","Villar y Velasco"
"281","GI","Girona","17001","Agullana"
"281","GI","Girona","17002","Aiguaviva"
"281","GI","Girona","17003","Albanyà"
"281","GI","Girona","17004","Albons"
"281","GI","Girona","17005","Far d'Empordà (El)"
"281","GI","Girona","17006","Alp"
"281","GI","Girona","17007","Amer"
"281","GI","Girona","17008","Anglès"
"281","GI","Girona","17009","Arbúcies"
"281","GI","Girona","17010","Argelaguer"
"281","GI","Girona","17011","Armentera (L')"
"281","GI","Girona","17012","Avinyonet de Puigventós"
"281","GI","Girona","17013","Begur"
"281","GI","Girona","17014","Vajol (La)"
"281","GI","Girona","17015","Banyoles"
"281","GI","Girona","17016","Bàscara"
"281","GI","Girona","17018","Bellcaire d'Empordà"
"281","GI","Girona","17019","Besalú"
"281","GI","Girona","17020","Bescanó"
"281","GI","Girona","17021","Beuda"
"281","GI","Girona","17022","Bisbal d'Empordà (La)"
"281","GI","Girona","17023","Blanes"
"281","GI","Girona","17024","Bolvir"
"281","GI","Girona","17025","Bordils"
"281","GI","Girona","17026","Borrassà"
"281","GI","Girona","17027","Breda"
"281","GI","Girona","17028","Brunyola i Sant Martí Sapresa"
"281","GI","Girona","17029","Boadella i les Escaules"
"281","GI","Girona","17030","Cabanes"
"281","GI","Girona","17031","Cabanelles"
"281","GI","Girona","17032","Cadaqués"
"281","GI","Girona","17033","Caldes de Malavella"
"281","GI","Girona","17034","Calonge i Sant Antoni"
"281","GI","Girona","17035","Camós"
"281","GI","Girona","17036","Campdevànol"
"281","GI","Girona","17037","Campelles"
"281","GI","Girona","17038","Campllong"
"281","GI","Girona","17039","Camprodon"
"281","GI","Girona","17040","Canet d'Adri"
"281","GI","Girona","17041","Cantallops"
"281","GI","Girona","17042","Capmany"
"281","GI","Girona","17043","Queralbs"
"281","GI","Girona","17044","Cassà de la Selva"
"281","GI","Girona","17046","Castellfollit de la Roca"
"281","GI","Girona","17047","Castelló d'Empúries"
"281","GI","Girona","17048","Castell d'Aro, Platja d'Aro i s'Agaró"
"281","GI","Girona","17049","Celrà"
"281","GI","Girona","17050","Cervià de Ter"
"281","GI","Girona","17051","Cistella"
"281","GI","Girona","17052","Siurana"
"281","GI","Girona","17054","Colera"
"281","GI","Girona","17055","Colomers"
"281","GI","Girona","17056","Cornellà del Terri"
"281","GI","Girona","17057","Corçà"
"281","GI","Girona","17058","Crespià"
"281","GI","Girona","17060","Darnius"
"281","GI","Girona","17061","Das"
"281","GI","Girona","17062","Escala (L')"
"281","GI","Girona","17063","Espinelves"
"281","GI","Girona","17064","Espolla"
"281","GI","Girona","17065","Esponellà"
"281","GI","Girona","17066","Figueres"
"281","GI","Girona","17067","Flaçà"
"281","GI","Girona","17068","Foixà"
"281","GI","Girona","17069","Fontanals de Cerdanya"
"281","GI","Girona","17070","Fontanilles"
"281","GI","Girona","17071","Fontcoberta"
"281","GI","Girona","17073","Fornells de la Selva"
"281","GI","Girona","17074","Fortià"
"281","GI","Girona","17075","Garrigàs"
"281","GI","Girona","17076","Garrigoles"
"281","GI","Girona","17077","Garriguella"
"281","GI","Girona","17078","Ger"
"281","GI","Girona","17079","Girona"
"281","GI","Girona","17080","Gombrèn"
"281","GI","Girona","17081","Gualta"
"281","GI","Girona","17082","Guils de Cerdanya"
"281","GI","Girona","17083","Hostalric"
"281","GI","Girona","17084","Isòvol"
"281","GI","Girona","17085","Jafre"
"281","GI","Girona","17086","Jonquera (La)"
"281","GI","Girona","17087","Juià"
"281","GI","Girona","17088","Lladó"
"281","GI","Girona","17089","Llagostera"
"281","GI","Girona","17090","Llambilles"
"281","GI","Girona","17091","Llanars"
"281","GI","Girona","17092","Llançà"
"281","GI","Girona","17093","Llers"
"281","GI","Girona","17094","Llívia"
"281","GI","Girona","17095","Lloret de Mar"
"281","GI","Girona","17096","Llosses (Les)"
"281","GI","Girona","17097","Madremanya"
"281","GI","Girona","17098","Maià de Montcal"
"281","GI","Girona","17099","Meranges"
"281","GI","Girona","17100","Masarac i Vilarnadal"
"281","GI","Girona","17101","Massanes"
"281","GI","Girona","17102","Maçanet de Cabrenys"
"281","GI","Girona","17103","Maçanet de la Selva"
"281","GI","Girona","17105","Mieres"
"281","GI","Girona","17106","Mollet de Peralada"
"281","GI","Girona","17107","Molló"
"281","GI","Girona","17109","Montagut i Oix"
"281","GI","Girona","17110","Mont-ras"
"281","GI","Girona","17111","Navata"
"281","GI","Girona","17112","Ogassa"
"281","GI","Girona","17114","Olot"
"281","GI","Girona","17115","Ordis"
"281","GI","Girona","17116","Osor"
"281","GI","Girona","17117","Palafrugell"
"281","GI","Girona","17118","Palamós"
"281","GI","Girona","17119","Palau de Santa Eulàlia"
"281","GI","Girona","17120","Palau-saverdera"
"281","GI","Girona","17121","Palau-sator"
"281","GI","Girona","17123","Palol de Revardit"
"281","GI","Girona","17124","Pals"
"281","GI","Girona","17125","Pardines"
"281","GI","Girona","17126","Parlavà"
"281","GI","Girona","17128","Pau"
"281","GI","Girona","17129","Pedret i Marzà"
"281","GI","Girona","17130","Pera (La)"
"281","GI","Girona","17132","Peralada"
"281","GI","Girona","17133","Planes d'Hostoles (Les)"
"281","GI","Girona","17134","Planoles"
"281","GI","Girona","17135","Pont de Molins"
"281","GI","Girona","17136","Pontós"
"281","GI","Girona","17137","Porqueres"
"281","GI","Girona","17138","Portbou"
"281","GI","Girona","17139","Preses (Les)"
"281","GI","Girona","17140","Port de la Selva (El)"
"281","GI","Girona","17141","Puigcerdà"
"281","GI","Girona","17142","Quart"
"281","GI","Girona","17143","Rabós"
"281","GI","Girona","17144","Regencós"
"281","GI","Girona","17145","Ribes de Freser"
"281","GI","Girona","17146","Riells i Viabrea"
"281","GI","Girona","17147","Ripoll"
"281","GI","Girona","17148","Riudarenes"
"281","GI","Girona","17149","Riudaura"
"281","GI","Girona","17150","Riudellots de la Selva"
"281","GI","Girona","17151","Riumors"
"281","GI","Girona","17152","Roses"
"281","GI","Girona","17153","Rupià"
"281","GI","Girona","17154","Sales de Llierca"
"281","GI","Girona","17155","Salt"
"281","GI","Girona","17157","Sant Andreu Salou"
"281","GI","Girona","17158","Sant Climent Sescebes"
"281","GI","Girona","17159","Sant Feliu de Buixalleu"
"281","GI","Girona","17160","Sant Feliu de Guíxols"
"281","GI","Girona","17161","Sant Feliu de Pallerols"
"281","GI","Girona","17162","Sant Ferriol"
"281","GI","Girona","17163","Sant Gregori"
"281","GI","Girona","17164","Sant Hilari Sacalm"
"281","GI","Girona","17165","Sant Jaume de Llierca"
"281","GI","Girona","17166","Sant Jordi Desvalls"
"281","GI","Girona","17167","Sant Joan de les Abadesses"
"281","GI","Girona","17168","Sant Joan de Mollet"
"281","GI","Girona","17169","Sant Julià de Ramis"
"281","GI","Girona","17170","Vallfogona de Ripollès"
"281","GI","Girona","17171","Sant Llorenç de la Muga"
"281","GI","Girona","17172","Sant Martí de Llémena"
"281","GI","Girona","17173","Sant Martí Vell"
"281","GI","Girona","17174","Sant Miquel de Campmajor"
"281","GI","Girona","17175","Sant Miquel de Fluvià"
"281","GI","Girona","17176","Sant Mori"
"281","GI","Girona","17177","Sant Pau de Segúries"
"281","GI","Girona","17178","Sant Pere Pescador"
"281","GI","Girona","17180","Santa Coloma de Farners"
"281","GI","Girona","17181","Santa Cristina d'Aro"
"281","GI","Girona","17182","Santa Llogaia d'Àlguema"
"281","GI","Girona","17183","Sant Aniol de Finestres"
"281","GI","Girona","17184","Santa Pau"
"281","GI","Girona","17185","Sant Joan les Fonts"
"281","GI","Girona","17186","Sarrià de Ter"
"281","GI","Girona","17187","Saus, Camallera i Llampaies"
"281","GI","Girona","17188","Selva de Mar (La)"
"281","GI","Girona","17189","Cellera de Ter (La)"
"281","GI","Girona","17190","Serinyà"
"281","GI","Girona","17191","Serra de Daró"
"281","GI","Girona","17192","Setcases"
"281","GI","Girona","17193","Sils"
"281","GI","Girona","17194","Susqueda"
"281","GI","Girona","17195","Tallada d'Empordà (La)"
"281","GI","Girona","17196","Terrades"
"281","GI","Girona","17197","Torrent"
"281","GI","Girona","17198","Torroella de Fluvià"
"281","GI","Girona","17199","Torroella de Montgrí"
"281","GI","Girona","17200","Tortellà"
"281","GI","Girona","17201","Toses"
"281","GI","Girona","17202","Tossa de Mar"
"281","GI","Girona","17203","Ultramort"
"281","GI","Girona","17204","Ullà"
"281","GI","Girona","17205","Ullastret"
"281","GI","Girona","17206","Urús"
"281","GI","Girona","17207","Vall d'en Bas (La)"
"281","GI","Girona","17208","Vall de Bianya (La)"
"281","GI","Girona","17209","Vall-llobrega"
"281","GI","Girona","17210","Ventalló"
"281","GI","Girona","17211","Verges"
"281","GI","Girona","17212","Vidrà"
"281","GI","Girona","17213","Vidreres"
"281","GI","Girona","17214","Vilabertran"
"281","GI","Girona","17215","Vilablareix"
"281","GI","Girona","17216","Viladasens"
"281","GI","Girona","17217","Viladamat"
"281","GI","Girona","17218","Vilademuls"
"281","GI","Girona","17220","Viladrau"
"281","GI","Girona","17221","Vilafant"
"281","GI","Girona","17222","Vilaür"
"281","GI","Girona","17223","Vilajuïga"
"281","GI","Girona","17224","Vilallonga de Ter"
"281","GI","Girona","17225","Vilamacolum"
"281","GI","Girona","17226","Vilamalla"
"281","GI","Girona","17227","Vilamaniscle"
"281","GI","Girona","17228","Vilanant"
"281","GI","Girona","17230","Vila-sacra"
"281","GI","Girona","17232","Vilopriu"
"281","GI","Girona","17233","Vilobí d'Onyar"
"281","GI","Girona","17234","Biure"
"281","GI","Girona","17901","Cruïlles, Monells i Sant Sadurní de l'Heura"
"281","GI","Girona","17902","Forallac"
"281","GI","Girona","17903","Sant Julià del Llor i Bonmatí"
"281","GR","Granada","18001","Agrón"
"281","GR","Granada","18002","Alamedilla"
"281","GR","Granada","18003","Albolote"
"281","GR","Granada","18004","Albondón"
"281","GR","Granada","18005","Albuñán"
"281","GR","Granada","18006","Albuñol"
"281","GR","Granada","18007","Albuñuelas"
"281","GR","Granada","18010","Aldeire"
"281","GR","Granada","18011","Alfacar"
"281","GR","Granada","18012","Algarinejo"
"281","GR","Granada","18013","Alhama de Granada"
"281","GR","Granada","18014","Alhendín"
"281","GR","Granada","18015","Alicún de Ortega"
"281","GR","Granada","18016","Almegíjar"
"281","GR","Granada","18017","Almuñécar"
"281","GR","Granada","18018","Alquife"
"281","GR","Granada","18020","Arenas del Rey"
"281","GR","Granada","18021","Armilla"
"281","GR","Granada","18022","Atarfe"
"281","GR","Granada","18023","Baza"
"281","GR","Granada","18024","Beas de Granada"
"281","GR","Granada","18025","Beas de Guadix"
"281","GR","Granada","18027","Benalúa"
"281","GR","Granada","18028","Benalúa de las Villas"
"281","GR","Granada","18029","Benamaurel"
"281","GR","Granada","18030","Bérchules"
"281","GR","Granada","18032","Bubión"
"281","GR","Granada","18033","Busquístar"
"281","GR","Granada","18034","Cacín"
"281","GR","Granada","18035","Cádiar"
"281","GR","Granada","18036","Cájar"
"281","GR","Granada","18037","Calicasas"
"281","GR","Granada","18038","Campotéjar"
"281","GR","Granada","18039","Caniles"
"281","GR","Granada","18040","Cáñar"
"281","GR","Granada","18042","Capileira"
"281","GR","Granada","18043","Carataunas"
"281","GR","Granada","18044","Cástaras"
"281","GR","Granada","18045","Castilléjar"
"281","GR","Granada","18046","Castril"
"281","GR","Granada","18047","Cenes de la Vega"
"281","GR","Granada","18048","Cijuela"
"281","GR","Granada","18049","Cogollos de Guadix"
"281","GR","Granada","18050","Cogollos de la Vega"
"281","GR","Granada","18051","Colomera"
"281","GR","Granada","18053","Cortes de Baza"
"281","GR","Granada","18054","Cortes y Graena"
"281","GR","Granada","18056","Cúllar"
"281","GR","Granada","18057","Cúllar Vega"
"281","GR","Granada","18059","Chauchina"
"281","GR","Granada","18061","Chimeneas"
"281","GR","Granada","18062","Churriana de la Vega"
"281","GR","Granada","18063","Darro"
"281","GR","Granada","18064","Dehesas de Guadix"
"281","GR","Granada","18065","Dehesas Viejas"
"281","GR","Granada","18066","Deifontes"
"281","GR","Granada","18067","Diezma"
"281","GR","Granada","18068","Dílar"
"281","GR","Granada","18069","Dólar"
"281","GR","Granada","18070","Dúdar"
"281","GR","Granada","18071","Dúrcal"
"281","GR","Granada","18072","Escúzar"
"281","GR","Granada","18074","Ferreira"
"281","GR","Granada","18076","Fonelas"
"281","GR","Granada","18077","Fornes"
"281","GR","Granada","18078","Freila"
"281","GR","Granada","18079","Fuente Vaqueros"
"281","GR","Granada","18082","Galera"
"281","GR","Granada","18083","Gobernador"
"281","GR","Granada","18084","Gójar"
"281","GR","Granada","18085","Gor"
"281","GR","Granada","18086","Gorafe"
"281","GR","Granada","18087","Granada"
"281","GR","Granada","18088","Guadahortuna"
"281","GR","Granada","18089","Guadix"
"281","GR","Granada","18093","Gualchos"
"281","GR","Granada","18094","Güéjar Sierra"
"281","GR","Granada","18095","Güevéjar"
"281","GR","Granada","18096","Huélago"
"281","GR","Granada","18097","Huéneja"
"281","GR","Granada","18098","Huéscar"
"281","GR","Granada","18099","Huétor de Santillán"
"281","GR","Granada","18100","Huétor Tájar"
"281","GR","Granada","18101","Huétor Vega"
"281","GR","Granada","18102","Íllora"
"281","GR","Granada","18103","Ítrabo"
"281","GR","Granada","18105","Iznalloz"
"281","GR","Granada","18106","Játar"
"281","GR","Granada","18107","Jayena"
"281","GR","Granada","18108","Jérez del Marquesado"
"281","GR","Granada","18109","Jete"
"281","GR","Granada","18111","Jun"
"281","GR","Granada","18112","Juviles"
"281","GR","Granada","18114","Calahorra (La)"
"281","GR","Granada","18115","Láchar"
"281","GR","Granada","18116","Lanjarón"
"281","GR","Granada","18117","Lanteira"
"281","GR","Granada","18119","Lecrín"
"281","GR","Granada","18120","Lentegí"
"281","GR","Granada","18121","Lobras"
"281","GR","Granada","18122","Loja"
"281","GR","Granada","18123","Lugros"
"281","GR","Granada","18124","Lújar"
"281","GR","Granada","18126","Malahá (La)"
"281","GR","Granada","18127","Maracena"
"281","GR","Granada","18128","Marchal"
"281","GR","Granada","18132","Moclín"
"281","GR","Granada","18133","Molvízar"
"281","GR","Granada","18134","Monachil"
"281","GR","Granada","18135","Montefrío"
"281","GR","Granada","18136","Montejícar"
"281","GR","Granada","18137","Montillana"
"281","GR","Granada","18138","Moraleda de Zafayona"
"281","GR","Granada","18140","Motril"
"281","GR","Granada","18141","Murtas"
"281","GR","Granada","18143","Nigüelas"
"281","GR","Granada","18144","Nívar"
"281","GR","Granada","18145","Ogíjares"
"281","GR","Granada","18146","Orce"
"281","GR","Granada","18147","Órgiva"
"281","GR","Granada","18148","Otívar"
"281","GR","Granada","18149","Villa de Otura"
"281","GR","Granada","18150","Padul"
"281","GR","Granada","18151","Pampaneira"
"281","GR","Granada","18152","Pedro Martínez"
"281","GR","Granada","18153","Peligros"
"281","GR","Granada","18154","Peza (La)"
"281","GR","Granada","18157","Pinos Genil"
"281","GR","Granada","18158","Pinos Puente"
"281","GR","Granada","18159","Píñar"
"281","GR","Granada","18161","Polícar"
"281","GR","Granada","18162","Polopos"
"281","GR","Granada","18163","Pórtugos"
"281","GR","Granada","18164","Puebla de Don Fadrique"
"281","GR","Granada","18165","Pulianas"
"281","GR","Granada","18167","Purullena"
"281","GR","Granada","18168","Quéntar"
"281","GR","Granada","18170","Rubite"
"281","GR","Granada","18171","Salar"
"281","GR","Granada","18173","Salobreña"
"281","GR","Granada","18174","Santa Cruz del Comercio"
"281","GR","Granada","18175","Santa Fe"
"281","GR","Granada","18176","Soportújar"
"281","GR","Granada","18177","Sorvilán"
"281","GR","Granada","18178","Torre-Cardela"
"281","GR","Granada","18179","Torvizcón"
"281","GR","Granada","18180","Trevélez"
"281","GR","Granada","18181","Turón"
"281","GR","Granada","18182","Ugíjar"
"281","GR","Granada","18183","Válor"
"281","GR","Granada","18184","Vélez de Benaudalla"
"281","GR","Granada","18185","Ventas de Huelma"
"281","GR","Granada","18187","Villanueva de las Torres"
"281","GR","Granada","18188","Villanueva Mesía"
"281","GR","Granada","18189","Víznar"
"281","GR","Granada","18192","Zafarraya"
"281","GR","Granada","18193","Zubia (La)"
"281","GR","Granada","18194","Zújar"
"281","GR","Granada","18901","Taha (La)"
"281","GR","Granada","18902","Valle (El)"
"281","GR","Granada","18903","Nevada"
"281","GR","Granada","18904","Alpujarra de la Sierra"
"281","GR","Granada","18905","Gabias (Las)"
"281","GR","Granada","18906","Guájares, Los"
"281","GR","Granada","18907","Valle del Zalabí"
"281","GR","Granada","18908","Villamena"
"281","GR","Granada","18909","Morelábor"
"281","GR","Granada","18910","Pinar (El)"
"281","GR","Granada","18911","Vegas del Genil"
"281","GR","Granada","18912","Cuevas del Campo"
"281","GR","Granada","18913","Zagra"
"281","GR","Granada","18914","Valderrubio"
"281","GR","Granada","18915","Domingo Pérez de Granada"
"281","GR","Granada","18916","Torrenueva Costa"
"281","GU","Guadalajara","19001","Abánades"
"281","GU","Guadalajara","19002","Ablanque"
"281","GU","Guadalajara","19003","Adobes"
"281","GU","Guadalajara","19004","Alaminos"
"281","GU","Guadalajara","19005","Alarilla"
"281","GU","Guadalajara","19006","Albalate de Zorita"
"281","GU","Guadalajara","19007","Albares"
"281","GU","Guadalajara","19008","Albendiego"
"281","GU","Guadalajara","19009","Alcocer"
"281","GU","Guadalajara","19010","Alcolea de las Peñas"
"281","GU","Guadalajara","19011","Alcolea del Pinar"
"281","GU","Guadalajara","19013","Alcoroches"
"281","GU","Guadalajara","19015","Aldeanueva de Guadalajara"
"281","GU","Guadalajara","19016","Algar de Mesa"
"281","GU","Guadalajara","19017","Algora"
"281","GU","Guadalajara","19018","Alhóndiga"
"281","GU","Guadalajara","19019","Alique"
"281","GU","Guadalajara","19020","Almadrones"
"281","GU","Guadalajara","19021","Almoguera"
"281","GU","Guadalajara","19022","Almonacid de Zorita"
"281","GU","Guadalajara","19023","Alocén"
"281","GU","Guadalajara","19024","Alovera"
"281","GU","Guadalajara","19027","Alustante"
"281","GU","Guadalajara","19031","Angón"
"281","GU","Guadalajara","19032","Anguita"
"281","GU","Guadalajara","19033","Anquela del Ducado"
"281","GU","Guadalajara","19034","Anquela del Pedregal"
"281","GU","Guadalajara","19036","Aranzueque"
"281","GU","Guadalajara","19037","Arbancón"
"281","GU","Guadalajara","19038","Arbeteta"
"281","GU","Guadalajara","19039","Argecilla"
"281","GU","Guadalajara","19040","Armallones"
"281","GU","Guadalajara","19041","Armuña de Tajuña"
"281","GU","Guadalajara","19042","Arroyo de las Fraguas"
"281","GU","Guadalajara","19043","Atanzón"
"281","GU","Guadalajara","19044","Atienza"
"281","GU","Guadalajara","19045","Auñón"
"281","GU","Guadalajara","19046","Azuqueca de Henares"
"281","GU","Guadalajara","19047","Baides"
"281","GU","Guadalajara","19048","Baños de Tajo"
"281","GU","Guadalajara","19049","Bañuelos"
"281","GU","Guadalajara","19050","Barriopedro"
"281","GU","Guadalajara","19051","Berninches"
"281","GU","Guadalajara","19052","Bodera (La)"
"281","GU","Guadalajara","19053","Brihuega"
"281","GU","Guadalajara","19054","Budia"
"281","GU","Guadalajara","19055","Bujalaro"
"281","GU","Guadalajara","19057","Bustares"
"281","GU","Guadalajara","19058","Cabanillas del Campo"
"281","GU","Guadalajara","19059","Campillo de Dueñas"
"281","GU","Guadalajara","19060","Campillo de Ranas"
"281","GU","Guadalajara","19061","Campisábalos"
"281","GU","Guadalajara","19064","Canredondo"
"281","GU","Guadalajara","19065","Cantalojas"
"281","GU","Guadalajara","19066","Cañizar"
"281","GU","Guadalajara","19067","Cardoso de la Sierra (El)"
"281","GU","Guadalajara","19070","Casa de Uceda"
"281","GU","Guadalajara","19071","Casar (El)"
"281","GU","Guadalajara","19073","Casas de San Galindo"
"281","GU","Guadalajara","19074","Caspueñas"
"281","GU","Guadalajara","19075","Castejón de Henares"
"281","GU","Guadalajara","19076","Castellar de la Muela"
"281","GU","Guadalajara","19078","Castilforte"
"281","GU","Guadalajara","19079","Castilnuevo"
"281","GU","Guadalajara","19080","Cendejas de Enmedio"
"281","GU","Guadalajara","19081","Cendejas de la Torre"
"281","GU","Guadalajara","19082","Centenera"
"281","GU","Guadalajara","19086","Cifuentes"
"281","GU","Guadalajara","19087","Cincovillas"
"281","GU","Guadalajara","19088","Ciruelas"
"281","GU","Guadalajara","19089","Ciruelos del Pinar"
"281","GU","Guadalajara","19090","Cobeta"
"281","GU","Guadalajara","19091","Cogollor"
"281","GU","Guadalajara","19092","Cogolludo"
"281","GU","Guadalajara","19095","Condemios de Abajo"
"281","GU","Guadalajara","19096","Condemios de Arriba"
"281","GU","Guadalajara","19097","Congostrina"
"281","GU","Guadalajara","19098","Copernal"
"281","GU","Guadalajara","19099","Corduente"
"281","GU","Guadalajara","19102","Cubillo de Uceda (El)"
"281","GU","Guadalajara","19103","Checa"
"281","GU","Guadalajara","19104","Chequilla"
"281","GU","Guadalajara","19105","Chiloeches"
"281","GU","Guadalajara","19106","Chillarón del Rey"
"281","GU","Guadalajara","19107","Driebes"
"281","GU","Guadalajara","19108","Durón"
"281","GU","Guadalajara","19109","Embid"
"281","GU","Guadalajara","19110","Escamilla"
"281","GU","Guadalajara","19111","Escariche"
"281","GU","Guadalajara","19112","Escopete"
"281","GU","Guadalajara","19113","Espinosa de Henares"
"281","GU","Guadalajara","19114","Esplegares"
"281","GU","Guadalajara","19115","Establés"
"281","GU","Guadalajara","19116","Estriégana"
"281","GU","Guadalajara","19117","Fontanar"
"281","GU","Guadalajara","19118","Fuembellida"
"281","GU","Guadalajara","19119","Fuencemillán"
"281","GU","Guadalajara","19120","Fuentelahiguera de Albatages"
"281","GU","Guadalajara","19121","Fuentelencina"
"281","GU","Guadalajara","19122","Fuentelsaz"
"281","GU","Guadalajara","19123","Fuentelviejo"
"281","GU","Guadalajara","19124","Fuentenovilla"
"281","GU","Guadalajara","19125","Gajanejos"
"281","GU","Guadalajara","19126","Galápagos"
"281","GU","Guadalajara","19127","Galve de Sorbe"
"281","GU","Guadalajara","19129","Gascueña de Bornova"
"281","GU","Guadalajara","19130","Guadalajara"
"281","GU","Guadalajara","19132","Henche"
"281","GU","Guadalajara","19133","Heras de Ayuso"
"281","GU","Guadalajara","19134","Herrería"
"281","GU","Guadalajara","19135","Hiendelaencina"
"281","GU","Guadalajara","19136","Hijes"
"281","GU","Guadalajara","19138","Hita"
"281","GU","Guadalajara","19139","Hombrados"
"281","GU","Guadalajara","19142","Hontoba"
"281","GU","Guadalajara","19143","Horche"
"281","GU","Guadalajara","19145","Hortezuela de Océn"
"281","GU","Guadalajara","19146","Huerce (La)"
"281","GU","Guadalajara","19147","Huérmeces del Cerro"
"281","GU","Guadalajara","19148","Huertahernando"
"281","GU","Guadalajara","19150","Hueva"
"281","GU","Guadalajara","19151","Humanes"
"281","GU","Guadalajara","19152","Illana"
"281","GU","Guadalajara","19153","Iniéstola"
"281","GU","Guadalajara","19154","Inviernas (Las)"
"281","GU","Guadalajara","19155","Irueste"
"281","GU","Guadalajara","19156","Jadraque"
"281","GU","Guadalajara","19157","Jirueque"
"281","GU","Guadalajara","19159","Ledanca"
"281","GU","Guadalajara","19160","Loranca de Tajuña"
"281","GU","Guadalajara","19161","Lupiana"
"281","GU","Guadalajara","19162","Luzaga"
"281","GU","Guadalajara","19163","Luzón"
"281","GU","Guadalajara","19165","Majaelrayo"
"281","GU","Guadalajara","19166","Málaga del Fresno"
"281","GU","Guadalajara","19167","Malaguilla"
"281","GU","Guadalajara","19168","Mandayona"
"281","GU","Guadalajara","19169","Mantiel"
"281","GU","Guadalajara","19170","Maranchón"
"281","GU","Guadalajara","19171","Marchamalo"
"281","GU","Guadalajara","19172","Masegoso de Tajuña"
"281","GU","Guadalajara","19173","Matarrubia"
"281","GU","Guadalajara","19174","Matillas"
"281","GU","Guadalajara","19175","Mazarete"
"281","GU","Guadalajara","19176","Mazuecos"
"281","GU","Guadalajara","19177","Medranda"
"281","GU","Guadalajara","19178","Megina"
"281","GU","Guadalajara","19179","Membrillera"
"281","GU","Guadalajara","19181","Miedes de Atienza"
"281","GU","Guadalajara","19182","Mierla (La)"
"281","GU","Guadalajara","19183","Milmarcos"
"281","GU","Guadalajara","19184","Millana"
"281","GU","Guadalajara","19185","Miñosa (La)"
"281","GU","Guadalajara","19186","Mirabueno"
"281","GU","Guadalajara","19187","Miralrío"
"281","GU","Guadalajara","19188","Mochales"
"281","GU","Guadalajara","19189","Mohernando"
"281","GU","Guadalajara","19190","Molina de Aragón"
"281","GU","Guadalajara","19191","Monasterio"
"281","GU","Guadalajara","19192","Mondéjar"
"281","GU","Guadalajara","19193","Montarrón"
"281","GU","Guadalajara","19194","Moratilla de los Meleros"
"281","GU","Guadalajara","19195","Morenilla"
"281","GU","Guadalajara","19196","Muduex"
"281","GU","Guadalajara","19197","Navas de Jadraque (Las)"
"281","GU","Guadalajara","19198","Negredo"
"281","GU","Guadalajara","19199","Ocentejo"
"281","GU","Guadalajara","19200","Olivar (El)"
"281","GU","Guadalajara","19201","Olmeda de Cobeta"
"281","GU","Guadalajara","19202","Olmeda de Jadraque (La)"
"281","GU","Guadalajara","19203","Ordial (El)"
"281","GU","Guadalajara","19204","Orea"
"281","GU","Guadalajara","19208","Pálmaces de Jadraque"
"281","GU","Guadalajara","19209","Pardos"
"281","GU","Guadalajara","19210","Paredes de Sigüenza"
"281","GU","Guadalajara","19211","Pareja"
"281","GU","Guadalajara","19212","Pastrana"
"281","GU","Guadalajara","19213","Pedregal (El)"
"281","GU","Guadalajara","19214","Peñalén"
"281","GU","Guadalajara","19215","Peñalver"
"281","GU","Guadalajara","19216","Peralejos de las Truchas"
"281","GU","Guadalajara","19217","Peralveche"
"281","GU","Guadalajara","19218","Pinilla de Jadraque"
"281","GU","Guadalajara","19219","Pinilla de Molina"
"281","GU","Guadalajara","19220","Pioz"
"281","GU","Guadalajara","19221","Piqueras"
"281","GU","Guadalajara","19222","Pobo de Dueñas (El)"
"281","GU","Guadalajara","19223","Poveda de la Sierra"
"281","GU","Guadalajara","19224","Pozo de Almoguera"
"281","GU","Guadalajara","19225","Pozo de Guadalajara"
"281","GU","Guadalajara","19226","Prádena de Atienza"
"281","GU","Guadalajara","19227","Prados Redondos"
"281","GU","Guadalajara","19228","Puebla de Beleña"
"281","GU","Guadalajara","19229","Puebla de Valles"
"281","GU","Guadalajara","19230","Quer"
"281","GU","Guadalajara","19231","Rebollosa de Jadraque"
"281","GU","Guadalajara","19232","Recuenco (El)"
"281","GU","Guadalajara","19233","Renera"
"281","GU","Guadalajara","19234","Retiendas"
"281","GU","Guadalajara","19235","Riba de Saelices"
"281","GU","Guadalajara","19237","Rillo de Gallo"
"281","GU","Guadalajara","19238","Riofrío del Llano"
"281","GU","Guadalajara","19239","Robledillo de Mohernando"
"281","GU","Guadalajara","19240","Robledo de Corpes"
"281","GU","Guadalajara","19241","Romanillos de Atienza"
"281","GU","Guadalajara","19242","Romanones"
"281","GU","Guadalajara","19243","Rueda de la Sierra"
"281","GU","Guadalajara","19244","Sacecorbo"
"281","GU","Guadalajara","19245","Sacedón"
"281","GU","Guadalajara","19246","Saelices de la Sal"
"281","GU","Guadalajara","19247","Salmerón"
"281","GU","Guadalajara","19248","San Andrés del Congosto"
"281","GU","Guadalajara","19249","San Andrés del Rey"
"281","GU","Guadalajara","19250","Santiuste"
"281","GU","Guadalajara","19251","Saúca"
"281","GU","Guadalajara","19252","Sayatón"
"281","GU","Guadalajara","19254","Selas"
"281","GU","Guadalajara","19255","Setiles"
"281","GU","Guadalajara","19256","Sienes"
"281","GU","Guadalajara","19257","Sigüenza"
"281","GU","Guadalajara","19258","Solanillos del Extremo"
"281","GU","Guadalajara","19259","Somolinos"
"281","GU","Guadalajara","19260","Sotillo (El)"
"281","GU","Guadalajara","19261","Sotodosos"
"281","GU","Guadalajara","19262","Tamajón"
"281","GU","Guadalajara","19263","Taragudo"
"281","GU","Guadalajara","19264","Taravilla"
"281","GU","Guadalajara","19265","Tartanedo"
"281","GU","Guadalajara","19266","Tendilla"
"281","GU","Guadalajara","19267","Terzaga"
"281","GU","Guadalajara","19268","Tierzo"
"281","GU","Guadalajara","19269","Toba (La)"
"281","GU","Guadalajara","19270","Tordelrábano"
"281","GU","Guadalajara","19271","Tordellego"
"281","GU","Guadalajara","19272","Tordesilos"
"281","GU","Guadalajara","19274","Torija"
"281","GU","Guadalajara","19277","Torrecuadrada de Molina"
"281","GU","Guadalajara","19278","Torrecuadradilla"
"281","GU","Guadalajara","19279","Torre del Burgo"
"281","GU","Guadalajara","19280","Torrejón del Rey"
"281","GU","Guadalajara","19281","Torremocha de Jadraque"
"281","GU","Guadalajara","19282","Torremocha del Campo"
"281","GU","Guadalajara","19283","Torremocha del Pinar"
"281","GU","Guadalajara","19284","Torremochuela"
"281","GU","Guadalajara","19285","Torrubia"
"281","GU","Guadalajara","19286","Tórtola de Henares"
"281","GU","Guadalajara","19287","Tortuera"
"281","GU","Guadalajara","19288","Tortuero"
"281","GU","Guadalajara","19289","Traíd"
"281","GU","Guadalajara","19290","Trijueque"
"281","GU","Guadalajara","19291","Trillo"
"281","GU","Guadalajara","19293","Uceda"
"281","GU","Guadalajara","19294","Ujados"
"281","GU","Guadalajara","19296","Utande"
"281","GU","Guadalajara","19297","Valdarachas"
"281","GU","Guadalajara","19298","Valdearenas"
"281","GU","Guadalajara","19299","Valdeavellano"
"281","GU","Guadalajara","19300","Valdeaveruelo"
"281","GU","Guadalajara","19301","Valdeconcha"
"281","GU","Guadalajara","19302","Valdegrudas"
"281","GU","Guadalajara","19303","Valdelcubo"
"281","GU","Guadalajara","19304","Valdenuño Fernández"
"281","GU","Guadalajara","19305","Valdepeñas de la Sierra"
"281","GU","Guadalajara","19306","Valderrebollo"
"281","GU","Guadalajara","19307","Valdesotos"
"281","GU","Guadalajara","19308","Valfermoso de Tajuña"
"281","GU","Guadalajara","19309","Valhermoso"
"281","GU","Guadalajara","19310","Valtablado del Río"
"281","GU","Guadalajara","19311","Valverde de los Arroyos"
"281","GU","Guadalajara","19314","Viana de Jadraque"
"281","GU","Guadalajara","19317","Villanueva de Alcorón"
"281","GU","Guadalajara","19318","Villanueva de Argecilla"
"281","GU","Guadalajara","19319","Villanueva de la Torre"
"281","GU","Guadalajara","19321","Villares de Jadraque"
"281","GU","Guadalajara","19322","Villaseca de Henares"
"281","GU","Guadalajara","19323","Villaseca de Uceda"
"281","GU","Guadalajara","19324","Villel de Mesa"
"281","GU","Guadalajara","19325","Viñuelas"
"281","GU","Guadalajara","19326","Yebes"
"281","GU","Guadalajara","19327","Yebra"
"281","GU","Guadalajara","19329","Yélamos de Abajo"
"281","GU","Guadalajara","19330","Yélamos de Arriba"
"281","GU","Guadalajara","19331","Yunquera de Henares"
"281","GU","Guadalajara","19332","Yunta (La)"
"281","GU","Guadalajara","19333","Zaorejas"
"281","GU","Guadalajara","19334","Zarzuela de Jadraque"
"281","GU","Guadalajara","19335","Zorita de los Canes"
"281","GU","Guadalajara","19901","Semillas"
"281","SS","Gipuzkoa","20001","Abaltzisketa"
"281","SS","Gipuzkoa","20002","Aduna"
"281","SS","Gipuzkoa","20003","Aizarnazabal"
"281","SS","Gipuzkoa","20004","Albiztur"
"281","SS","Gipuzkoa","20005","Alegia"
"281","SS","Gipuzkoa","20006","Alkiza"
"281","SS","Gipuzkoa","20007","Altzo"
"281","SS","Gipuzkoa","20008","Amezketa"
"281","SS","Gipuzkoa","20009","Andoain"
"281","SS","Gipuzkoa","20010","Anoeta"
"281","SS","Gipuzkoa","20011","Antzuola"
"281","SS","Gipuzkoa","20012","Arama"
"281","SS","Gipuzkoa","20013","Aretxabaleta"
"281","SS","Gipuzkoa","20014","Asteasu"
"281","SS","Gipuzkoa","20015","Ataun"
"281","SS","Gipuzkoa","20016","Aia"
"281","SS","Gipuzkoa","20017","Azkoitia"
"281","SS","Gipuzkoa","20018","Azpeitia"
"281","SS","Gipuzkoa","20019","Beasain"
"281","SS","Gipuzkoa","20020","Beizama"
"281","SS","Gipuzkoa","20021","Belauntza"
"281","SS","Gipuzkoa","20022","Berastegi"
"281","SS","Gipuzkoa","20023","Berrobi"
"281","SS","Gipuzkoa","20024","Bidania-Goiatz"
"281","SS","Gipuzkoa","20025","Zegama"
"281","SS","Gipuzkoa","20026","Zerain"
"281","SS","Gipuzkoa","20027","Zestoa"
"281","SS","Gipuzkoa","20028","Zizurkil"
"281","SS","Gipuzkoa","20029","Deba"
"281","SS","Gipuzkoa","20030","Eibar"
"281","SS","Gipuzkoa","20031","Elduain"
"281","SS","Gipuzkoa","20032","Elgoibar"
"281","SS","Gipuzkoa","20033","Elgeta"
"281","SS","Gipuzkoa","20034","Eskoriatza"
"281","SS","Gipuzkoa","20035","Ezkio-Itsaso"
"281","SS","Gipuzkoa","20036","Hondarribia"
"281","SS","Gipuzkoa","20037","Gaintza"
"281","SS","Gipuzkoa","20038","Gabiria"
"281","SS","Gipuzkoa","20039","Getaria"
"281","SS","Gipuzkoa","20040","Hernani"
"281","SS","Gipuzkoa","20041","Hernialde"
"281","SS","Gipuzkoa","20042","Ibarra"
"281","SS","Gipuzkoa","20043","Idiazabal"
"281","SS","Gipuzkoa","20044","Ikaztegieta"
"281","SS","Gipuzkoa","20045","Irun"
"281","SS","Gipuzkoa","20046","Irura"
"281","SS","Gipuzkoa","20047","Itsasondo"
"281","SS","Gipuzkoa","20048","Larraul"
"281","SS","Gipuzkoa","20049","Lazkao"
"281","SS","Gipuzkoa","20050","Leaburu"
"281","SS","Gipuzkoa","20051","Legazpi"
"281","SS","Gipuzkoa","20052","Legorreta"
"281","SS","Gipuzkoa","20053","Lezo"
"281","SS","Gipuzkoa","20054","Lizartza"
"281","SS","Gipuzkoa","20055","Arrasate/Mondragón"
"281","SS","Gipuzkoa","20056","Mutriku"
"281","SS","Gipuzkoa","20057","Mutiloa"
"281","SS","Gipuzkoa","20058","Olaberria"
"281","SS","Gipuzkoa","20059","Oñati"
"281","SS","Gipuzkoa","20060","Orexa"
"281","SS","Gipuzkoa","20061","Orio"
"281","SS","Gipuzkoa","20062","Ormaiztegi"
"281","SS","Gipuzkoa","20063","Oiartzun"
"281","SS","Gipuzkoa","20064","Pasaia"
"281","SS","Gipuzkoa","20065","Soraluze-Placencia de las Armas"
"281","SS","Gipuzkoa","20066","Errezil"
"281","SS","Gipuzkoa","20067","Errenteria"
"281","SS","Gipuzkoa","20068","Leintz-Gatzaga"
"281","SS","Gipuzkoa","20069","Donostia-San Sebastián"
"281","SS","Gipuzkoa","20070","Segura"
"281","SS","Gipuzkoa","20071","Tolosa"
"281","SS","Gipuzkoa","20072","Urnieta"
"281","SS","Gipuzkoa","20073","Usurbil"
"281","SS","Gipuzkoa","20074","Bergara"
"281","SS","Gipuzkoa","20075","Villabona"
"281","SS","Gipuzkoa","20076","Ordizia"
"281","SS","Gipuzkoa","20077","Urretxu"
"281","SS","Gipuzkoa","20078","Zaldibia"
"281","SS","Gipuzkoa","20079","Zarautz"
"281","SS","Gipuzkoa","20080","Zumarraga"
"281","SS","Gipuzkoa","20081","Zumaia"
"281","SS","Gipuzkoa","20901","Mendaro"
"281","SS","Gipuzkoa","20902","Lasarte-Oria"
"281","SS","Gipuzkoa","20903","Astigarraga"
"281","SS","Gipuzkoa","20904","Baliarrain"
"281","SS","Gipuzkoa","20905","Orendain"
"281","SS","Gipuzkoa","20906","Altzaga"
"281","SS","Gipuzkoa","20907","Gaztelu"
"281","H","Huelva","21001","Alájar"
"281","H","Huelva","21002","Aljaraque"
"281","H","Huelva","21003","Almendro (El)"
"281","H","Huelva","21004","Almonaster la Real"
"281","H","Huelva","21005","Almonte"
"281","H","Huelva","21006","Alosno"
"281","H","Huelva","21007","Aracena"
"281","H","Huelva","21008","Aroche"
"281","H","Huelva","21009","Arroyomolinos de León"
"281","H","Huelva","21010","Ayamonte"
"281","H","Huelva","21011","Beas"
"281","H","Huelva","21012","Berrocal"
"281","H","Huelva","21013","Bollullos Par del Condado"
"281","H","Huelva","21014","Bonares"
"281","H","Huelva","21015","Cabezas Rubias"
"281","H","Huelva","21016","Cala"
"281","H","Huelva","21017","Calañas"
"281","H","Huelva","21018","Campillo (El)"
"281","H","Huelva","21019","Campofrío"
"281","H","Huelva","21020","Cañaveral de León"
"281","H","Huelva","21021","Cartaya"
"281","H","Huelva","21022","Castaño del Robledo"
"281","H","Huelva","21023","Cerro de Andévalo (El)"
"281","H","Huelva","21024","Corteconcepción"
"281","H","Huelva","21025","Cortegana"
"281","H","Huelva","21026","Cortelazor"
"281","H","Huelva","21027","Cumbres de Enmedio"
"281","H","Huelva","21028","Cumbres de San Bartolomé"
"281","H","Huelva","21029","Cumbres Mayores"
"281","H","Huelva","21030","Chucena"
"281","H","Huelva","21031","Encinasola"
"281","H","Huelva","21032","Escacena del Campo"
"281","H","Huelva","21033","Fuenteheridos"
"281","H","Huelva","21034","Galaroza"
"281","H","Huelva","21035","Gibraleón"
"281","H","Huelva","21036","Granada de Río-Tinto (La)"
"281","H","Huelva","21037","Granado (El)"
"281","H","Huelva","21038","Higuera de la Sierra"
"281","H","Huelva","21039","Hinojales"
"281","H","Huelva","21040","Hinojos"
"281","H","Huelva","21041","Huelva"
"281","H","Huelva","21042","Isla Cristina"
"281","H","Huelva","21043","Jabugo"
"281","H","Huelva","21044","Lepe"
"281","H","Huelva","21045","Linares de la Sierra"
"281","H","Huelva","21046","Lucena del Puerto"
"281","H","Huelva","21047","Manzanilla"
"281","H","Huelva","21048","Marines (Los)"
"281","H","Huelva","21049","Minas de Riotinto"
"281","H","Huelva","21050","Moguer"
"281","H","Huelva","21051","Nava (La)"
"281","H","Huelva","21052","Nerva"
"281","H","Huelva","21053","Niebla"
"281","H","Huelva","21054","Palma del Condado (La)"
"281","H","Huelva","21055","Palos de la Frontera"
"281","H","Huelva","21056","Paterna del Campo"
"281","H","Huelva","21057","Paymogo"
"281","H","Huelva","21058","Puebla de Guzmán"
"281","H","Huelva","21059","Puerto Moral"
"281","H","Huelva","21060","Punta Umbría"
"281","H","Huelva","21061","Rociana del Condado"
"281","H","Huelva","21062","Rosal de la Frontera"
"281","H","Huelva","21063","San Bartolomé de la Torre"
"281","H","Huelva","21064","San Juan del Puerto"
"281","H","Huelva","21065","Sanlúcar de Guadiana"
"281","H","Huelva","21066","San Silvestre de Guzmán"
"281","H","Huelva","21067","Santa Ana la Real"
"281","H","Huelva","21068","Santa Bárbara de Casa"
"281","H","Huelva","21069","Santa Olalla del Cala"
"281","H","Huelva","21070","Trigueros"
"281","H","Huelva","21071","Valdelarco"
"281","H","Huelva","21072","Valverde del Camino"
"281","H","Huelva","21073","Villablanca"
"281","H","Huelva","21074","Villalba del Alcor"
"281","H","Huelva","21075","Villanueva de las Cruces"
"281","H","Huelva","21076","Villanueva de los Castillejos"
"281","H","Huelva","21077","Villarrasa"
"281","H","Huelva","21078","Zalamea la Real"
"281","H","Huelva","21079","Zufre"
"281","H","Huelva","21902","Zarza-Perrunal, La"
"281","HU","Huesca","22001","Abiego"
"281","HU","Huesca","22002","Abizanda"
"281","HU","Huesca","22003","Adahuesca"
"281","HU","Huesca","22004","Agüero"
"281","HU","Huesca","22006","Aisa"
"281","HU","Huesca","22007","Albalate de Cinca"
"281","HU","Huesca","22008","Albalatillo"
"281","HU","Huesca","22009","Albelda"
"281","HU","Huesca","22011","Albero Alto"
"281","HU","Huesca","22012","Albero Bajo"
"281","HU","Huesca","22013","Alberuela de Tubo"
"281","HU","Huesca","22014","Alcalá de Gurrea"
"281","HU","Huesca","22015","Alcalá del Obispo"
"281","HU","Huesca","22016","Alcampell"
"281","HU","Huesca","22017","Alcolea de Cinca"
"281","HU","Huesca","22018","Alcubierre"
"281","HU","Huesca","22019","Alerre"
"281","HU","Huesca","22020","Alfántega"
"281","HU","Huesca","22021","Almudévar"
"281","HU","Huesca","22022","Almunia de San Juan"
"281","HU","Huesca","22023","Almuniente"
"281","HU","Huesca","22024","Alquézar"
"281","HU","Huesca","22025","Altorricón"
"281","HU","Huesca","22027","Angüés"
"281","HU","Huesca","22028","Ansó"
"281","HU","Huesca","22029","Antillón"
"281","HU","Huesca","22032","Aragüés del Puerto"
"281","HU","Huesca","22035","Arén"
"281","HU","Huesca","22036","Argavieso"
"281","HU","Huesca","22037","Arguis"
"281","HU","Huesca","22039","Ayerbe"
"281","HU","Huesca","22040","Azanuy-Alins"
"281","HU","Huesca","22041","Azara"
"281","HU","Huesca","22042","Azlor"
"281","HU","Huesca","22043","Baélls"
"281","HU","Huesca","22044","Bailo"
"281","HU","Huesca","22045","Baldellou"
"281","HU","Huesca","22046","Ballobar"
"281","HU","Huesca","22047","Banastás"
"281","HU","Huesca","22048","Barbastro"
"281","HU","Huesca","22049","Barbués"
"281","HU","Huesca","22050","Barbuñales"
"281","HU","Huesca","22051","Bárcabo"
"281","HU","Huesca","22052","Belver de Cinca"
"281","HU","Huesca","22053","Benabarre"
"281","HU","Huesca","22054","Benasque"
"281","HU","Huesca","22055","Berbegal"
"281","HU","Huesca","22057","Bielsa"
"281","HU","Huesca","22058","Bierge"
"281","HU","Huesca","22059","Biescas"
"281","HU","Huesca","22060","Binaced"
"281","HU","Huesca","22061","Binéfar"
"281","HU","Huesca","22062","Bisaurri"
"281","HU","Huesca","22063","Biscarrués"
"281","HU","Huesca","22064","Blecua y Torres"
"281","HU","Huesca","22066","Boltaña"
"281","HU","Huesca","22067","Bonansa"
"281","HU","Huesca","22068","Borau"
"281","HU","Huesca","22069","Broto"
"281","HU","Huesca","22072","Caldearenas"
"281","HU","Huesca","22074","Campo"
"281","HU","Huesca","22075","Camporrélls"
"281","HU","Huesca","22076","Canal de Berdún"
"281","HU","Huesca","22077","Candasnos"
"281","HU","Huesca","22078","Canfranc"
"281","HU","Huesca","22079","Capdesaso"
"281","HU","Huesca","22080","Capella"
"281","HU","Huesca","22081","Casbas de Huesca"
"281","HU","Huesca","22082","Castejón del Puente"
"281","HU","Huesca","22083","Castejón de Monegros"
"281","HU","Huesca","22084","Castejón de Sos"
"281","HU","Huesca","22085","Castelflorite"
"281","HU","Huesca","22086","Castiello de Jaca"
"281","HU","Huesca","22087","Castigaleu"
"281","HU","Huesca","22088","Castillazuelo"
"281","HU","Huesca","22089","Castillonroy"
"281","HU","Huesca","22090","Colungo"
"281","HU","Huesca","22094","Chalamera"
"281","HU","Huesca","22095","Chía"
"281","HU","Huesca","22096","Chimillas"
"281","HU","Huesca","22099","Esplús"
"281","HU","Huesca","22102","Estada"
"281","HU","Huesca","22103","Estadilla"
"281","HU","Huesca","22105","Estopiñán del Castillo"
"281","HU","Huesca","22106","Fago"
"281","HU","Huesca","22107","Fanlo"
"281","HU","Huesca","22109","Fiscal"
"281","HU","Huesca","22110","Fonz"
"281","HU","Huesca","22111","Foradada del Toscar"
"281","HU","Huesca","22112","Fraga"
"281","HU","Huesca","22113","Fueva (La)"
"281","HU","Huesca","22114","Gistaín"
"281","HU","Huesca","22115","Grado (El)"
"281","HU","Huesca","22116","Grañén"
"281","HU","Huesca","22117","Graus"
"281","HU","Huesca","22119","Gurrea de Gállego"
"281","HU","Huesca","22122","Hoz de Jaca"
"281","HU","Huesca","22124","Huerto"
"281","HU","Huesca","22125","Huesca"
"281","HU","Huesca","22126","Ibieca"
"281","HU","Huesca","22127","Igriés"
"281","HU","Huesca","22128","Ilche"
"281","HU","Huesca","22129","Isábena"
"281","HU","Huesca","22130","Jaca"
"281","HU","Huesca","22131","Jasa"
"281","HU","Huesca","22133","Labuerda"
"281","HU","Huesca","22135","Laluenga"
"281","HU","Huesca","22136","Lalueza"
"281","HU","Huesca","22137","Lanaja"
"281","HU","Huesca","22139","Laperdiguera"
"281","HU","Huesca","22141","Lascellas-Ponzano"
"281","HU","Huesca","22142","Lascuarre"
"281","HU","Huesca","22143","Laspaúles"
"281","HU","Huesca","22144","Laspuña"
"281","HU","Huesca","22149","Loarre"
"281","HU","Huesca","22150","Loporzano"
"281","HU","Huesca","22151","Loscorrales"
"281","HU","Huesca","22155","Monesma y Cajigar"
"281","HU","Huesca","22156","Monflorite-Lascasas"
"281","HU","Huesca","22157","Montanuy"
"281","HU","Huesca","22158","Monzón"
"281","HU","Huesca","22160","Naval"
"281","HU","Huesca","22162","Novales"
"281","HU","Huesca","22163","Nueno"
"281","HU","Huesca","22164","Olvena"
"281","HU","Huesca","22165","Ontiñena"
"281","HU","Huesca","22167","Osso de Cinca"
"281","HU","Huesca","22168","Palo"
"281","HU","Huesca","22170","Panticosa"
"281","HU","Huesca","22172","Peñalba"
"281","HU","Huesca","22173","Peñas de Riglos (Las)"
"281","HU","Huesca","22174","Peralta de Alcofea"
"281","HU","Huesca","22175","Peralta de Calasanz"
"281","HU","Huesca","22176","Peraltilla"
"281","HU","Huesca","22177","Perarrúa"
"281","HU","Huesca","22178","Pertusa"
"281","HU","Huesca","22181","Piracés"
"281","HU","Huesca","22182","Plan"
"281","HU","Huesca","22184","Poleñino"
"281","HU","Huesca","22186","Pozán de Vero"
"281","HU","Huesca","22187","Puebla de Castro (La)"
"281","HU","Huesca","22188","Puente de Montañana"
"281","HU","Huesca","22189","Puértolas"
"281","HU","Huesca","22190","Pueyo de Araguás (El)"
"281","HU","Huesca","22193","Pueyo de Santa Cruz"
"281","HU","Huesca","22195","Quicena"
"281","HU","Huesca","22197","Robres"
"281","HU","Huesca","22199","Sabiñánigo"
"281","HU","Huesca","22200","Sahún"
"281","HU","Huesca","22201","Salas Altas"
"281","HU","Huesca","22202","Salas Bajas"
"281","HU","Huesca","22203","Salillas"
"281","HU","Huesca","22204","Sallent de Gállego"
"281","HU","Huesca","22205","San Esteban de Litera"
"281","HU","Huesca","22206","Sangarrén"
"281","HU","Huesca","22207","San Juan de Plan"
"281","HU","Huesca","22208","Santa Cilia"
"281","HU","Huesca","22209","Santa Cruz de la Serós"
"281","HU","Huesca","22212","Santaliestra y San Quílez"
"281","HU","Huesca","22213","Sariñena"
"281","HU","Huesca","22214","Secastilla"
"281","HU","Huesca","22215","Seira"
"281","HU","Huesca","22217","Sena"
"281","HU","Huesca","22218","Senés de Alcubierre"
"281","HU","Huesca","22220","Sesa"
"281","HU","Huesca","22221","Sesué"
"281","HU","Huesca","22222","Siétamo"
"281","HU","Huesca","22223","Sopeira"
"281","HU","Huesca","22225","Tamarite de Litera"
"281","HU","Huesca","22226","Tardienta"
"281","HU","Huesca","22227","Tella-Sin"
"281","HU","Huesca","22228","Tierz"
"281","HU","Huesca","22229","Tolva"
"281","HU","Huesca","22230","Torla-Ordesa"
"281","HU","Huesca","22232","Torralba de Aragón"
"281","HU","Huesca","22233","Torre la Ribera"
"281","HU","Huesca","22234","Torrente de Cinca"
"281","HU","Huesca","22235","Torres de Alcanadre"
"281","HU","Huesca","22236","Torres de Barbués"
"281","HU","Huesca","22239","Tramaced"
"281","HU","Huesca","22242","Valfarta"
"281","HU","Huesca","22243","Valle de Bardají"
"281","HU","Huesca","22244","Valle de Lierp"
"281","HU","Huesca","22245","Velilla de Cinca"
"281","HU","Huesca","22246","Beranuy"
"281","HU","Huesca","22247","Viacamp y Litera"
"281","HU","Huesca","22248","Vicién"
"281","HU","Huesca","22249","Villanova"
"281","HU","Huesca","22250","Villanúa"
"281","HU","Huesca","22251","Villanueva de Sigena"
"281","HU","Huesca","22252","Yebra de Basa"
"281","HU","Huesca","22253","Yésero"
"281","HU","Huesca","22254","Zaidín"
"281","HU","Huesca","22901","Valle de Hecho"
"281","HU","Huesca","22902","Puente la Reina de Jaca"
"281","HU","Huesca","22903","San Miguel del Cinca"
"281","HU","Huesca","22904","Sotonera (La)"
"281","HU","Huesca","22905","Lupiñén-Ortilla"
"281","HU","Huesca","22906","Santa María de Dulcis"
"281","HU","Huesca","22907","Aínsa-Sobrarbe"
"281","HU","Huesca","22908","Hoz y Costean"
"281","HU","Huesca","22909","Vencillón"
"281","J","Jaén","23001","Albanchez de Mágina"
"281","J","Jaén","23002","Alcalá la Real"
"281","J","Jaén","23003","Alcaudete"
"281","J","Jaén","23004","Aldeaquemada"
"281","J","Jaén","23005","Andújar"
"281","J","Jaén","23006","Arjona"
"281","J","Jaén","23007","Arjonilla"
"281","J","Jaén","23008","Arquillos"
"281","J","Jaén","23009","Baeza"
"281","J","Jaén","23010","Bailén"
"281","J","Jaén","23011","Baños de la Encina"
"281","J","Jaén","23012","Beas de Segura"
"281","J","Jaén","23014","Begíjar"
"281","J","Jaén","23015","Bélmez de la Moraleda"
"281","J","Jaén","23016","Benatae"
"281","J","Jaén","23017","Cabra del Santo Cristo"
"281","J","Jaén","23018","Cambil"
"281","J","Jaén","23019","Campillo de Arenas"
"281","J","Jaén","23020","Canena"
"281","J","Jaén","23021","Carboneros"
"281","J","Jaén","23024","Carolina (La)"
"281","J","Jaén","23025","Castellar"
"281","J","Jaén","23026","Castillo de Locubín"
"281","J","Jaén","23027","Cazalilla"
"281","J","Jaén","23028","Cazorla"
"281","J","Jaén","23029","Chiclana de Segura"
"281","J","Jaén","23030","Chilluévar"
"281","J","Jaén","23031","Escañuela"
"281","J","Jaén","23032","Espeluy"
"281","J","Jaén","23033","Frailes"
"281","J","Jaén","23034","Fuensanta de Martos"
"281","J","Jaén","23035","Fuerte del Rey"
"281","J","Jaén","23037","Génave"
"281","J","Jaén","23038","Guardia de Jaén (La)"
"281","J","Jaén","23039","Guarromán"
"281","J","Jaén","23040","Lahiguera"
"281","J","Jaén","23041","Higuera de Calatrava"
"281","J","Jaén","23042","Hinojares"
"281","J","Jaén","23043","Hornos"
"281","J","Jaén","23044","Huelma"
"281","J","Jaén","23045","Huesa"
"281","J","Jaén","23046","Ibros"
"281","J","Jaén","23047","Iruela (La)"
"281","J","Jaén","23048","Iznatoraf"
"281","J","Jaén","23049","Jabalquinto"
"281","J","Jaén","23050","Jaén"
"281","J","Jaén","23051","Jamilena"
"281","J","Jaén","23052","Jimena"
"281","J","Jaén","23053","Jódar"
"281","J","Jaén","23054","Larva"
"281","J","Jaén","23055","Linares"
"281","J","Jaén","23056","Lopera"
"281","J","Jaén","23057","Lupión"
"281","J","Jaén","23058","Mancha Real"
"281","J","Jaén","23059","Marmolejo"
"281","J","Jaén","23060","Martos"
"281","J","Jaén","23061","Mengíbar"
"281","J","Jaén","23062","Montizón"
"281","J","Jaén","23063","Navas de San Juan"
"281","J","Jaén","23064","Noalejo"
"281","J","Jaén","23065","Orcera"
"281","J","Jaén","23066","Peal de Becerro"
"281","J","Jaén","23067","Pegalajar"
"281","J","Jaén","23069","Porcuna"
"281","J","Jaén","23070","Pozo Alcón"
"281","J","Jaén","23071","Puente de Génave"
"281","J","Jaén","23072","Puerta de Segura (La)"
"281","J","Jaén","23073","Quesada"
"281","J","Jaén","23074","Rus"
"281","J","Jaén","23075","Sabiote"
"281","J","Jaén","23076","Santa Elena"
"281","J","Jaén","23077","Santiago de Calatrava"
"281","J","Jaén","23079","Santisteban del Puerto"
"281","J","Jaén","23080","Santo Tomé"
"281","J","Jaén","23081","Segura de la Sierra"
"281","J","Jaén","23082","Siles"
"281","J","Jaén","23084","Sorihuela del Guadalimar"
"281","J","Jaén","23085","Torreblascopedro"
"281","J","Jaén","23086","Torredelcampo"
"281","J","Jaén","23087","Torredonjimeno"
"281","J","Jaén","23088","Torreperogil"
"281","J","Jaén","23090","Torres"
"281","J","Jaén","23091","Torres de Albánchez"
"281","J","Jaén","23092","Úbeda"
"281","J","Jaén","23093","Valdepeñas de Jaén"
"281","J","Jaén","23094","Vilches"
"281","J","Jaén","23095","Villacarrillo"
"281","J","Jaén","23096","Villanueva de la Reina"
"281","J","Jaén","23097","Villanueva del Arzobispo"
"281","J","Jaén","23098","Villardompardo"
"281","J","Jaén","23099","Villares (Los)"
"281","J","Jaén","23101","Villarrodrigo"
"281","J","Jaén","23901","Cárcheles"
"281","J","Jaén","23902","Bedmar y Garcíez"
"281","J","Jaén","23903","Villatorres"
"281","J","Jaén","23904","Santiago-Pontones"
"281","J","Jaén","23905","Arroyo del Ojanco"
"281","LE","León","24001","Acebedo"
"281","LE","León","24002","Algadefe"
"281","LE","León","24003","Alija del Infantado"
"281","LE","León","24004","Almanza"
"281","LE","León","24005","Antigua (La)"
"281","LE","León","24006","Ardón"
"281","LE","León","24007","Arganza"
"281","LE","León","24008","Astorga"
"281","LE","León","24009","Balboa"
"281","LE","León","24010","Bañeza (La)"
"281","LE","León","24011","Barjas"
"281","LE","León","24012","Barrios de Luna (Los)"
"281","LE","León","24014","Bembibre"
"281","LE","León","24015","Benavides"
"281","LE","León","24016","Benuza"
"281","LE","León","24017","Bercianos del Páramo"
"281","LE","León","24018","Bercianos del Real Camino"
"281","LE","León","24019","Berlanga del Bierzo"
"281","LE","León","24020","Boca de Huérgano"
"281","LE","León","24021","Boñar"
"281","LE","León","24022","Borrenes"
"281","LE","León","24023","Brazuelo"
"281","LE","León","24024","Burgo Ranero (El)"
"281","LE","León","24025","Burón"
"281","LE","León","24026","Bustillo del Páramo"
"281","LE","León","24027","Cabañas Raras"
"281","LE","León","24028","Cabreros del Río"
"281","LE","León","24029","Cabrillanes"
"281","LE","León","24030","Cacabelos"
"281","LE","León","24031","Calzada del Coto"
"281","LE","León","24032","Campazas"
"281","LE","León","24033","Campo de Villavidel"
"281","LE","León","24034","Camponaraya"
"281","LE","León","24036","Valle de Ancares"
"281","LE","León","24037","Cármenes"
"281","LE","León","24038","Carracedelo"
"281","LE","León","24039","Carrizo"
"281","LE","León","24040","Carrocera"
"281","LE","León","24041","Carucedo"
"281","LE","León","24042","Castilfalé"
"281","LE","León","24043","Castrillo de Cabrera"
"281","LE","León","24044","Castrillo de la Valduerna"
"281","LE","León","24046","Castrocalbón"
"281","LE","León","24047","Castrocontrigo"
"281","LE","León","24049","Castropodame"
"281","LE","León","24050","Castrotierra de Valmadrigal"
"281","LE","León","24051","Cea"
"281","LE","León","24052","Cebanico"
"281","LE","León","24053","Cebrones del Río"
"281","LE","León","24054","Cimanes de la Vega"
"281","LE","León","24055","Cimanes del Tejar"
"281","LE","León","24056","Cistierna"
"281","LE","León","24057","Congosto"
"281","LE","León","24058","Corbillos de los Oteros"
"281","LE","León","24059","Corullón"
"281","LE","León","24060","Crémenes"
"281","LE","León","24061","Cuadros"
"281","LE","León","24062","Cubillas de los Oteros"
"281","LE","León","24063","Cubillas de Rueda"
"281","LE","León","24064","Cubillos del Sil"
"281","LE","León","24065","Chozas de Abajo"
"281","LE","León","24066","Destriana"
"281","LE","León","24067","Encinedo"
"281","LE","León","24068","Ercina (La)"
"281","LE","León","24069","Escobar de Campos"
"281","LE","León","24070","Fabero"
"281","LE","León","24071","Folgoso de la Ribera"
"281","LE","León","24073","Fresno de la Vega"
"281","LE","León","24074","Fuentes de Carbajal"
"281","LE","León","24076","Garrafe de Torío"
"281","LE","León","24077","Gordaliza del Pino"
"281","LE","León","24078","Gordoncillo"
"281","LE","León","24079","Gradefes"
"281","LE","León","24080","Grajal de Campos"
"281","LE","León","24081","Gusendos de los Oteros"
"281","LE","León","24082","Hospital de Órbigo"
"281","LE","León","24083","Igüeña"
"281","LE","León","24084","Izagre"
"281","LE","León","24086","Joarilla de las Matas"
"281","LE","León","24087","Laguna Dalga"
"281","LE","León","24088","Laguna de Negrillos"
"281","LE","León","24089","León"
"281","LE","León","24090","Lucillo"
"281","LE","León","24091","Luyego"
"281","LE","León","24092","Llamas de la Ribera"
"281","LE","León","24093","Magaz de Cepeda"
"281","LE","León","24094","Mansilla de las Mulas"
"281","LE","León","24095","Mansilla Mayor"
"281","LE","León","24096","Maraña"
"281","LE","León","24097","Matadeón de los Oteros"
"281","LE","León","24098","Matallana de Torío"
"281","LE","León","24099","Matanza"
"281","LE","León","24100","Molinaseca"
"281","LE","León","24101","Murias de Paredes"
"281","LE","León","24102","Noceda del Bierzo"
"281","LE","León","24103","Oencia"
"281","LE","León","24104","Omañas (Las)"
"281","LE","León","24105","Onzonilla"
"281","LE","León","24106","Oseja de Sajambre"
"281","LE","León","24107","Pajares de los Oteros"
"281","LE","León","24108","Palacios de la Valduerna"
"281","LE","León","24109","Palacios del Sil"
"281","LE","León","24110","Páramo del Sil"
"281","LE","León","24112","Peranzanes"
"281","LE","León","24113","Pobladura de Pelayo García"
"281","LE","León","24114","Pola de Gordón (La)"
"281","LE","León","24115","Ponferrada"
"281","LE","León","24116","Posada de Valdeón"
"281","LE","León","24117","Pozuelo del Páramo"
"281","LE","León","24118","Prado de la Guzpeña"
"281","LE","León","24119","Priaranza del Bierzo"
"281","LE","León","24120","Prioro"
"281","LE","León","24121","Puebla de Lillo"
"281","LE","León","24122","Puente de Domingo Flórez"
"281","LE","León","24123","Quintana del Castillo"
"281","LE","León","24124","Quintana del Marco"
"281","LE","León","24125","Quintana y Congosto"
"281","LE","León","24127","Regueras de Arriba"
"281","LE","León","24129","Reyero"
"281","LE","León","24130","Riaño"
"281","LE","León","24131","Riego de la Vega"
"281","LE","León","24132","Riello"
"281","LE","León","24133","Rioseco de Tapia"
"281","LE","León","24134","Robla (La)"
"281","LE","León","24136","Roperuelos del Páramo"
"281","LE","León","24137","Sabero"
"281","LE","León","24139","Sahagún"
"281","LE","León","24141","San Adrián del Valle"
"281","LE","León","24142","San Andrés del Rabanedo"
"281","LE","León","24143","Sancedo"
"281","LE","León","24144","San Cristóbal de la Polantera"
"281","LE","León","24145","San Emiliano"
"281","LE","León","24146","San Esteban de Nogales"
"281","LE","León","24148","San Justo de la Vega"
"281","LE","León","24149","San Millán de los Caballeros"
"281","LE","León","24150","San Pedro Bercianos"
"281","LE","León","24151","Santa Colomba de Curueño"
"281","LE","León","24152","Santa Colomba de Somoza"
"281","LE","León","24153","Santa Cristina de Valmadrigal"
"281","LE","León","24154","Santa Elena de Jamuz"
"281","LE","León","24155","Santa María de la Isla"
"281","LE","León","24156","Santa María del Monte de Cea"
"281","LE","León","24157","Santa María del Páramo"
"281","LE","León","24158","Santa María de Ordás"
"281","LE","León","24159","Santa Marina del Rey"
"281","LE","León","24160","Santas Martas"
"281","LE","León","24161","Santiago Millas"
"281","LE","León","24162","Santovenia de la Valdoncina"
"281","LE","León","24163","Sariegos"
"281","LE","León","24164","Sena de Luna"
"281","LE","León","24165","Sobrado"
"281","LE","León","24166","Soto de la Vega"
"281","LE","León","24167","Soto y Amío"
"281","LE","León","24168","Toral de los Guzmanes"
"281","LE","León","24169","Toreno"
"281","LE","León","24170","Torre del Bierzo"
"281","LE","León","24171","Trabadelo"
"281","LE","León","24172","Truchas"
"281","LE","León","24173","Turcia"
"281","LE","León","24174","Urdiales del Páramo"
"281","LE","León","24175","Valdefresno"
"281","LE","León","24176","Valdefuentes del Páramo"
"281","LE","León","24177","Valdelugueros"
"281","LE","León","24178","Valdemora"
"281","LE","León","24179","Valdepiélago"
"281","LE","León","24180","Valdepolo"
"281","LE","León","24181","Valderas"
"281","LE","León","24182","Valderrey"
"281","LE","León","24183","Valderrueda"
"281","LE","León","24184","Valdesamario"
"281","LE","León","24185","Val de San Lorenzo"
"281","LE","León","24187","Valdevimbre"
"281","LE","León","24188","Valencia de Don Juan"
"281","LE","León","24189","Valverde de la Virgen"
"281","LE","León","24190","Valverde-Enrique"
"281","LE","León","24191","Vallecillo"
"281","LE","León","24193","Vecilla (La)"
"281","LE","León","24194","Vegacervera"
"281","LE","León","24196","Vega de Espinareda"
"281","LE","León","24197","Vega de Infanzones"
"281","LE","León","24198","Vega de Valcarce"
"281","LE","León","24199","Vegaquemada"
"281","LE","León","24201","Vegas del Condado"
"281","LE","León","24202","Villablino"
"281","LE","León","24203","Villabraz"
"281","LE","León","24205","Villadangos del Páramo"
"281","LE","León","24206","Toral de los Vados"
"281","LE","León","24207","Villademor de la Vega"
"281","LE","León","24209","Villafranca del Bierzo"
"281","LE","León","24210","Villagatón"
"281","LE","León","24211","Villamandos"
"281","LE","León","24212","Villamañán"
"281","LE","León","24213","Villamartín de Don Sancho"
"281","LE","León","24214","Villamejil"
"281","LE","León","24215","Villamol"
"281","LE","León","24216","Villamontán de la Valduerna"
"281","LE","León","24217","Villamoratiel de las Matas"
"281","LE","León","24218","Villanueva de las Manzanas"
"281","LE","León","24219","Villaobispo de Otero"
"281","LE","León","24221","Villaquejida"
"281","LE","León","24222","Villaquilambre"
"281","LE","León","24223","Villarejo de Órbigo"
"281","LE","León","24224","Villares de Órbigo"
"281","LE","León","24225","Villasabariego"
"281","LE","León","24226","Villaselán"
"281","LE","León","24227","Villaturiel"
"281","LE","León","24228","Villazala"
"281","LE","León","24229","Villazanzo de Valderaduey"
"281","LE","León","24230","Zotes del Páramo"
"281","LE","León","24901","Villamanín"
"281","LE","León","24902","Villaornate y Castro"
"281","L","Lleida","25001","Abella de la Conca"
"281","L","Lleida","25002","Àger"
"281","L","Lleida","25003","Agramunt"
"281","L","Lleida","25004","Alamús (Els)"
"281","L","Lleida","25005","Alàs i Cerc"
"281","L","Lleida","25006","Albagés (L')"
"281","L","Lleida","25007","Albatàrrec"
"281","L","Lleida","25008","Albesa"
"281","L","Lleida","25009","Albi (L')"
"281","L","Lleida","25010","Alcanó"
"281","L","Lleida","25011","Alcarràs"
"281","L","Lleida","25012","Alcoletge"
"281","L","Lleida","25013","Alfarràs"
"281","L","Lleida","25014","Alfés"
"281","L","Lleida","25015","Algerri"
"281","L","Lleida","25016","Alguaire"
"281","L","Lleida","25017","Alins"
"281","L","Lleida","25019","Almacelles"
"281","L","Lleida","25020","Almatret"
"281","L","Lleida","25021","Almenar"
"281","L","Lleida","25022","Alòs de Balaguer"
"281","L","Lleida","25023","Alpicat"
"281","L","Lleida","25024","Alt Àneu"
"281","L","Lleida","25025","Naut Aran"
"281","L","Lleida","25027","Anglesola"
"281","L","Lleida","25029","Arbeca"
"281","L","Lleida","25030","Pont de Bar (El)"
"281","L","Lleida","25031","Arres"
"281","L","Lleida","25032","Arsèguel"
"281","L","Lleida","25033","Artesa de Lleida"
"281","L","Lleida","25034","Artesa de Segre"
"281","L","Lleida","25035","Sentiu de Sió (La)"
"281","L","Lleida","25036","Aspa"
"281","L","Lleida","25037","Avellanes i Santa Linya (Les)"
"281","L","Lleida","25038","Aitona"
"281","L","Lleida","25039","Baix Pallars"
"281","L","Lleida","25040","Balaguer"
"281","L","Lleida","25041","Barbens"
"281","L","Lleida","25042","Baronia de Rialb (La)"
"281","L","Lleida","25043","Vall de Boí (La)"
"281","L","Lleida","25044","Bassella"
"281","L","Lleida","25045","Bausen"
"281","L","Lleida","25046","Belianes"
"281","L","Lleida","25047","Bellcaire d'Urgell"
"281","L","Lleida","25048","Bell-lloc d'Urgell"
"281","L","Lleida","25049","Bellmunt d'Urgell"
"281","L","Lleida","25050","Bellpuig"
"281","L","Lleida","25051","Bellver de Cerdanya"
"281","L","Lleida","25052","Bellvís"
"281","L","Lleida","25053","Benavent de Segrià"
"281","L","Lleida","25055","Biosca"
"281","L","Lleida","25056","Bovera"
"281","L","Lleida","25057","Bòrdes (Es)"
"281","L","Lleida","25058","Borges Blanques (Les)"
"281","L","Lleida","25059","Bossòst"
"281","L","Lleida","25060","Cabanabona"
"281","L","Lleida","25061","Cabó"
"281","L","Lleida","25062","Camarasa"
"281","L","Lleida","25063","Canejan"
"281","L","Lleida","25064","Castellar de la Ribera"
"281","L","Lleida","25067","Castelldans"
"281","L","Lleida","25068","Castellnou de Seana"
"281","L","Lleida","25069","Castelló de Farfanya"
"281","L","Lleida","25070","Castellserà"
"281","L","Lleida","25071","Cava"
"281","L","Lleida","25072","Cervera"
"281","L","Lleida","25073","Cervià de les Garrigues"
"281","L","Lleida","25074","Ciutadilla"
"281","L","Lleida","25075","Clariana de Cardener"
"281","L","Lleida","25076","Cogul (El)"
"281","L","Lleida","25077","Coll de Nargó"
"281","L","Lleida","25078","Corbins"
"281","L","Lleida","25079","Cubells"
"281","L","Lleida","25081","Espluga Calba (L')"
"281","L","Lleida","25082","Espot"
"281","L","Lleida","25085","Estaràs"
"281","L","Lleida","25086","Esterri d'Àneu"
"281","L","Lleida","25087","Esterri de Cardós"
"281","L","Lleida","25088","Estamariu"
"281","L","Lleida","25089","Farrera"
"281","L","Lleida","25092","Floresta (La)"
"281","L","Lleida","25093","Fondarella"
"281","L","Lleida","25094","Foradada"
"281","L","Lleida","25096","Fuliola (La)"
"281","L","Lleida","25097","Fulleda"
"281","L","Lleida","25098","Gavet de la Conca"
"281","L","Lleida","25099","Golmés"
"281","L","Lleida","25100","Gósol"
"281","L","Lleida","25101","Granadella (La)"
"281","L","Lleida","25102","Granja d'Escarp (La)"
"281","L","Lleida","25103","Granyanella"
"281","L","Lleida","25104","Granyena de Segarra"
"281","L","Lleida","25105","Granyena de les Garrigues"
"281","L","Lleida","25109","Guimerà"
"281","L","Lleida","25110","Guissona"
"281","L","Lleida","25111","Guixers"
"281","L","Lleida","25112","Ivars de Noguera"
"281","L","Lleida","25113","Ivars d'Urgell"
"281","L","Lleida","25114","Ivorra"
"281","L","Lleida","25115","Isona i Conca Dellà"
"281","L","Lleida","25118","Juncosa"
"281","L","Lleida","25119","Juneda"
"281","L","Lleida","25120","Lleida"
"281","L","Lleida","25121","Les"
"281","L","Lleida","25122","Linyola"
"281","L","Lleida","25123","Lladorre"
"281","L","Lleida","25124","Lladurs"
"281","L","Lleida","25125","Llardecans"
"281","L","Lleida","25126","Llavorsí"
"281","L","Lleida","25127","Lles de Cerdanya"
"281","L","Lleida","25128","Llimiana"
"281","L","Lleida","25129","Llobera"
"281","L","Lleida","25130","Maldà"
"281","L","Lleida","25131","Massalcoreig"
"281","L","Lleida","25132","Massoteres"
"281","L","Lleida","25133","Maials"
"281","L","Lleida","25134","Menàrguens"
"281","L","Lleida","25135","Miralcamp"
"281","L","Lleida","25136","Molsosa (La)"
"281","L","Lleida","25137","Mollerussa"
"281","L","Lleida","25138","Montgai"
"281","L","Lleida","25139","Montellà i Martinet"
"281","L","Lleida","25140","Montferrer i Castellbò"
"281","L","Lleida","25141","Montoliu de Segarra"
"281","L","Lleida","25142","Montoliu de Lleida"
"281","L","Lleida","25143","Montornès de Segarra"
"281","L","Lleida","25145","Nalec"
"281","L","Lleida","25146","Navès"
"281","L","Lleida","25148","Odèn"
"281","L","Lleida","25149","Oliana"
"281","L","Lleida","25150","Oliola"
"281","L","Lleida","25151","Olius"
"281","L","Lleida","25152","Oluges (Les)"
"281","L","Lleida","25153","Omellons (Els)"
"281","L","Lleida","25154","Omells de na Gaia (Els)"
"281","L","Lleida","25155","Organyà"
"281","L","Lleida","25156","Os de Balaguer"
"281","L","Lleida","25157","Ossó de Sió"
"281","L","Lleida","25158","Palau d'Anglesola (El)"
"281","L","Lleida","25161","Conca de Dalt"
"281","L","Lleida","25163","Coma i la Pedra (La)"
"281","L","Lleida","25164","Penelles"
"281","L","Lleida","25165","Peramola"
"281","L","Lleida","25166","Pinell de Solsonès"
"281","L","Lleida","25167","Pinós"
"281","L","Lleida","25168","Poal (El)"
"281","L","Lleida","25169","Pobla de Cérvoles (La)"
"281","L","Lleida","25170","Bellaguarda"
"281","L","Lleida","25171","Pobla de Segur (La)"
"281","L","Lleida","25172","Ponts"
"281","L","Lleida","25173","Pont de Suert (El)"
"281","L","Lleida","25174","Portella (La)"
"281","L","Lleida","25175","Prats i Sansor"
"281","L","Lleida","25176","Preixana"
"281","L","Lleida","25177","Preixens"
"281","L","Lleida","25179","Prullans"
"281","L","Lleida","25180","Puiggròs"
"281","L","Lleida","25181","Puigverd d'Agramunt"
"281","L","Lleida","25182","Puigverd de Lleida"
"281","L","Lleida","25183","Rialp"
"281","L","Lleida","25185","Ribera d'Urgellet"
"281","L","Lleida","25186","Riner"
"281","L","Lleida","25189","Rosselló"
"281","L","Lleida","25190","Salàs de Pallars"
"281","L","Lleida","25191","Sanaüja"
"281","L","Lleida","25192","Sant Guim de Freixenet"
"281","L","Lleida","25193","Sant Llorenç de Morunys"
"281","L","Lleida","25194","Sant Ramon"
"281","L","Lleida","25196","Sant Esteve de la Sarga"
"281","L","Lleida","25197","Sant Guim de la Plana"
"281","L","Lleida","25200","Sarroca de Lleida"
"281","L","Lleida","25201","Sarroca de Bellera"
"281","L","Lleida","25202","Senterada"
"281","L","Lleida","25203","Seu d'Urgell (La)"
"281","L","Lleida","25204","Seròs"
"281","L","Lleida","25205","Sidamon"
"281","L","Lleida","25206","Soleràs (El)"
"281","L","Lleida","25207","Solsona"
"281","L","Lleida","25208","Soriguera"
"281","L","Lleida","25209","Sort"
"281","L","Lleida","25210","Soses"
"281","L","Lleida","25211","Sudanell"
"281","L","Lleida","25212","Sunyer"
"281","L","Lleida","25215","Talarn"
"281","L","Lleida","25216","Talavera"
"281","L","Lleida","25217","Tàrrega"
"281","L","Lleida","25218","Tarrés"
"281","L","Lleida","25219","Tarroja de Segarra"
"281","L","Lleida","25220","Térmens"
"281","L","Lleida","25221","Tírvia"
"281","L","Lleida","25222","Tiurana"
"281","L","Lleida","25223","Torà"
"281","L","Lleida","25224","Torms (Els)"
"281","L","Lleida","25225","Tornabous"
"281","L","Lleida","25226","Torrebesses"
"281","L","Lleida","25227","Torre de Cabdella (La)"
"281","L","Lleida","25228","Torrefarrera"
"281","L","Lleida","25230","Torregrossa"
"281","L","Lleida","25231","Torrelameu"
"281","L","Lleida","25232","Torres de Segre"
"281","L","Lleida","25233","Torre-serona"
"281","L","Lleida","25234","Tremp"
"281","L","Lleida","25238","Vallbona de les Monges"
"281","L","Lleida","25239","Valls de Valira (Les)"
"281","L","Lleida","25240","Vallfogona de Balaguer"
"281","L","Lleida","25242","Verdú"
"281","L","Lleida","25243","Vielha e Mijaran"
"281","L","Lleida","25244","Vilagrassa"
"281","L","Lleida","25245","Vilaller"
"281","L","Lleida","25247","Vilamòs"
"281","L","Lleida","25248","Vilanova de Bellpuig"
"281","L","Lleida","25249","Vilanova de l'Aguda"
"281","L","Lleida","25250","Vilanova de Meià"
"281","L","Lleida","25251","Vilanova de Segrià"
"281","L","Lleida","25252","Vila-sana"
"281","L","Lleida","25253","Vilosell (El)"
"281","L","Lleida","25254","Vilanova de la Barca"
"281","L","Lleida","25255","Vinaixa"
"281","L","Lleida","25901","Vall de Cardós"
"281","L","Lleida","25902","Sant Martí de Riucorb"
"281","L","Lleida","25903","Guingueta d'Àneu (La)"
"281","L","Lleida","25904","Castell de Mur"
"281","L","Lleida","25905","Ribera d'Ondara"
"281","L","Lleida","25906","Valls d'Aguilar (Les)"
"281","L","Lleida","25907","Torrefeta i Florejacs"
"281","L","Lleida","25908","Fígols i Alinyà"
"281","L","Lleida","25909","Vansa i Fórnols (La)"
"281","L","Lleida","25910","Josa i Tuixén"
"281","L","Lleida","25911","Plans de Sió (Els)"
"281","L","Lleida","25912","Gimenells i el Pla de la Font"
"281","L","Lleida","25913","Riu de Cerdanya"
"281","LO","La Rioja","26001","Ábalos"
"281","LO","La Rioja","26002","Agoncillo"
"281","LO","La Rioja","26003","Aguilar del Río Alhama"
"281","LO","La Rioja","26004","Ajamil"
"281","LO","La Rioja","26005","Albelda de Iregua"
"281","LO","La Rioja","26006","Alberite"
"281","LO","La Rioja","26007","Alcanadre"
"281","LO","La Rioja","26008","Aldeanueva de Ebro"
"281","LO","La Rioja","26009","Alesanco"
"281","LO","La Rioja","26010","Alesón"
"281","LO","La Rioja","26011","Alfaro"
"281","LO","La Rioja","26012","Almarza de Cameros"
"281","LO","La Rioja","26013","Anguciana"
"281","LO","La Rioja","26014","Anguiano"
"281","LO","La Rioja","26015","Arenzana de Abajo"
"281","LO","La Rioja","26016","Arenzana de Arriba"
"281","LO","La Rioja","26017","Arnedillo"
"281","LO","La Rioja","26018","Arnedo"
"281","LO","La Rioja","26019","Arrúbal"
"281","LO","La Rioja","26020","Ausejo"
"281","LO","La Rioja","26021","Autol"
"281","LO","La Rioja","26022","Azofra"
"281","LO","La Rioja","26023","Badarán"
"281","LO","La Rioja","26024","Bañares"
"281","LO","La Rioja","26025","Baños de Rioja"
"281","LO","La Rioja","26026","Baños de Río Tobía"
"281","LO","La Rioja","26027","Berceo"
"281","LO","La Rioja","26028","Bergasa"
"281","LO","La Rioja","26029","Bergasillas Bajera"
"281","LO","La Rioja","26030","Bezares"
"281","LO","La Rioja","26031","Bobadilla"
"281","LO","La Rioja","26032","Brieva de Cameros"
"281","LO","La Rioja","26033","Briñas"
"281","LO","La Rioja","26034","Briones"
"281","LO","La Rioja","26035","Cabezón de Cameros"
"281","LO","La Rioja","26036","Calahorra"
"281","LO","La Rioja","26037","Camprovín"
"281","LO","La Rioja","26038","Canales de la Sierra"
"281","LO","La Rioja","26039","Canillas de Río Tuerto"
"281","LO","La Rioja","26040","Cañas"
"281","LO","La Rioja","26041","Cárdenas"
"281","LO","La Rioja","26042","Casalarreina"
"281","LO","La Rioja","26043","Castañares de Rioja"
"281","LO","La Rioja","26044","Castroviejo"
"281","LO","La Rioja","26045","Cellorigo"
"281","LO","La Rioja","26046","Cenicero"
"281","LO","La Rioja","26047","Cervera del Río Alhama"
"281","LO","La Rioja","26048","Cidamón"
"281","LO","La Rioja","26049","Cihuri"
"281","LO","La Rioja","26050","Cirueña"
"281","LO","La Rioja","26051","Clavijo"
"281","LO","La Rioja","26052","Cordovín"
"281","LO","La Rioja","26053","Corera"
"281","LO","La Rioja","26054","Cornago"
"281","LO","La Rioja","26055","Corporales"
"281","LO","La Rioja","26056","Cuzcurrita de Río Tirón"
"281","LO","La Rioja","26057","Daroca de Rioja"
"281","LO","La Rioja","26058","Enciso"
"281","LO","La Rioja","26059","Entrena"
"281","LO","La Rioja","26060","Estollo"
"281","LO","La Rioja","26061","Ezcaray"
"281","LO","La Rioja","26062","Foncea"
"281","LO","La Rioja","26063","Fonzaleche"
"281","LO","La Rioja","26064","Fuenmayor"
"281","LO","La Rioja","26065","Galbárruli"
"281","LO","La Rioja","26066","Galilea"
"281","LO","La Rioja","26067","Gallinero de Cameros"
"281","LO","La Rioja","26068","Gimileo"
"281","LO","La Rioja","26069","Grañón"
"281","LO","La Rioja","26070","Grávalos"
"281","LO","La Rioja","26071","Haro"
"281","LO","La Rioja","26072","Herce"
"281","LO","La Rioja","26073","Herramélluri"
"281","LO","La Rioja","26074","Hervías"
"281","LO","La Rioja","26075","Hormilla"
"281","LO","La Rioja","26076","Hormilleja"
"281","LO","La Rioja","26077","Hornillos de Cameros"
"281","LO","La Rioja","26078","Hornos de Moncalvillo"
"281","LO","La Rioja","26079","Huércanos"
"281","LO","La Rioja","26080","Igea"
"281","LO","La Rioja","26081","Jalón de Cameros"
"281","LO","La Rioja","26082","Laguna de Cameros"
"281","LO","La Rioja","26083","Lagunilla del Jubera"
"281","LO","La Rioja","26084","Lardero"
"281","LO","La Rioja","26086","Ledesma de la Cogolla"
"281","LO","La Rioja","26087","Leiva"
"281","LO","La Rioja","26088","Leza de Río Leza"
"281","LO","La Rioja","26089","Logroño"
"281","LO","La Rioja","26091","Lumbreras de Cameros"
"281","LO","La Rioja","26092","Manjarrés"
"281","LO","La Rioja","26093","Mansilla de la Sierra"
"281","LO","La Rioja","26094","Manzanares de Rioja"
"281","LO","La Rioja","26095","Matute"
"281","LO","La Rioja","26096","Medrano"
"281","LO","La Rioja","26098","Munilla"
"281","LO","La Rioja","26099","Murillo de Río Leza"
"281","LO","La Rioja","26100","Muro de Aguas"
"281","LO","La Rioja","26101","Muro en Cameros"
"281","LO","La Rioja","26102","Nájera"
"281","LO","La Rioja","26103","Nalda"
"281","LO","La Rioja","26104","Navajún"
"281","LO","La Rioja","26105","Navarrete"
"281","LO","La Rioja","26106","Nestares"
"281","LO","La Rioja","26107","Nieva de Cameros"
"281","LO","La Rioja","26108","Ocón"
"281","LO","La Rioja","26109","Ochánduri"
"281","LO","La Rioja","26110","Ojacastro"
"281","LO","La Rioja","26111","Ollauri"
"281","LO","La Rioja","26112","Ortigosa de Cameros"
"281","LO","La Rioja","26113","Pazuengos"
"281","LO","La Rioja","26114","Pedroso"
"281","LO","La Rioja","26115","Pinillos"
"281","LO","La Rioja","26117","Pradejón"
"281","LO","La Rioja","26118","Pradillo"
"281","LO","La Rioja","26119","Préjano"
"281","LO","La Rioja","26120","Quel"
"281","LO","La Rioja","26121","Rabanera"
"281","LO","La Rioja","26122","Rasillo de Cameros (El)"
"281","LO","La Rioja","26123","Redal (El)"
"281","LO","La Rioja","26124","Ribafrecha"
"281","LO","La Rioja","26125","Rincón de Soto"
"281","LO","La Rioja","26126","Robres del Castillo"
"281","LO","La Rioja","26127","Rodezno"
"281","LO","La Rioja","26128","Sajazarra"
"281","LO","La Rioja","26129","San Asensio"
"281","LO","La Rioja","26130","San Millán de la Cogolla"
"281","LO","La Rioja","26131","San Millán de Yécora"
"281","LO","La Rioja","26132","San Román de Cameros"
"281","LO","La Rioja","26134","Santa Coloma"
"281","LO","La Rioja","26135","Santa Engracia del Jubera"
"281","LO","La Rioja","26136","Santa Eulalia Bajera"
"281","LO","La Rioja","26138","Santo Domingo de la Calzada"
"281","LO","La Rioja","26139","San Torcuato"
"281","LO","La Rioja","26140","Santurde de Rioja"
"281","LO","La Rioja","26141","Santurdejo"
"281","LO","La Rioja","26142","San Vicente de la Sonsierra"
"281","LO","La Rioja","26143","Sojuela"
"281","LO","La Rioja","26144","Sorzano"
"281","LO","La Rioja","26145","Sotés"
"281","LO","La Rioja","26146","Soto en Cameros"
"281","LO","La Rioja","26147","Terroba"
"281","LO","La Rioja","26148","Tirgo"
"281","LO","La Rioja","26149","Tobía"
"281","LO","La Rioja","26150","Tormantos"
"281","LO","La Rioja","26151","Torrecilla en Cameros"
"281","LO","La Rioja","26152","Torrecilla sobre Alesanco"
"281","LO","La Rioja","26153","Torre en Cameros"
"281","LO","La Rioja","26154","Torremontalbo"
"281","LO","La Rioja","26155","Treviana"
"281","LO","La Rioja","26157","Tricio"
"281","LO","La Rioja","26158","Tudelilla"
"281","LO","La Rioja","26160","Uruñuela"
"281","LO","La Rioja","26161","Valdemadera"
"281","LO","La Rioja","26162","Valgañón"
"281","LO","La Rioja","26163","Ventosa"
"281","LO","La Rioja","26164","Ventrosa"
"281","LO","La Rioja","26165","Viguera"
"281","LO","La Rioja","26166","Villalba de Rioja"
"281","LO","La Rioja","26167","Villalobar de Rioja"
"281","LO","La Rioja","26168","Villamediana de Iregua"
"281","LO","La Rioja","26169","Villanueva de Cameros"
"281","LO","La Rioja","26170","Villar de Arnedo (El)"
"281","LO","La Rioja","26171","Villar de Torre"
"281","LO","La Rioja","26172","Villarejo"
"281","LO","La Rioja","26173","Villarroya"
"281","LO","La Rioja","26174","Villarta-Quintana"
"281","LO","La Rioja","26175","Villavelayo"
"281","LO","La Rioja","26176","Villaverde de Rioja"
"281","LO","La Rioja","26177","Villoslada de Cameros"
"281","LO","La Rioja","26178","Viniegra de Abajo"
"281","LO","La Rioja","26179","Viniegra de Arriba"
"281","LO","La Rioja","26180","Zarratón"
"281","LO","La Rioja","26181","Zarzosa"
"281","LO","La Rioja","26183","Zorraquín"
"281","LU","Lugo","27001","Abadín"
"281","LU","Lugo","27002","Alfoz"
"281","LU","Lugo","27003","Antas de Ulla"
"281","LU","Lugo","27004","Baleira"
"281","LU","Lugo","27005","Barreiros"
"281","LU","Lugo","27006","Becerreá"
"281","LU","Lugo","27007","Begonte"
"281","LU","Lugo","27008","Bóveda"
"281","LU","Lugo","27009","Carballedo"
"281","LU","Lugo","27010","Castro de Rei"
"281","LU","Lugo","27011","Castroverde"
"281","LU","Lugo","27012","Cervantes"
"281","LU","Lugo","27013","Cervo"
"281","LU","Lugo","27014","Corgo (O)"
"281","LU","Lugo","27015","Cospeito"
"281","LU","Lugo","27016","Chantada"
"281","LU","Lugo","27017","Folgoso do Courel"
"281","LU","Lugo","27018","Fonsagrada (A)"
"281","LU","Lugo","27019","Foz"
"281","LU","Lugo","27020","Friol"
"281","LU","Lugo","27021","Xermade"
"281","LU","Lugo","27022","Guitiriz"
"281","LU","Lugo","27023","Guntín"
"281","LU","Lugo","27024","Incio (O)"
"281","LU","Lugo","27025","Xove"
"281","LU","Lugo","27026","Láncara"
"281","LU","Lugo","27027","Lourenzá"
"281","LU","Lugo","27028","Lugo"
"281","LU","Lugo","27029","Meira"
"281","LU","Lugo","27030","Mondoñedo"
"281","LU","Lugo","27031","Monforte de Lemos"
"281","LU","Lugo","27032","Monterroso"
"281","LU","Lugo","27033","Muras"
"281","LU","Lugo","27034","Navia de Suarna"
"281","LU","Lugo","27035","Negueira de Muñiz"
"281","LU","Lugo","27037","Nogais (As)"
"281","LU","Lugo","27038","Ourol"
"281","LU","Lugo","27039","Outeiro de Rei"
"281","LU","Lugo","27040","Palas de Rei"
"281","LU","Lugo","27041","Pantón"
"281","LU","Lugo","27042","Paradela"
"281","LU","Lugo","27043","Páramo (O)"
"281","LU","Lugo","27044","Pastoriza (A)"
"281","LU","Lugo","27045","Pedrafita do Cebreiro"
"281","LU","Lugo","27046","Pol"
"281","LU","Lugo","27047","Pobra do Brollón (A)"
"281","LU","Lugo","27048","Pontenova (A)"
"281","LU","Lugo","27049","Portomarín"
"281","LU","Lugo","27050","Quiroga"
"281","LU","Lugo","27051","Ribadeo"
"281","LU","Lugo","27052","Ribas de Sil"
"281","LU","Lugo","27053","Ribeira de Piquín"
"281","LU","Lugo","27054","Riotorto"
"281","LU","Lugo","27055","Samos"
"281","LU","Lugo","27056","Rábade"
"281","LU","Lugo","27057","Sarria"
"281","LU","Lugo","27058","Saviñao (O)"
"281","LU","Lugo","27059","Sober"
"281","LU","Lugo","27060","Taboada"
"281","LU","Lugo","27061","Trabada"
"281","LU","Lugo","27062","Triacastela"
"281","LU","Lugo","27063","Valadouro (O)"
"281","LU","Lugo","27064","Vicedo (O)"
"281","LU","Lugo","27065","Vilalba"
"281","LU","Lugo","27066","Viveiro"
"281","LU","Lugo","27901","Baralla"
"281","LU","Lugo","27902","Burela"
"281","M","Madrid","28001","Acebeda (La)"
"281","M","Madrid","28002","Ajalvir"
"281","M","Madrid","28003","Alameda del Valle"
"281","M","Madrid","28004","Álamo (El)"
"281","M","Madrid","28005","Alcalá de Henares"
"281","M","Madrid","28006","Alcobendas"
"281","M","Madrid","28007","Alcorcón"
"281","M","Madrid","28008","Aldea del Fresno"
"281","M","Madrid","28009","Algete"
"281","M","Madrid","28010","Alpedrete"
"281","M","Madrid","28011","Ambite"
"281","M","Madrid","28012","Anchuelo"
"281","M","Madrid","28013","Aranjuez"
"281","M","Madrid","28014","Arganda del Rey"
"281","M","Madrid","28015","Arroyomolinos"
"281","M","Madrid","28016","Atazar (El)"
"281","M","Madrid","28017","Batres"
"281","M","Madrid","28018","Becerril de la Sierra"
"281","M","Madrid","28019","Belmonte de Tajo"
"281","M","Madrid","28020","Berzosa del Lozoya"
"281","M","Madrid","28021","Berrueco (El)"
"281","M","Madrid","28022","Boadilla del Monte"
"281","M","Madrid","28023","Boalo (El)"
"281","M","Madrid","28024","Braojos"
"281","M","Madrid","28025","Brea de Tajo"
"281","M","Madrid","28026","Brunete"
"281","M","Madrid","28027","Buitrago del Lozoya"
"281","M","Madrid","28028","Bustarviejo"
"281","M","Madrid","28029","Cabanillas de la Sierra"
"281","M","Madrid","28030","Cabrera (La)"
"281","M","Madrid","28031","Cadalso de los Vidrios"
"281","M","Madrid","28032","Camarma de Esteruelas"
"281","M","Madrid","28033","Campo Real"
"281","M","Madrid","28034","Canencia"
"281","M","Madrid","28035","Carabaña"
"281","M","Madrid","28036","Casarrubuelos"
"281","M","Madrid","28037","Cenicientos"
"281","M","Madrid","28038","Cercedilla"
"281","M","Madrid","28039","Cervera de Buitrago"
"281","M","Madrid","28040","Ciempozuelos"
"281","M","Madrid","28041","Cobeña"
"281","M","Madrid","28042","Colmenar del Arroyo"
"281","M","Madrid","28043","Colmenar de Oreja"
"281","M","Madrid","28044","Colmenarejo"
"281","M","Madrid","28045","Colmenar Viejo"
"281","M","Madrid","28046","Collado Mediano"
"281","M","Madrid","28047","Collado Villalba"
"281","M","Madrid","28048","Corpa"
"281","M","Madrid","28049","Coslada"
"281","M","Madrid","28050","Cubas de la Sagra"
"281","M","Madrid","28051","Chapinería"
"281","M","Madrid","28052","Chinchón"
"281","M","Madrid","28053","Daganzo de Arriba"
"281","M","Madrid","28054","Escorial (El)"
"281","M","Madrid","28055","Estremera"
"281","M","Madrid","28056","Fresnedillas de la Oliva"
"281","M","Madrid","28057","Fresno de Torote"
"281","M","Madrid","28058","Fuenlabrada"
"281","M","Madrid","28059","Fuente el Saz de Jarama"
"281","M","Madrid","28060","Fuentidueña de Tajo"
"281","M","Madrid","28061","Galapagar"
"281","M","Madrid","28062","Garganta de los Montes"
"281","M","Madrid","28063","Gargantilla del Lozoya y Pinilla de Buitrago"
"281","M","Madrid","28064","Gascones"
"281","M","Madrid","28065","Getafe"
"281","M","Madrid","28066","Griñón"
"281","M","Madrid","28067","Guadalix de la Sierra"
"281","M","Madrid","28068","Guadarrama"
"281","M","Madrid","28069","Hiruela (La)"
"281","M","Madrid","28070","Horcajo de la Sierra-Aoslos"
"281","M","Madrid","28071","Horcajuelo de la Sierra"
"281","M","Madrid","28072","Hoyo de Manzanares"
"281","M","Madrid","28073","Humanes de Madrid"
"281","M","Madrid","28074","Leganés"
"281","M","Madrid","28075","Loeches"
"281","M","Madrid","28076","Lozoya"
"281","M","Madrid","28078","Madarcos"
"281","M","Madrid","28079","Madrid"
"281","M","Madrid","28080","Majadahonda"
"281","M","Madrid","28082","Manzanares el Real"
"281","M","Madrid","28083","Meco"
"281","M","Madrid","28084","Mejorada del Campo"
"281","M","Madrid","28085","Miraflores de la Sierra"
"281","M","Madrid","28086","Molar (El)"
"281","M","Madrid","28087","Molinos (Los)"
"281","M","Madrid","28088","Montejo de la Sierra"
"281","M","Madrid","28089","Moraleja de Enmedio"
"281","M","Madrid","28090","Moralzarzal"
"281","M","Madrid","28091","Morata de Tajuña"
"281","M","Madrid","28092","Móstoles"
"281","M","Madrid","28093","Navacerrada"
"281","M","Madrid","28094","Navalafuente"
"281","M","Madrid","28095","Navalagamella"
"281","M","Madrid","28096","Navalcarnero"
"281","M","Madrid","28097","Navarredonda y San Mamés"
"281","M","Madrid","28099","Navas del Rey"
"281","M","Madrid","28100","Nuevo Baztán"
"281","M","Madrid","28101","Olmeda de las Fuentes"
"281","M","Madrid","28102","Orusco de Tajuña"
"281","M","Madrid","28104","Paracuellos de Jarama"
"281","M","Madrid","28106","Parla"
"281","M","Madrid","28107","Patones"
"281","M","Madrid","28108","Pedrezuela"
"281","M","Madrid","28109","Pelayos de la Presa"
"281","M","Madrid","28110","Perales de Tajuña"
"281","M","Madrid","28111","Pezuela de las Torres"
"281","M","Madrid","28112","Pinilla del Valle"
"281","M","Madrid","28113","Pinto"
"281","M","Madrid","28114","Piñuécar-Gandullas"
"281","M","Madrid","28115","Pozuelo de Alarcón"
"281","M","Madrid","28116","Pozuelo del Rey"
"281","M","Madrid","28117","Prádena del Rincón"
"281","M","Madrid","28118","Puebla de la Sierra"
"281","M","Madrid","28119","Quijorna"
"281","M","Madrid","28120","Rascafría"
"281","M","Madrid","28121","Redueña"
"281","M","Madrid","28122","Ribatejada"
"281","M","Madrid","28123","Rivas-Vaciamadrid"
"281","M","Madrid","28124","Robledillo de la Jara"
"281","M","Madrid","28125","Robledo de Chavela"
"281","M","Madrid","28126","Robregordo"
"281","M","Madrid","28127","Rozas de Madrid (Las)"
"281","M","Madrid","28128","Rozas de Puerto Real"
"281","M","Madrid","28129","San Agustín del Guadalix"
"281","M","Madrid","28130","San Fernando de Henares"
"281","M","Madrid","28131","San Lorenzo de El Escorial"
"281","M","Madrid","28132","San Martín de la Vega"
"281","M","Madrid","28133","San Martín de Valdeiglesias"
"281","M","Madrid","28134","San Sebastián de los Reyes"
"281","M","Madrid","28135","Santa María de la Alameda"
"281","M","Madrid","28136","Santorcaz"
"281","M","Madrid","28137","Santos de la Humosa (Los)"
"281","M","Madrid","28138","Serna del Monte (La)"
"281","M","Madrid","28140","Serranillos del Valle"
"281","M","Madrid","28141","Sevilla la Nueva"
"281","M","Madrid","28143","Somosierra"
"281","M","Madrid","28144","Soto del Real"
"281","M","Madrid","28145","Talamanca de Jarama"
"281","M","Madrid","28146","Tielmes"
"281","M","Madrid","28147","Titulcia"
"281","M","Madrid","28148","Torrejón de Ardoz"
"281","M","Madrid","28149","Torrejón de la Calzada"
"281","M","Madrid","28150","Torrejón de Velasco"
"281","M","Madrid","28151","Torrelaguna"
"281","M","Madrid","28152","Torrelodones"
"281","M","Madrid","28153","Torremocha de Jarama"
"281","M","Madrid","28154","Torres de la Alameda"
"281","M","Madrid","28155","Valdaracete"
"281","M","Madrid","28156","Valdeavero"
"281","M","Madrid","28157","Valdelaguna"
"281","M","Madrid","28158","Valdemanco"
"281","M","Madrid","28159","Valdemaqueda"
"281","M","Madrid","28160","Valdemorillo"
"281","M","Madrid","28161","Valdemoro"
"281","M","Madrid","28162","Valdeolmos-Alalpardo"
"281","M","Madrid","28163","Valdepiélagos"
"281","M","Madrid","28164","Valdetorres de Jarama"
"281","M","Madrid","28165","Valdilecha"
"281","M","Madrid","28166","Valverde de Alcalá"
"281","M","Madrid","28167","Velilla de San Antonio"
"281","M","Madrid","28168","Vellón (El)"
"281","M","Madrid","28169","Venturada"
"281","M","Madrid","28170","Villaconejos"
"281","M","Madrid","28171","Villa del Prado"
"281","M","Madrid","28172","Villalbilla"
"281","M","Madrid","28173","Villamanrique de Tajo"
"281","M","Madrid","28174","Villamanta"
"281","M","Madrid","28175","Villamantilla"
"281","M","Madrid","28176","Villanueva de la Cañada"
"281","M","Madrid","28177","Villanueva del Pardillo"
"281","M","Madrid","28178","Villanueva de Perales"
"281","M","Madrid","28179","Villar del Olmo"
"281","M","Madrid","28180","Villarejo de Salvanés"
"281","M","Madrid","28181","Villaviciosa de Odón"
"281","M","Madrid","28182","Villavieja del Lozoya"
"281","M","Madrid","28183","Zarzalejo"
"281","M","Madrid","28901","Lozoyuela-Navas-Sieteiglesias"
"281","M","Madrid","28902","Puentes Viejas"
"281","M","Madrid","28903","Tres Cantos"
"281","MA","Málaga","29001","Alameda"
"281","MA","Málaga","29002","Alcaucín"
"281","MA","Málaga","29003","Alfarnate"
"281","MA","Málaga","29004","Alfarnatejo"
"281","MA","Málaga","29005","Algarrobo"
"281","MA","Málaga","29006","Algatocín"
"281","MA","Málaga","29007","Alhaurín de la Torre"
"281","MA","Málaga","29008","Alhaurín el Grande"
"281","MA","Málaga","29009","Almáchar"
"281","MA","Málaga","29010","Almargen"
"281","MA","Málaga","29011","Almogía"
"281","MA","Málaga","29012","Álora"
"281","MA","Málaga","29013","Alozaina"
"281","MA","Málaga","29014","Alpandeire"
"281","MA","Málaga","29015","Antequera"
"281","MA","Málaga","29016","Árchez"
"281","MA","Málaga","29017","Archidona"
"281","MA","Málaga","29018","Ardales"
"281","MA","Málaga","29019","Arenas"
"281","MA","Málaga","29020","Arriate"
"281","MA","Málaga","29021","Atajate"
"281","MA","Málaga","29022","Benadalid"
"281","MA","Málaga","29023","Benahavís"
"281","MA","Málaga","29024","Benalauría"
"281","MA","Málaga","29025","Benalmádena"
"281","MA","Málaga","29026","Benamargosa"
"281","MA","Málaga","29027","Benamocarra"
"281","MA","Málaga","29028","Benaoján"
"281","MA","Málaga","29029","Benarrabá"
"281","MA","Málaga","29030","Borge (El)"
"281","MA","Málaga","29031","Burgo (El)"
"281","MA","Málaga","29032","Campillos"
"281","MA","Málaga","29033","Canillas de Aceituno"
"281","MA","Málaga","29034","Canillas de Albaida"
"281","MA","Málaga","29035","Cañete la Real"
"281","MA","Málaga","29036","Carratraca"
"281","MA","Málaga","29037","Cartajima"
"281","MA","Málaga","29038","Cártama"
"281","MA","Málaga","29039","Casabermeja"
"281","MA","Málaga","29040","Casarabonela"
"281","MA","Málaga","29041","Casares"
"281","MA","Málaga","29042","Coín"
"281","MA","Málaga","29043","Colmenar"
"281","MA","Málaga","29044","Comares"
"281","MA","Málaga","29045","Cómpeta"
"281","MA","Málaga","29046","Cortes de la Frontera"
"281","MA","Málaga","29047","Cuevas Bajas"
"281","MA","Málaga","29048","Cuevas del Becerro"
"281","MA","Málaga","29049","Cuevas de San Marcos"
"281","MA","Málaga","29050","Cútar"
"281","MA","Málaga","29051","Estepona"
"281","MA","Málaga","29052","Faraján"
"281","MA","Málaga","29053","Frigiliana"
"281","MA","Málaga","29054","Fuengirola"
"281","MA","Málaga","29055","Fuente de Piedra"
"281","MA","Málaga","29056","Gaucín"
"281","MA","Málaga","29057","Genalguacil"
"281","MA","Málaga","29058","Guaro"
"281","MA","Málaga","29059","Humilladero"
"281","MA","Málaga","29060","Igualeja"
"281","MA","Málaga","29061","Istán"
"281","MA","Málaga","29062","Iznate"
"281","MA","Málaga","29063","Jimera de Líbar"
"281","MA","Málaga","29064","Jubrique"
"281","MA","Málaga","29065","Júzcar"
"281","MA","Málaga","29066","Macharaviaya"
"281","MA","Málaga","29067","Málaga"
"281","MA","Málaga","29068","Manilva"
"281","MA","Málaga","29069","Marbella"
"281","MA","Málaga","29070","Mijas"
"281","MA","Málaga","29071","Moclinejo"
"281","MA","Málaga","29072","Mollina"
"281","MA","Málaga","29073","Monda"
"281","MA","Málaga","29074","Montejaque"
"281","MA","Málaga","29075","Nerja"
"281","MA","Málaga","29076","Ojén"
"281","MA","Málaga","29077","Parauta"
"281","MA","Málaga","29079","Periana"
"281","MA","Málaga","29080","Pizarra"
"281","MA","Málaga","29081","Pujerra"
"281","MA","Málaga","29082","Rincón de la Victoria"
"281","MA","Málaga","29083","Riogordo"
"281","MA","Málaga","29084","Ronda"
"281","MA","Málaga","29085","Salares"
"281","MA","Málaga","29086","Sayalonga"
"281","MA","Málaga","29087","Sedella"
"281","MA","Málaga","29088","Sierra de Yeguas"
"281","MA","Málaga","29089","Teba"
"281","MA","Málaga","29090","Tolox"
"281","MA","Málaga","29091","Torrox"
"281","MA","Málaga","29092","Totalán"
"281","MA","Málaga","29093","Valle de Abdalajís"
"281","MA","Málaga","29094","Vélez-Málaga"
"281","MA","Málaga","29095","Villanueva de Algaidas"
"281","MA","Málaga","29096","Villanueva del Rosario"
"281","MA","Málaga","29097","Villanueva del Trabuco"
"281","MA","Málaga","29098","Villanueva de Tapia"
"281","MA","Málaga","29099","Viñuela"
"281","MA","Málaga","29100","Yunquera"
"281","MA","Málaga","29901","Torremolinos"
"281","MA","Málaga","29902","Villanueva de la Concepción"
"281","MA","Málaga","29903","Montecorto"
"281","MA","Málaga","29904","Serrato"
"281","MU","Murcia","30001","Abanilla"
"281","MU","Murcia","30002","Abarán"
"281","MU","Murcia","30003","Águilas"
"281","MU","Murcia","30004","Albudeite"
"281","MU","Murcia","30005","Alcantarilla"
"281","MU","Murcia","30006","Aledo"
"281","MU","Murcia","30007","Alguazas"
"281","MU","Murcia","30008","Alhama de Murcia"
"281","MU","Murcia","30009","Archena"
"281","MU","Murcia","30010","Beniel"
"281","MU","Murcia","30011","Blanca"
"281","MU","Murcia","30012","Bullas"
"281","MU","Murcia","30013","Calasparra"
"281","MU","Murcia","30014","Campos del Río"
"281","MU","Murcia","30015","Caravaca de la Cruz"
"281","MU","Murcia","30016","Cartagena"
"281","MU","Murcia","30017","Cehegín"
"281","MU","Murcia","30018","Ceutí"
"281","MU","Murcia","30019","Cieza"
"281","MU","Murcia","30020","Fortuna"
"281","MU","Murcia","30021","Fuente Álamo de Murcia"
"281","MU","Murcia","30022","Jumilla"
"281","MU","Murcia","30023","Librilla"
"281","MU","Murcia","30024","Lorca"
"281","MU","Murcia","30025","Lorquí"
"281","MU","Murcia","30026","Mazarrón"
"281","MU","Murcia","30027","Molina de Segura"
"281","MU","Murcia","30028","Moratalla"
"281","MU","Murcia","30029","Mula"
"281","MU","Murcia","30030","Murcia"
"281","MU","Murcia","30031","Ojós"
"281","MU","Murcia","30032","Pliego"
"281","MU","Murcia","30033","Puerto Lumbreras"
"281","MU","Murcia","30034","Ricote"
"281","MU","Murcia","30035","San Javier"
"281","MU","Murcia","30036","San Pedro del Pinatar"
"281","MU","Murcia","30037","Torre-Pacheco"
"281","MU","Murcia","30038","Torres de Cotillas (Las)"
"281","MU","Murcia","30039","Totana"
"281","MU","Murcia","30040","Ulea"
"281","MU","Murcia","30041","Unión (La)"
"281","MU","Murcia","30042","Villanueva del Río Segura"
"281","MU","Murcia","30043","Yecla"
"281","MU","Murcia","30901","Santomera"
"281","MU","Murcia","30902","Alcázares (Los)"
"281","NA","Navarra","31001","Abáigar"
"281","NA","Navarra","31002","Abárzuza/Abartzuza"
"281","NA","Navarra","31003","Abaurregaina/Abaurrea Alta"
"281","NA","Navarra","31004","Abaurrepea/Abaurrea Baja"
"281","NA","Navarra","31005","Aberin"
"281","NA","Navarra","31006","Ablitas"
"281","NA","Navarra","31007","Adiós"
"281","NA","Navarra","31008","Aguilar de Codés"
"281","NA","Navarra","31009","Aibar/Oibar"
"281","NA","Navarra","31010","Altsasu/Alsasua"
"281","NA","Navarra","31011","Allín/Allin"
"281","NA","Navarra","31012","Allo"
"281","NA","Navarra","31013","Améscoa Baja"
"281","NA","Navarra","31014","Ancín"
"281","NA","Navarra","31015","Andosilla"
"281","NA","Navarra","31016","Ansoáin/Antsoain"
"281","NA","Navarra","31017","Anue"
"281","NA","Navarra","31018","Añorbe"
"281","NA","Navarra","31019","Aoiz/Agoitz"
"281","NA","Navarra","31020","Araitz"
"281","NA","Navarra","31021","Aranarache/Aranaratxe"
"281","NA","Navarra","31022","Arantza"
"281","NA","Navarra","31023","Aranguren"
"281","NA","Navarra","31024","Arano"
"281","NA","Navarra","31025","Arakil"
"281","NA","Navarra","31026","Aras"
"281","NA","Navarra","31027","Arbizu"
"281","NA","Navarra","31028","Arce/Artzi"
"281","NA","Navarra","31029","Arcos (Los)"
"281","NA","Navarra","31030","Arellano"
"281","NA","Navarra","31031","Areso"
"281","NA","Navarra","31032","Arguedas"
"281","NA","Navarra","31033","Aria"
"281","NA","Navarra","31034","Aribe"
"281","NA","Navarra","31035","Armañanzas"
"281","NA","Navarra","31036","Arróniz"
"281","NA","Navarra","31037","Arruazu"
"281","NA","Navarra","31038","Artajona"
"281","NA","Navarra","31039","Artazu"
"281","NA","Navarra","31040","Atetz"
"281","NA","Navarra","31041","Ayegui/Aiegi"
"281","NA","Navarra","31042","Azagra"
"281","NA","Navarra","31043","Azuelo"
"281","NA","Navarra","31044","Bakaiku"
"281","NA","Navarra","31045","Barásoain"
"281","NA","Navarra","31046","Barbarin"
"281","NA","Navarra","31047","Bargota"
"281","NA","Navarra","31048","Barillas"
"281","NA","Navarra","31049","Basaburua"
"281","NA","Navarra","31050","Baztan"
"281","NA","Navarra","31051","Beire"
"281","NA","Navarra","31052","Belascoáin"
"281","NA","Navarra","31053","Berbinzana"
"281","NA","Navarra","31054","Bertizarana"
"281","NA","Navarra","31055","Betelu"
"281","NA","Navarra","31056","Biurrun-Olcoz"
"281","NA","Navarra","31057","Buñuel"
"281","NA","Navarra","31058","Auritz/Burguete"
"281","NA","Navarra","31059","Burgui/Burgi"
"281","NA","Navarra","31060","Burlada/Burlata"
"281","NA","Navarra","31061","Busto (El)"
"281","NA","Navarra","31062","Cabanillas"
"281","NA","Navarra","31063","Cabredo"
"281","NA","Navarra","31064","Cadreita"
"281","NA","Navarra","31065","Caparroso"
"281","NA","Navarra","31066","Cárcar"
"281","NA","Navarra","31067","Carcastillo"
"281","NA","Navarra","31068","Cascante"
"281","NA","Navarra","31069","Cáseda"
"281","NA","Navarra","31070","Castejón"
"281","NA","Navarra","31071","Castillonuevo"
"281","NA","Navarra","31072","Cintruénigo"
"281","NA","Navarra","31073","Ziordia"
"281","NA","Navarra","31074","Cirauqui/Zirauki"
"281","NA","Navarra","31075","Ciriza/Ziritza"
"281","NA","Navarra","31076","Cizur"
"281","NA","Navarra","31077","Corella"
"281","NA","Navarra","31078","Cortes"
"281","NA","Navarra","31079","Desojo"
"281","NA","Navarra","31080","Dicastillo"
"281","NA","Navarra","31081","Donamaria"
"281","NA","Navarra","31082","Etxalar"
"281","NA","Navarra","31083","Echarri/Etxarri"
"281","NA","Navarra","31084","Etxarri Aranatz"
"281","NA","Navarra","31085","Etxauri"
"281","NA","Navarra","31086","Valle de Egüés/Eguesibar"
"281","NA","Navarra","31087","Elgorriaga"
"281","NA","Navarra","31088","Noáin (Valle de Elorz)/Noain (Elortzibar)"
"281","NA","Navarra","31089","Enériz/Eneritz"
"281","NA","Navarra","31090","Eratsun"
"281","NA","Navarra","31091","Ergoiena"
"281","NA","Navarra","31092","Erro"
"281","NA","Navarra","31093","Ezcároz/Ezkaroze"
"281","NA","Navarra","31094","Eslava"
"281","NA","Navarra","31095","Esparza de Salazar/Espartza Zaraitzu"
"281","NA","Navarra","31096","Espronceda"
"281","NA","Navarra","31097","Estella-Lizarra"
"281","NA","Navarra","31098","Esteribar"
"281","NA","Navarra","31099","Etayo"
"281","NA","Navarra","31100","Eulate"
"281","NA","Navarra","31101","Ezcabarte"
"281","NA","Navarra","31102","Ezkurra"
"281","NA","Navarra","31103","Ezprogui"
"281","NA","Navarra","31104","Falces"
"281","NA","Navarra","31105","Fitero"
"281","NA","Navarra","31106","Fontellas"
"281","NA","Navarra","31107","Funes"
"281","NA","Navarra","31108","Fustiñana"
"281","NA","Navarra","31109","Galar"
"281","NA","Navarra","31110","Gallipienzo/Galipentzu"
"281","NA","Navarra","31111","Gallués/Galoze"
"281","NA","Navarra","31112","Garaioa"
"281","NA","Navarra","31113","Garde"
"281","NA","Navarra","31114","Garínoain"
"281","NA","Navarra","31115","Garralda"
"281","NA","Navarra","31116","Genevilla"
"281","NA","Navarra","31117","Goizueta"
"281","NA","Navarra","31118","Goñi"
"281","NA","Navarra","31119","Güesa/Gorza"
"281","NA","Navarra","31120","Guesálaz/Gesalatz"
"281","NA","Navarra","31121","Guirguillano"
"281","NA","Navarra","31122","Huarte/Uharte"
"281","NA","Navarra","31123","Uharte Arakil"
"281","NA","Navarra","31124","Ibargoiti"
"281","NA","Navarra","31125","Igúzquiza"
"281","NA","Navarra","31126","Imotz"
"281","NA","Navarra","31127","Irañeta"
"281","NA","Navarra","31128","Isaba/Izaba"
"281","NA","Navarra","31129","Ituren"
"281","NA","Navarra","31130","Iturmendi"
"281","NA","Navarra","31131","Iza/Itza"
"281","NA","Navarra","31132","Izagaondoa"
"281","NA","Navarra","31133","Izalzu/Itzaltzu"
"281","NA","Navarra","31134","Jaurrieta"
"281","NA","Navarra","31135","Javier"
"281","NA","Navarra","31136","Juslapeña/Txulapain"
"281","NA","Navarra","31137","Beintza-Labaien"
"281","NA","Navarra","31138","Lakuntza"
"281","NA","Navarra","31139","Lana"
"281","NA","Navarra","31140","Lantz"
"281","NA","Navarra","31141","Lapoblación"
"281","NA","Navarra","31142","Larraga"
"281","NA","Navarra","31143","Larraona"
"281","NA","Navarra","31144","Larraun"
"281","NA","Navarra","31145","Lazagurría"
"281","NA","Navarra","31146","Leache/Leatxe"
"281","NA","Navarra","31147","Legarda"
"281","NA","Navarra","31148","Legaria"
"281","NA","Navarra","31149","Leitza"
"281","NA","Navarra","31150","Leoz/Leotz"
"281","NA","Navarra","31151","Lerga"
"281","NA","Navarra","31152","Lerín"
"281","NA","Navarra","31153","Lesaka"
"281","NA","Navarra","31154","Lezaun"
"281","NA","Navarra","31155","Liédena"
"281","NA","Navarra","31156","Lizoain-Arriasgoiti/Lizoainibar-Arriasgoiti"
"281","NA","Navarra","31157","Lodosa"
"281","NA","Navarra","31158","Lónguida/Longida"
"281","NA","Navarra","31159","Lumbier"
"281","NA","Navarra","31160","Luquin"
"281","NA","Navarra","31161","Mañeru"
"281","NA","Navarra","31162","Marañón"
"281","NA","Navarra","31163","Marcilla"
"281","NA","Navarra","31164","Mélida"
"281","NA","Navarra","31165","Mendavia"
"281","NA","Navarra","31166","Mendaza"
"281","NA","Navarra","31167","Mendigorria"
"281","NA","Navarra","31168","Metauten"
"281","NA","Navarra","31169","Milagro"
"281","NA","Navarra","31170","Mirafuentes"
"281","NA","Navarra","31171","Miranda de Arga"
"281","NA","Navarra","31172","Monreal/Elo"
"281","NA","Navarra","31173","Monteagudo"
"281","NA","Navarra","31174","Morentin"
"281","NA","Navarra","31175","Mues"
"281","NA","Navarra","31176","Murchante"
"281","NA","Navarra","31177","Murieta"
"281","NA","Navarra","31178","Murillo el Cuende"
"281","NA","Navarra","31179","Murillo el Fruto"
"281","NA","Navarra","31180","Muruzábal"
"281","NA","Navarra","31181","Navascués/Nabaskoze"
"281","NA","Navarra","31182","Nazar"
"281","NA","Navarra","31183","Obanos"
"281","NA","Navarra","31184","Oco"
"281","NA","Navarra","31185","Ochagavía/Otsagabia"
"281","NA","Navarra","31186","Odieta"
"281","NA","Navarra","31187","Oiz"
"281","NA","Navarra","31188","Olaibar"
"281","NA","Navarra","31189","Olazti/Olazagutía"
"281","NA","Navarra","31190","Olejua"
"281","NA","Navarra","31191","Olite/Erriberri"
"281","NA","Navarra","31192","Olóriz/Oloritz"
"281","NA","Navarra","31193","Cendea de Olza/Oltza Zendea"
"281","NA","Navarra","31194","Valle de Ollo/Ollaran"
"281","NA","Navarra","31195","Orbaizeta"
"281","NA","Navarra","31196","Orbara"
"281","NA","Navarra","31197","Orísoain"
"281","NA","Navarra","31198","Oronz/Orontze"
"281","NA","Navarra","31199","Oroz-Betelu/Orotz-Betelu"
"281","NA","Navarra","31200","Oteiza"
"281","NA","Navarra","31201","Pamplona/Iruña"
"281","NA","Navarra","31202","Peralta/Azkoien"
"281","NA","Navarra","31203","Petilla de Aragón"
"281","NA","Navarra","31204","Piedramillera"
"281","NA","Navarra","31205","Pitillas"
"281","NA","Navarra","31206","Puente la Reina/Gares"
"281","NA","Navarra","31207","Pueyo/Puiu"
"281","NA","Navarra","31208","Ribaforada"
"281","NA","Navarra","31209","Romanzado/Erromantzatua"
"281","NA","Navarra","31210","Roncal/Erronkari"
"281","NA","Navarra","31211","Orreaga/Roncesvalles"
"281","NA","Navarra","31212","Sada"
"281","NA","Navarra","31213","Saldías"
"281","NA","Navarra","31214","Salinas de Oro/Jaitz"
"281","NA","Navarra","31215","San Adrián"
"281","NA","Navarra","31216","Sangüesa/Zangoza"
"281","NA","Navarra","31217","San Martín de Unx"
"281","NA","Navarra","31219","Sansol"
"281","NA","Navarra","31220","Santacara"
"281","NA","Navarra","31221","Doneztebe/Santesteban"
"281","NA","Navarra","31222","Sarriés/Sartze"
"281","NA","Navarra","31223","Sartaguda"
"281","NA","Navarra","31224","Sesma"
"281","NA","Navarra","31225","Sorlada"
"281","NA","Navarra","31226","Sunbilla"
"281","NA","Navarra","31227","Tafalla"
"281","NA","Navarra","31228","Tiebas-Muruarte de Reta"
"281","NA","Navarra","31229","Tirapu"
"281","NA","Navarra","31230","Torralba del Río"
"281","NA","Navarra","31231","Torres del Río"
"281","NA","Navarra","31232","Tudela"
"281","NA","Navarra","31233","Tulebras"
"281","NA","Navarra","31234","Ucar"
"281","NA","Navarra","31235","Ujué/Uxue"
"281","NA","Navarra","31236","Ultzama"
"281","NA","Navarra","31237","Unciti"
"281","NA","Navarra","31238","Unzué/Untzue"
"281","NA","Navarra","31239","Urdazubi/Urdax"
"281","NA","Navarra","31240","Urdiain"
"281","NA","Navarra","31241","Urraul Alto"
"281","NA","Navarra","31242","Urraul Bajo"
"281","NA","Navarra","31243","Urroz-Villa"
"281","NA","Navarra","31244","Urroz"
"281","NA","Navarra","31245","Urzainqui/Urzainki"
"281","NA","Navarra","31246","Uterga"
"281","NA","Navarra","31247","Uztárroz/Uztarroze"
"281","NA","Navarra","31248","Luzaide/Valcarlos"
"281","NA","Navarra","31249","Valtierra"
"281","NA","Navarra","31250","Bera"
"281","NA","Navarra","31251","Viana"
"281","NA","Navarra","31252","Vidángoz/Bidankoze"
"281","NA","Navarra","31253","Bidaurreta"
"281","NA","Navarra","31254","Villafranca"
"281","NA","Navarra","31255","Villamayor de Monjardín"
"281","NA","Navarra","31256","Hiriberri/Villanueva de Aezkoa"
"281","NA","Navarra","31257","Villatuerta"
"281","NA","Navarra","31258","Villava/Atarrabia"
"281","NA","Navarra","31259","Igantzi"
"281","NA","Navarra","31260","Valle de Yerri/Deierri"
"281","NA","Navarra","31261","Yesa"
"281","NA","Navarra","31262","Zabalza/Zabaltza"
"281","NA","Navarra","31263","Zubieta"
"281","NA","Navarra","31264","Zugarramurdi"
"281","NA","Navarra","31265","Zúñiga"
"281","NA","Navarra","31901","Barañáin/Barañain"
"281","NA","Navarra","31902","Berrioplano/Berriobeiti"
"281","NA","Navarra","31903","Berriozar"
"281","NA","Navarra","31904","Irurtzun"
"281","NA","Navarra","31905","Beriáin"
"281","NA","Navarra","31906","Orkoien"
"281","NA","Navarra","31907","Zizur Mayor/Zizur Nagusia"
"281","NA","Navarra","31908","Lekunberri"
"281","OU","Ourense","32001","Allariz"
"281","OU","Ourense","32002","Amoeiro"
"281","OU","Ourense","32003","Arnoia (A)"
"281","OU","Ourense","32004","Avión"
"281","OU","Ourense","32005","Baltar"
"281","OU","Ourense","32006","Bande"
"281","OU","Ourense","32007","Baños de Molgas"
"281","OU","Ourense","32008","Barbadás"
"281","OU","Ourense","32009","Barco de Valdeorras (O)"
"281","OU","Ourense","32010","Beade"
"281","OU","Ourense","32011","Beariz"
"281","OU","Ourense","32012","Blancos (Os)"
"281","OU","Ourense","32013","Boborás"
"281","OU","Ourense","32014","Bola (A)"
"281","OU","Ourense","32015","Bolo (O)"
"281","OU","Ourense","32016","Calvos de Randín"
"281","OU","Ourense","32017","Carballeda de Valdeorras"
"281","OU","Ourense","32018","Carballeda de Avia"
"281","OU","Ourense","32019","Carballiño (O)"
"281","OU","Ourense","32020","Cartelle"
"281","OU","Ourense","32021","Castrelo do Val"
"281","OU","Ourense","32022","Castrelo de Miño"
"281","OU","Ourense","32023","Castro Caldelas"
"281","OU","Ourense","32024","Celanova"
"281","OU","Ourense","32025","Cenlle"
"281","OU","Ourense","32026","Coles"
"281","OU","Ourense","32027","Cortegada"
"281","OU","Ourense","32028","Cualedro"
"281","OU","Ourense","32029","Chandrexa de Queixa"
"281","OU","Ourense","32030","Entrimo"
"281","OU","Ourense","32031","Esgos"
"281","OU","Ourense","32032","Xinzo de Limia"
"281","OU","Ourense","32033","Gomesende"
"281","OU","Ourense","32034","Gudiña (A)"
"281","OU","Ourense","32035","Irixo (O)"
"281","OU","Ourense","32036","Xunqueira de Ambía"
"281","OU","Ourense","32037","Xunqueira de Espadanedo"
"281","OU","Ourense","32038","Larouco"
"281","OU","Ourense","32039","Laza"
"281","OU","Ourense","32040","Leiro"
"281","OU","Ourense","32041","Lobeira"
"281","OU","Ourense","32042","Lobios"
"281","OU","Ourense","32043","Maceda"
"281","OU","Ourense","32044","Manzaneda"
"281","OU","Ourense","32045","Maside"
"281","OU","Ourense","32046","Melón"
"281","OU","Ourense","32047","Merca (A)"
"281","OU","Ourense","32048","Mezquita (A)"
"281","OU","Ourense","32049","Montederramo"
"281","OU","Ourense","32050","Monterrei"
"281","OU","Ourense","32051","Muíños"
"281","OU","Ourense","32052","Nogueira de Ramuín"
"281","OU","Ourense","32053","Oímbra"
"281","OU","Ourense","32054","Ourense"
"281","OU","Ourense","32055","Paderne de Allariz"
"281","OU","Ourense","32056","Padrenda"
"281","OU","Ourense","32057","Parada de Sil"
"281","OU","Ourense","32058","Pereiro de Aguiar (O)"
"281","OU","Ourense","32059","Peroxa (A)"
"281","OU","Ourense","32060","Petín"
"281","OU","Ourense","32061","Piñor"
"281","OU","Ourense","32062","Porqueira"
"281","OU","Ourense","32063","Pobra de Trives (A)"
"281","OU","Ourense","32064","Pontedeva"
"281","OU","Ourense","32065","Punxín"
"281","OU","Ourense","32066","Quintela de Leirado"
"281","OU","Ourense","32067","Rairiz de Veiga"
"281","OU","Ourense","32068","Ramirás"
"281","OU","Ourense","32069","Ribadavia"
"281","OU","Ourense","32070","San Xoán de Río"
"281","OU","Ourense","32071","Riós"
"281","OU","Ourense","32072","Rúa (A)"
"281","OU","Ourense","32073","Rubiá"
"281","OU","Ourense","32074","San Amaro"
"281","OU","Ourense","32075","San Cibrao das Viñas"
"281","OU","Ourense","32076","San Cristovo de Cea"
"281","OU","Ourense","32077","Sandiás"
"281","OU","Ourense","32078","Sarreaus"
"281","OU","Ourense","32079","Taboadela"
"281","OU","Ourense","32080","Teixeira (A)"
"281","OU","Ourense","32081","Toén"
"281","OU","Ourense","32082","Trasmiras"
"281","OU","Ourense","32083","Veiga (A)"
"281","OU","Ourense","32084","Verea"
"281","OU","Ourense","32085","Verín"
"281","OU","Ourense","32086","Viana do Bolo"
"281","OU","Ourense","32087","Vilamarín"
"281","OU","Ourense","32088","Vilamartín de Valdeorras"
"281","OU","Ourense","32089","Vilar de Barrio"
"281","OU","Ourense","32090","Vilar de Santos"
"281","OU","Ourense","32091","Vilardevós"
"281","OU","Ourense","32092","Vilariño de Conso"
"281","O","Asturias","33001","Allande"
"281","O","Asturias","33002","Aller"
"281","O","Asturias","33003","Amieva"
"281","O","Asturias","33004","Avilés"
"281","O","Asturias","33005","Belmonte de Miranda"
"281","O","Asturias","33006","Bimenes"
"281","O","Asturias","33007","Boal"
"281","O","Asturias","33008","Cabrales"
"281","O","Asturias","33009","Cabranes"
"281","O","Asturias","33010","Candamo"
"281","O","Asturias","33011","Cangas del Narcea"
"281","O","Asturias","33012","Cangas de Onís"
"281","O","Asturias","33013","Caravia"
"281","O","Asturias","33014","Carreño"
"281","O","Asturias","33015","Caso"
"281","O","Asturias","33016","Castrillón"
"281","O","Asturias","33017","Castropol"
"281","O","Asturias","33018","Coaña"
"281","O","Asturias","33019","Colunga"
"281","O","Asturias","33020","Corvera de Asturias"
"281","O","Asturias","33021","Cudillero"
"281","O","Asturias","33022","Degaña"
"281","O","Asturias","33023","Franco (El)"
"281","O","Asturias","33024","Gijón"
"281","O","Asturias","33025","Gozón"
"281","O","Asturias","33026","Grado"
"281","O","Asturias","33027","Grandas de Salime"
"281","O","Asturias","33028","Ibias"
"281","O","Asturias","33029","Illano"
"281","O","Asturias","33030","Illas"
"281","O","Asturias","33031","Langreo"
"281","O","Asturias","33032","Laviana"
"281","O","Asturias","33033","Lena"
"281","O","Asturias","33034","Valdés"
"281","O","Asturias","33035","Llanera"
"281","O","Asturias","33036","Llanes"
"281","O","Asturias","33037","Mieres"
"281","O","Asturias","33038","Morcín"
"281","O","Asturias","33039","Muros de Nalón"
"281","O","Asturias","33040","Nava"
"281","O","Asturias","33041","Navia"
"281","O","Asturias","33042","Noreña"
"281","O","Asturias","33043","Onís"
"281","O","Asturias","33044","Oviedo"
"281","O","Asturias","33045","Parres"
"281","O","Asturias","33046","Peñamellera Alta"
"281","O","Asturias","33047","Peñamellera Baja"
"281","O","Asturias","33048","Pesoz"
"281","O","Asturias","33049","Piloña"
"281","O","Asturias","33050","Ponga"
"281","O","Asturias","33051","Pravia"
"281","O","Asturias","33052","Proaza"
"281","O","Asturias","33053","Quirós"
"281","O","Asturias","33054","Regueras (Las)"
"281","O","Asturias","33055","Ribadedeva"
"281","O","Asturias","33056","Ribadesella"
"281","O","Asturias","33057","Ribera de Arriba"
"281","O","Asturias","33058","Riosa"
"281","O","Asturias","33059","Salas"
"281","O","Asturias","33060","San Martín del Rey Aurelio"
"281","O","Asturias","33061","San Martín de Oscos"
"281","O","Asturias","33062","Santa Eulalia de Oscos"
"281","O","Asturias","33063","San Tirso de Abres"
"281","O","Asturias","33064","Santo Adriano"
"281","O","Asturias","33065","Sariego"
"281","O","Asturias","33066","Siero"
"281","O","Asturias","33067","Sobrescobio"
"281","O","Asturias","33068","Somiedo"
"281","O","Asturias","33069","Soto del Barco"
"281","O","Asturias","33070","Tapia de Casariego"
"281","O","Asturias","33071","Taramundi"
"281","O","Asturias","33072","Teverga"
"281","O","Asturias","33073","Tineo"
"281","O","Asturias","33074","Vegadeo"
"281","O","Asturias","33075","Villanueva de Oscos"
"281","O","Asturias","33076","Villaviciosa"
"281","O","Asturias","33077","Villayón"
"281","O","Asturias","33078","Yernes y Tameza"
"281","P","Palencia","34001","Abarca de Campos"
"281","P","Palencia","34003","Abia de las Torres"
"281","P","Palencia","34004","Aguilar de Campoo"
"281","P","Palencia","34005","Alar del Rey"
"281","P","Palencia","34006","Alba de Cerrato"
"281","P","Palencia","34009","Amayuelas de Arriba"
"281","P","Palencia","34010","Ampudia"
"281","P","Palencia","34011","Amusco"
"281","P","Palencia","34012","Antigüedad"
"281","P","Palencia","34015","Arconada"
"281","P","Palencia","34017","Astudillo"
"281","P","Palencia","34018","Autilla del Pino"
"281","P","Palencia","34019","Autillo de Campos"
"281","P","Palencia","34020","Ayuela"
"281","P","Palencia","34022","Baltanás"
"281","P","Palencia","34023","Venta de Baños"
"281","P","Palencia","34024","Baquerín de Campos"
"281","P","Palencia","34025","Bárcena de Campos"
"281","P","Palencia","34027","Barruelo de Santullán"
"281","P","Palencia","34028","Báscones de Ojeda"
"281","P","Palencia","34029","Becerril de Campos"
"281","P","Palencia","34031","Belmonte de Campos"
"281","P","Palencia","34032","Berzosilla"
"281","P","Palencia","34033","Boada de Campos"
"281","P","Palencia","34034","Boadilla del Camino"
"281","P","Palencia","34035","Boadilla de Rioseco"
"281","P","Palencia","34036","Brañosera"
"281","P","Palencia","34037","Buenavista de Valdavia"
"281","P","Palencia","34038","Bustillo de la Vega"
"281","P","Palencia","34039","Bustillo del Páramo de Carrión"
"281","P","Palencia","34041","Calahorra de Boedo"
"281","P","Palencia","34042","Calzada de los Molinos"
"281","P","Palencia","34045","Capillas"
"281","P","Palencia","34046","Cardeñosa de Volpejera"
"281","P","Palencia","34047","Carrión de los Condes"
"281","P","Palencia","34048","Castil de Vela"
"281","P","Palencia","34049","Castrejón de la Peña"
"281","P","Palencia","34050","Castrillo de Don Juan"
"281","P","Palencia","34051","Castrillo de Onielo"
"281","P","Palencia","34052","Castrillo de Villavega"
"281","P","Palencia","34053","Castromocho"
"281","P","Palencia","34055","Cervatos de la Cueza"
"281","P","Palencia","34056","Cervera de Pisuerga"
"281","P","Palencia","34057","Cevico de la Torre"
"281","P","Palencia","34058","Cevico Navero"
"281","P","Palencia","34059","Cisneros"
"281","P","Palencia","34060","Cobos de Cerrato"
"281","P","Palencia","34061","Collazos de Boedo"
"281","P","Palencia","34062","Congosto de Valdavia"
"281","P","Palencia","34063","Cordovilla la Real"
"281","P","Palencia","34066","Cubillas de Cerrato"
"281","P","Palencia","34067","Dehesa de Montejo"
"281","P","Palencia","34068","Dehesa de Romanos"
"281","P","Palencia","34069","Dueñas"
"281","P","Palencia","34070","Espinosa de Cerrato"
"281","P","Palencia","34071","Espinosa de Villagonzalo"
"281","P","Palencia","34072","Frechilla"
"281","P","Palencia","34073","Fresno del Río"
"281","P","Palencia","34074","Frómista"
"281","P","Palencia","34076","Fuentes de Nava"
"281","P","Palencia","34077","Fuentes de Valdepero"
"281","P","Palencia","34079","Grijota"
"281","P","Palencia","34080","Guardo"
"281","P","Palencia","34081","Guaza de Campos"
"281","P","Palencia","34082","Hérmedes de Cerrato"
"281","P","Palencia","34083","Herrera de Pisuerga"
"281","P","Palencia","34084","Herrera de Valdecañas"
"281","P","Palencia","34086","Hontoria de Cerrato"
"281","P","Palencia","34087","Hornillos de Cerrato"
"281","P","Palencia","34088","Husillos"
"281","P","Palencia","34089","Itero de la Vega"
"281","P","Palencia","34091","Lagartos"
"281","P","Palencia","34092","Lantadilla"
"281","P","Palencia","34093","Vid de Ojeda (La)"
"281","P","Palencia","34094","Ledigos"
"281","P","Palencia","34096","Lomas"
"281","P","Palencia","34098","Magaz de Pisuerga"
"281","P","Palencia","34099","Manquillos"
"281","P","Palencia","34100","Mantinos"
"281","P","Palencia","34101","Marcilla de Campos"
"281","P","Palencia","34102","Mazariegos"
"281","P","Palencia","34103","Mazuecos de Valdeginate"
"281","P","Palencia","34104","Melgar de Yuso"
"281","P","Palencia","34106","Meneses de Campos"
"281","P","Palencia","34107","Micieces de Ojeda"
"281","P","Palencia","34108","Monzón de Campos"
"281","P","Palencia","34109","Moratinos"
"281","P","Palencia","34110","Mudá"
"281","P","Palencia","34112","Nogal de las Huertas"
"281","P","Palencia","34113","Olea de Boedo"
"281","P","Palencia","34114","Olmos de Ojeda"
"281","P","Palencia","34116","Osornillo"
"281","P","Palencia","34120","Palencia"
"281","P","Palencia","34121","Palenzuela"
"281","P","Palencia","34122","Páramo de Boedo"
"281","P","Palencia","34123","Paredes de Nava"
"281","P","Palencia","34124","Payo de Ojeda"
"281","P","Palencia","34125","Pedraza de Campos"
"281","P","Palencia","34126","Pedrosa de la Vega"
"281","P","Palencia","34127","Perales"
"281","P","Palencia","34129","Pino del Río"
"281","P","Palencia","34130","Piña de Campos"
"281","P","Palencia","34131","Población de Arroyo"
"281","P","Palencia","34132","Población de Campos"
"281","P","Palencia","34133","Población de Cerrato"
"281","P","Palencia","34134","Polentinos"
"281","P","Palencia","34135","Pomar de Valdivia"
"281","P","Palencia","34136","Poza de la Vega"
"281","P","Palencia","34137","Pozo de Urama"
"281","P","Palencia","34139","Prádanos de Ojeda"
"281","P","Palencia","34140","Puebla de Valdavia (La)"
"281","P","Palencia","34141","Quintana del Puente"
"281","P","Palencia","34143","Quintanilla de Onsoña"
"281","P","Palencia","34146","Reinoso de Cerrato"
"281","P","Palencia","34147","Renedo de la Vega"
"281","P","Palencia","34149","Requena de Campos"
"281","P","Palencia","34151","Respenda de la Peña"
"281","P","Palencia","34152","Revenga de Campos"
"281","P","Palencia","34154","Revilla de Collazos"
"281","P","Palencia","34155","Ribas de Campos"
"281","P","Palencia","34156","Riberos de la Cueza"
"281","P","Palencia","34157","Saldaña"
"281","P","Palencia","34158","Salinas de Pisuerga"
"281","P","Palencia","34159","San Cebrián de Campos"
"281","P","Palencia","34160","San Cebrián de Mudá"
"281","P","Palencia","34161","San Cristóbal de Boedo"
"281","P","Palencia","34163","San Mamés de Campos"
"281","P","Palencia","34165","San Román de la Cuba"
"281","P","Palencia","34167","Santa Cecilia del Alcor"
"281","P","Palencia","34168","Santa Cruz de Boedo"
"281","P","Palencia","34169","Santervás de la Vega"
"281","P","Palencia","34170","Santibáñez de Ecla"
"281","P","Palencia","34171","Santibáñez de la Peña"
"281","P","Palencia","34174","Santoyo"
"281","P","Palencia","34175","Serna (La)"
"281","P","Palencia","34176","Sotobañado y Priorato"
"281","P","Palencia","34177","Soto de Cerrato"
"281","P","Palencia","34178","Tabanera de Cerrato"
"281","P","Palencia","34179","Tabanera de Valdavia"
"281","P","Palencia","34180","Támara de Campos"
"281","P","Palencia","34181","Tariego de Cerrato"
"281","P","Palencia","34182","Torquemada"
"281","P","Palencia","34184","Torremormojón"
"281","P","Palencia","34185","Triollo"
"281","P","Palencia","34186","Valbuena de Pisuerga"
"281","P","Palencia","34189","Valdeolmillos"
"281","P","Palencia","34190","Valderrábano"
"281","P","Palencia","34192","Valde-Ucieza"
"281","P","Palencia","34196","Valle de Cerrato"
"281","P","Palencia","34199","Velilla del Río Carrión"
"281","P","Palencia","34201","Vertavillo"
"281","P","Palencia","34202","Villabasta de Valdavia"
"281","P","Palencia","34204","Villacidaler"
"281","P","Palencia","34205","Villaconancio"
"281","P","Palencia","34206","Villada"
"281","P","Palencia","34208","Villaeles de Valdavia"
"281","P","Palencia","34210","Villahán"
"281","P","Palencia","34211","Villaherreros"
"281","P","Palencia","34213","Villalaco"
"281","P","Palencia","34214","Villalba de Guardo"
"281","P","Palencia","34215","Villalcázar de Sirga"
"281","P","Palencia","34216","Villalcón"
"281","P","Palencia","34217","Villalobón"
"281","P","Palencia","34218","Villaluenga de la Vega"
"281","P","Palencia","34220","Villamartín de Campos"
"281","P","Palencia","34221","Villamediana"
"281","P","Palencia","34222","Villameriel"
"281","P","Palencia","34223","Villamoronta"
"281","P","Palencia","34224","Villamuera de la Cueza"
"281","P","Palencia","34225","Villamuriel de Cerrato"
"281","P","Palencia","34227","Villanueva del Rebollar"
"281","P","Palencia","34228","Villanuño de Valdavia"
"281","P","Palencia","34229","Villaprovedo"
"281","P","Palencia","34230","Villarmentero de Campos"
"281","P","Palencia","34231","Villarrabé"
"281","P","Palencia","34232","Villarramiel"
"281","P","Palencia","34233","Villasarracino"
"281","P","Palencia","34234","Villasila de Valdavia"
"281","P","Palencia","34236","Villaturde"
"281","P","Palencia","34237","Villaumbrales"
"281","P","Palencia","34238","Villaviudas"
"281","P","Palencia","34240","Villerías de Campos"
"281","P","Palencia","34241","Villodre"
"281","P","Palencia","34242","Villodrigo"
"281","P","Palencia","34243","Villoldo"
"281","P","Palencia","34245","Villota del Páramo"
"281","P","Palencia","34246","Villovieco"
"281","P","Palencia","34901","Osorno la Mayor"
"281","P","Palencia","34902","Valle del Retortillo"
"281","P","Palencia","34903","Loma de Ucieza"
"281","P","Palencia","34904","Pernía (La)"
"29","GC","Las Palmas","35001","Agaete"
"29","GC","Las Palmas","35002","Agüimes"
"29","GC","Las Palmas","35003","Antigua"
"29","GC","Las Palmas","35004","Arrecife"
"29","GC","Las Palmas","35005","Artenara"
"29","GC","Las Palmas","35006","Arucas"
"29","GC","Las Palmas","35007","Betancuria"
"29","GC","Las Palmas","35008","Firgas"
"29","GC","Las Palmas","35009","Gáldar"
"29","GC","Las Palmas","35010","Haría"
"29","GC","Las Palmas","35011","Ingenio"
"29","GC","Las Palmas","35012","Mogán"
"29","GC","Las Palmas","35013","Moya"
"29","GC","Las Palmas","35014","Oliva (La)"
"29","GC","Las Palmas","35015","Pájara"
"29","GC","Las Palmas","35016","Palmas de Gran Canaria (Las)"
"29","GC","Las Palmas","35017","Puerto del Rosario"
"29","GC","Las Palmas","35018","San Bartolomé"
"29","GC","Las Palmas","35019","San Bartolomé de Tirajana"
"29","GC","Las Palmas","35020","Aldea de San Nicolás (La)"
"29","GC","Las Palmas","35021","Santa Brígida"
"29","GC","Las Palmas","35022","Santa Lucía de Tirajana"
"29","GC","Las Palmas","35023","Santa María de Guía de Gran Canaria"
"29","GC","Las Palmas","35024","Teguise"
"29","GC","Las Palmas","35025","Tejeda"
"29","GC","Las Palmas","35026","Telde"
"29","GC","Las Palmas","35027","Teror"
"29","GC","Las Palmas","35028","Tías"
"29","GC","Las Palmas","35029","Tinajo"
"29","GC","Las Palmas","35030","Tuineje"
"29","GC","Las Palmas","35031","Valsequillo de Gran Canaria"
"29","GC","Las Palmas","35032","Valleseco"
"29","GC","Las Palmas","35033","Vega de San Mateo"
"29","GC","Las Palmas","35034","Yaiza"
"281","PO","Pontevedra","36001","Arbo"
"281","PO","Pontevedra","36002","Barro"
"281","PO","Pontevedra","36003","Baiona"
"281","PO","Pontevedra","36004","Bueu"
"281","PO","Pontevedra","36005","Caldas de Reis"
"281","PO","Pontevedra","36006","Cambados"
"281","PO","Pontevedra","36007","Campo Lameiro"
"281","PO","Pontevedra","36008","Cangas"
"281","PO","Pontevedra","36009","Cañiza (A)"
"281","PO","Pontevedra","36010","Catoira"
"281","PO","Pontevedra","36013","Covelo"
"281","PO","Pontevedra","36014","Crecente"
"281","PO","Pontevedra","36015","Cuntis"
"281","PO","Pontevedra","36016","Dozón"
"281","PO","Pontevedra","36017","Estrada (A)"
"281","PO","Pontevedra","36018","Forcarei"
"281","PO","Pontevedra","36019","Fornelos de Montes"
"281","PO","Pontevedra","36020","Agolada"
"281","PO","Pontevedra","36021","Gondomar"
"281","PO","Pontevedra","36022","Grove (O)"
"281","PO","Pontevedra","36023","Guarda (A)"
"281","PO","Pontevedra","36024","Lalín"
"281","PO","Pontevedra","36025","Lama (A)"
"281","PO","Pontevedra","36026","Marín"
"281","PO","Pontevedra","36027","Meaño"
"281","PO","Pontevedra","36028","Meis"
"281","PO","Pontevedra","36029","Moaña"
"281","PO","Pontevedra","36030","Mondariz"
"281","PO","Pontevedra","36031","Mondariz-Balneario"
"281","PO","Pontevedra","36032","Moraña"
"281","PO","Pontevedra","36033","Mos"
"281","PO","Pontevedra","36034","Neves (As)"
"281","PO","Pontevedra","36035","Nigrán"
"281","PO","Pontevedra","36036","Oia"
"281","PO","Pontevedra","36037","Pazos de Borbén"
"281","PO","Pontevedra","36038","Pontevedra"
"281","PO","Pontevedra","36039","Porriño (O)"
"281","PO","Pontevedra","36040","Portas"
"281","PO","Pontevedra","36041","Poio"
"281","PO","Pontevedra","36042","Ponteareas"
"281","PO","Pontevedra","36043","Ponte Caldelas"
"281","PO","Pontevedra","36044","Pontecesures"
"281","PO","Pontevedra","36045","Redondela"
"281","PO","Pontevedra","36046","Ribadumia"
"281","PO","Pontevedra","36047","Rodeiro"
"281","PO","Pontevedra","36048","Rosal (O)"
"281","PO","Pontevedra","36049","Salceda de Caselas"
"281","PO","Pontevedra","36050","Salvaterra de Miño"
"281","PO","Pontevedra","36051","Sanxenxo"
"281","PO","Pontevedra","36052","Silleda"
"281","PO","Pontevedra","36053","Soutomaior"
"281","PO","Pontevedra","36054","Tomiño"
"281","PO","Pontevedra","36055","Tui"
"281","PO","Pontevedra","36056","Valga"
"281","PO","Pontevedra","36057","Vigo"
"281","PO","Pontevedra","36058","Vilaboa"
"281","PO","Pontevedra","36059","Vila de Cruces"
"281","PO","Pontevedra","36060","Vilagarcía de Arousa"
"281","PO","Pontevedra","36061","Vilanova de Arousa"
"281","PO","Pontevedra","36901","Illa de Arousa (A)"
"281","PO","Pontevedra","36902","Cerdedo-Cotobade"
"281","SA","Salamanca","37001","Abusejo"
"281","SA","Salamanca","37002","Agallas"
"281","SA","Salamanca","37003","Ahigal de los Aceiteros"
"281","SA","Salamanca","37004","Ahigal de Villarino"
"281","SA","Salamanca","37005","Alameda de Gardón (La)"
"281","SA","Salamanca","37006","Alamedilla (La)"
"281","SA","Salamanca","37007","Alaraz"
"281","SA","Salamanca","37008","Alba de Tormes"
"281","SA","Salamanca","37009","Alba de Yeltes"
"281","SA","Salamanca","37010","Alberca (La)"
"281","SA","Salamanca","37011","Alberguería de Argañán (La)"
"281","SA","Salamanca","37012","Alconada"
"281","SA","Salamanca","37013","Aldeacipreste"
"281","SA","Salamanca","37014","Aldeadávila de la Ribera"
"281","SA","Salamanca","37015","Aldea del Obispo"
"281","SA","Salamanca","37016","Aldealengua"
"281","SA","Salamanca","37017","Aldeanueva de Figueroa"
"281","SA","Salamanca","37018","Aldeanueva de la Sierra"
"281","SA","Salamanca","37019","Aldearrodrigo"
"281","SA","Salamanca","37020","Aldearrubia"
"281","SA","Salamanca","37021","Aldeaseca de Alba"
"281","SA","Salamanca","37022","Aldeaseca de la Frontera"
"281","SA","Salamanca","37023","Aldeatejada"
"281","SA","Salamanca","37024","Aldeavieja de Tormes"
"281","SA","Salamanca","37025","Aldehuela de la Bóveda"
"281","SA","Salamanca","37026","Aldehuela de Yeltes"
"281","SA","Salamanca","37027","Almenara de Tormes"
"281","SA","Salamanca","37028","Almendra"
"281","SA","Salamanca","37029","Anaya de Alba"
"281","SA","Salamanca","37030","Añover de Tormes"
"281","SA","Salamanca","37031","Arabayona de Mógica"
"281","SA","Salamanca","37032","Arapiles"
"281","SA","Salamanca","37033","Arcediano"
"281","SA","Salamanca","37034","Arco (El)"
"281","SA","Salamanca","37035","Armenteros"
"281","SA","Salamanca","37036","San Miguel del Robledo"
"281","SA","Salamanca","37037","Atalaya (La)"
"281","SA","Salamanca","37038","Babilafuente"
"281","SA","Salamanca","37039","Bañobárez"
"281","SA","Salamanca","37040","Barbadillo"
"281","SA","Salamanca","37041","Barbalos"
"281","SA","Salamanca","37042","Barceo"
"281","SA","Salamanca","37044","Barruecopardo"
"281","SA","Salamanca","37045","Bastida (La)"
"281","SA","Salamanca","37046","Béjar"
"281","SA","Salamanca","37047","Beleña"
"281","SA","Salamanca","37049","Bermellar"
"281","SA","Salamanca","37050","Berrocal de Huebra"
"281","SA","Salamanca","37051","Berrocal de Salvatierra"
"281","SA","Salamanca","37052","Boada"
"281","SA","Salamanca","37054","Bodón (El)"
"281","SA","Salamanca","37055","Bogajo"
"281","SA","Salamanca","37056","Bouza (La)"
"281","SA","Salamanca","37057","Bóveda del Río Almar"
"281","SA","Salamanca","37058","Brincones"
"281","SA","Salamanca","37059","Buenamadre"
"281","SA","Salamanca","37060","Buenavista"
"281","SA","Salamanca","37061","Cabaco (El)"
"281","SA","Salamanca","37062","Cabezabellosa de la Calzada"
"281","SA","Salamanca","37063","Cabeza de Béjar (La)"
"281","SA","Salamanca","37065","Cabeza del Caballo"
"281","SA","Salamanca","37067","Cabrerizos"
"281","SA","Salamanca","37068","Cabrillas"
"281","SA","Salamanca","37069","Calvarrasa de Abajo"
"281","SA","Salamanca","37070","Calvarrasa de Arriba"
"281","SA","Salamanca","37071","Calzada de Béjar (La)"
"281","SA","Salamanca","37072","Calzada de Don Diego"
"281","SA","Salamanca","37073","Calzada de Valdunciel"
"281","SA","Salamanca","37074","Campillo de Azaba"
"281","SA","Salamanca","37077","Campo de Peñaranda (El)"
"281","SA","Salamanca","37078","Candelario"
"281","SA","Salamanca","37079","Canillas de Abajo"
"281","SA","Salamanca","37080","Cantagallo"
"281","SA","Salamanca","37081","Cantalapiedra"
"281","SA","Salamanca","37082","Cantalpino"
"281","SA","Salamanca","37083","Cantaracillo"
"281","SA","Salamanca","37085","Carbajosa de la Sagrada"
"281","SA","Salamanca","37086","Carpio de Azaba"
"281","SA","Salamanca","37087","Carrascal de Barregas"
"281","SA","Salamanca","37088","Carrascal del Obispo"
"281","SA","Salamanca","37089","Casafranca"
"281","SA","Salamanca","37090","Casas del Conde (Las)"
"281","SA","Salamanca","37091","Casillas de Flores"
"281","SA","Salamanca","37092","Castellanos de Moriscos"
"281","SA","Salamanca","37096","Castillejo de Martín Viejo"
"281","SA","Salamanca","37097","Castraz"
"281","SA","Salamanca","37098","Cepeda"
"281","SA","Salamanca","37099","Cereceda de la Sierra"
"281","SA","Salamanca","37100","Cerezal de Peñahorcada"
"281","SA","Salamanca","37101","Cerralbo"
"281","SA","Salamanca","37102","Cerro (El)"
"281","SA","Salamanca","37103","Cespedosa de Tormes"
"281","SA","Salamanca","37104","Cilleros de la Bastida"
"281","SA","Salamanca","37106","Cipérez"
"281","SA","Salamanca","37107","Ciudad Rodrigo"
"281","SA","Salamanca","37108","Coca de Alba"
"281","SA","Salamanca","37109","Colmenar de Montemayor"
"281","SA","Salamanca","37110","Cordovilla"
"281","SA","Salamanca","37112","Cristóbal"
"281","SA","Salamanca","37113","Cubo de Don Sancho (El)"
"281","SA","Salamanca","37114","Chagarcía Medianero"
"281","SA","Salamanca","37115","Dios le Guarde"
"281","SA","Salamanca","37116","Doñinos de Ledesma"
"281","SA","Salamanca","37117","Doñinos de Salamanca"
"281","SA","Salamanca","37118","Éjeme"
"281","SA","Salamanca","37119","Encina (La)"
"281","SA","Salamanca","37120","Encina de San Silvestre"
"281","SA","Salamanca","37121","Encinas de Abajo"
"281","SA","Salamanca","37122","Encinas de Arriba"
"281","SA","Salamanca","37123","Encinasola de los Comendadores"
"281","SA","Salamanca","37124","Endrinal"
"281","SA","Salamanca","37125","Escurial de la Sierra"
"281","SA","Salamanca","37126","Espadaña"
"281","SA","Salamanca","37127","Espeja"
"281","SA","Salamanca","37128","Espino de la Orbada"
"281","SA","Salamanca","37129","Florida de Liébana"
"281","SA","Salamanca","37130","Forfoleda"
"281","SA","Salamanca","37131","Frades de la Sierra"
"281","SA","Salamanca","37132","Fregeneda (La)"
"281","SA","Salamanca","37133","Fresnedoso"
"281","SA","Salamanca","37134","Fresno Alhándiga"
"281","SA","Salamanca","37135","Fuente de San Esteban (La)"
"281","SA","Salamanca","37136","Fuenteguinaldo"
"281","SA","Salamanca","37137","Fuenteliante"
"281","SA","Salamanca","37138","Fuenterroble de Salvatierra"
"281","SA","Salamanca","37139","Fuentes de Béjar"
"281","SA","Salamanca","37140","Fuentes de Oñoro"
"281","SA","Salamanca","37141","Gajates"
"281","SA","Salamanca","37142","Galindo y Perahuy"
"281","SA","Salamanca","37143","Galinduste"
"281","SA","Salamanca","37144","Galisancho"
"281","SA","Salamanca","37145","Gallegos de Argañán"
"281","SA","Salamanca","37146","Gallegos de Solmirón"
"281","SA","Salamanca","37147","Garcibuey"
"281","SA","Salamanca","37148","Garcihernández"
"281","SA","Salamanca","37149","Garcirrey"
"281","SA","Salamanca","37150","Gejuelo del Barro"
"281","SA","Salamanca","37151","Golpejas"
"281","SA","Salamanca","37152","Gomecello"
"281","SA","Salamanca","37154","Guadramiro"
"281","SA","Salamanca","37155","Guijo de Ávila"
"281","SA","Salamanca","37156","Guijuelo"
"281","SA","Salamanca","37157","Herguijuela de Ciudad Rodrigo"
"281","SA","Salamanca","37158","Herguijuela de la Sierra"
"281","SA","Salamanca","37159","Herguijuela del Campo"
"281","SA","Salamanca","37160","Hinojosa de Duero"
"281","SA","Salamanca","37161","Horcajo de Montemayor"
"281","SA","Salamanca","37162","Horcajo Medianero"
"281","SA","Salamanca","37163","Hoya (La)"
"281","SA","Salamanca","37164","Huerta"
"281","SA","Salamanca","37165","Iruelos"
"281","SA","Salamanca","37166","Ituero de Azaba"
"281","SA","Salamanca","37167","Juzbado"
"281","SA","Salamanca","37168","Lagunilla"
"281","SA","Salamanca","37169","Larrodrigo"
"281","SA","Salamanca","37170","Ledesma"
"281","SA","Salamanca","37171","Ledrada"
"281","SA","Salamanca","37172","Linares de Riofrío"
"281","SA","Salamanca","37173","Lumbrales"
"281","SA","Salamanca","37174","Macotera"
"281","SA","Salamanca","37175","Machacón"
"281","SA","Salamanca","37176","Madroñal"
"281","SA","Salamanca","37177","Maíllo (El)"
"281","SA","Salamanca","37178","Malpartida"
"281","SA","Salamanca","37179","Mancera de Abajo"
"281","SA","Salamanca","37180","Manzano (El)"
"281","SA","Salamanca","37181","Martiago"
"281","SA","Salamanca","37182","Martinamor"
"281","SA","Salamanca","37183","Martín de Yeltes"
"281","SA","Salamanca","37184","Masueco"
"281","SA","Salamanca","37185","Castellanos de Villiquera"
"281","SA","Salamanca","37186","Mata de Ledesma (La)"
"281","SA","Salamanca","37187","Matilla de los Caños del Río"
"281","SA","Salamanca","37188","Maya (La)"
"281","SA","Salamanca","37189","Membribe de la Sierra"
"281","SA","Salamanca","37190","Mieza"
"281","SA","Salamanca","37191","Milano (El)"
"281","SA","Salamanca","37192","Miranda de Azán"
"281","SA","Salamanca","37193","Miranda del Castañar"
"281","SA","Salamanca","37194","Mogarraz"
"281","SA","Salamanca","37195","Molinillo"
"281","SA","Salamanca","37196","Monforte de la Sierra"
"281","SA","Salamanca","37197","Monleón"
"281","SA","Salamanca","37198","Monleras"
"281","SA","Salamanca","37199","Monsagro"
"281","SA","Salamanca","37200","Montejo"
"281","SA","Salamanca","37201","Montemayor del Río"
"281","SA","Salamanca","37202","Monterrubio de Armuña"
"281","SA","Salamanca","37203","Monterrubio de la Sierra"
"281","SA","Salamanca","37204","Morasverdes"
"281","SA","Salamanca","37205","Morille"
"281","SA","Salamanca","37206","Moríñigo"
"281","SA","Salamanca","37207","Moriscos"
"281","SA","Salamanca","37208","Moronta"
"281","SA","Salamanca","37209","Mozárbez"
"281","SA","Salamanca","37211","Narros de Matalayegua"
"281","SA","Salamanca","37212","Navacarros"
"281","SA","Salamanca","37213","Nava de Béjar"
"281","SA","Salamanca","37214","Nava de Francia"
"281","SA","Salamanca","37215","Nava de Sotrobal"
"281","SA","Salamanca","37216","Navales"
"281","SA","Salamanca","37217","Navalmoral de Béjar"
"281","SA","Salamanca","37218","Navamorales"
"281","SA","Salamanca","37219","Navarredonda de la Rinconada"
"281","SA","Salamanca","37221","Navasfrías"
"281","SA","Salamanca","37222","Negrilla de Palencia"
"281","SA","Salamanca","37223","Olmedo de Camaces"
"281","SA","Salamanca","37224","Orbada (La)"
"281","SA","Salamanca","37225","Pajares de la Laguna"
"281","SA","Salamanca","37226","Palacios del Arzobispo"
"281","SA","Salamanca","37228","Palaciosrubios"
"281","SA","Salamanca","37229","Palencia de Negrilla"
"281","SA","Salamanca","37230","Parada de Arriba"
"281","SA","Salamanca","37231","Parada de Rubiales"
"281","SA","Salamanca","37232","Paradinas de San Juan"
"281","SA","Salamanca","37233","Pastores"
"281","SA","Salamanca","37234","Payo (El)"
"281","SA","Salamanca","37235","Pedraza de Alba"
"281","SA","Salamanca","37236","Pedrosillo de Alba"
"281","SA","Salamanca","37237","Pedrosillo de los Aires"
"281","SA","Salamanca","37238","Pedrosillo el Ralo"
"281","SA","Salamanca","37239","Pedroso de la Armuña (El)"
"281","SA","Salamanca","37240","Pelabravo"
"281","SA","Salamanca","37241","Pelarrodríguez"
"281","SA","Salamanca","37242","Pelayos"
"281","SA","Salamanca","37243","Peña (La)"
"281","SA","Salamanca","37244","Peñacaballera"
"281","SA","Salamanca","37245","Peñaparda"
"281","SA","Salamanca","37246","Peñaranda de Bracamonte"
"281","SA","Salamanca","37247","Peñarandilla"
"281","SA","Salamanca","37248","Peralejos de Abajo"
"281","SA","Salamanca","37249","Peralejos de Arriba"
"281","SA","Salamanca","37250","Pereña de la Ribera"
"281","SA","Salamanca","37251","Peromingo"
"281","SA","Salamanca","37252","Pinedas"
"281","SA","Salamanca","37253","Pino de Tormes (El)"
"281","SA","Salamanca","37254","Pitiegua"
"281","SA","Salamanca","37255","Pizarral"
"281","SA","Salamanca","37256","Poveda de las Cintas"
"281","SA","Salamanca","37257","Pozos de Hinojo"
"281","SA","Salamanca","37258","Puebla de Azaba"
"281","SA","Salamanca","37259","Puebla de San Medel"
"281","SA","Salamanca","37260","Puebla de Yeltes"
"281","SA","Salamanca","37261","Puente del Congosto"
"281","SA","Salamanca","37262","Puertas"
"281","SA","Salamanca","37263","Puerto de Béjar"
"281","SA","Salamanca","37264","Puerto Seguro"
"281","SA","Salamanca","37265","Rágama"
"281","SA","Salamanca","37266","Redonda (La)"
"281","SA","Salamanca","37267","Retortillo"
"281","SA","Salamanca","37268","Rinconada de la Sierra (La)"
"281","SA","Salamanca","37269","Robleda"
"281","SA","Salamanca","37270","Robliza de Cojos"
"281","SA","Salamanca","37271","Rollán"
"281","SA","Salamanca","37272","Saelices el Chico"
"281","SA","Salamanca","37273","Sagrada (La)"
"281","SA","Salamanca","37274","Salamanca"
"281","SA","Salamanca","37275","Saldeana"
"281","SA","Salamanca","37276","Salmoral"
"281","SA","Salamanca","37277","Salvatierra de Tormes"
"281","SA","Salamanca","37278","San Cristóbal de la Cuesta"
"281","SA","Salamanca","37279","Sancti-Spíritus"
"281","SA","Salamanca","37280","Sanchón de la Ribera"
"281","SA","Salamanca","37281","Sanchón de la Sagrada"
"281","SA","Salamanca","37282","Sanchotello"
"281","SA","Salamanca","37283","Sando"
"281","SA","Salamanca","37284","San Esteban de la Sierra"
"281","SA","Salamanca","37285","San Felices de los Gallegos"
"281","SA","Salamanca","37286","San Martín del Castañar"
"281","SA","Salamanca","37287","San Miguel de Valero"
"281","SA","Salamanca","37288","San Morales"
"281","SA","Salamanca","37289","San Muñoz"
"281","SA","Salamanca","37290","San Pedro del Valle"
"281","SA","Salamanca","37291","San Pedro de Rozados"
"281","SA","Salamanca","37292","San Pelayo de Guareña"
"281","SA","Salamanca","37293","Santa María de Sando"
"281","SA","Salamanca","37294","Santa Marta de Tormes"
"281","SA","Salamanca","37296","Santiago de la Puebla"
"281","SA","Salamanca","37297","Santibáñez de Béjar"
"281","SA","Salamanca","37298","Santibáñez de la Sierra"
"281","SA","Salamanca","37299","Santiz"
"281","SA","Salamanca","37300","Santos (Los)"
"281","SA","Salamanca","37301","Sardón de los Frailes"
"281","SA","Salamanca","37302","Saucelle"
"281","SA","Salamanca","37303","Sahugo (El)"
"281","SA","Salamanca","37304","Sepulcro-Hilario"
"281","SA","Salamanca","37305","Sequeros"
"281","SA","Salamanca","37306","Serradilla del Arroyo"
"281","SA","Salamanca","37307","Serradilla del Llano"
"281","SA","Salamanca","37309","Sierpe (La)"
"281","SA","Salamanca","37310","Sieteiglesias de Tormes"
"281","SA","Salamanca","37311","Sobradillo"
"281","SA","Salamanca","37312","Sorihuela"
"281","SA","Salamanca","37313","Sotoserrano"
"281","SA","Salamanca","37314","Tabera de Abajo"
"281","SA","Salamanca","37315","Tala (La)"
"281","SA","Salamanca","37316","Tamames"
"281","SA","Salamanca","37317","Tarazona de Guareña"
"281","SA","Salamanca","37318","Tardáguila"
"281","SA","Salamanca","37319","Tejado (El)"
"281","SA","Salamanca","37320","Tejeda y Segoyuela"
"281","SA","Salamanca","37321","Tenebrón"
"281","SA","Salamanca","37322","Terradillos"
"281","SA","Salamanca","37323","Topas"
"281","SA","Salamanca","37324","Tordillos"
"281","SA","Salamanca","37325","Tornadizo (El)"
"281","SA","Salamanca","37327","Torresmenudas"
"281","SA","Salamanca","37328","Trabanca"
"281","SA","Salamanca","37329","Tremedal de Tormes"
"281","SA","Salamanca","37330","Valdecarros"
"281","SA","Salamanca","37331","Valdefuentes de Sangusín"
"281","SA","Salamanca","37332","Valdehijaderos"
"281","SA","Salamanca","37333","Valdelacasa"
"281","SA","Salamanca","37334","Valdelageve"
"281","SA","Salamanca","37335","Valdelosa"
"281","SA","Salamanca","37336","Valdemierque"
"281","SA","Salamanca","37337","Valderrodrigo"
"281","SA","Salamanca","37338","Valdunciel"
"281","SA","Salamanca","37339","Valero"
"281","SA","Salamanca","37340","Valsalabroso"
"281","SA","Salamanca","37341","Valverde de Valdelacasa"
"281","SA","Salamanca","37342","Valverdón"
"281","SA","Salamanca","37343","Vallejera de Riofrío"
"281","SA","Salamanca","37344","Vecinos"
"281","SA","Salamanca","37345","Vega de Tirados"
"281","SA","Salamanca","37346","Veguillas (Las)"
"281","SA","Salamanca","37347","Vellés (La)"
"281","SA","Salamanca","37348","Ventosa del Río Almar"
"281","SA","Salamanca","37349","Vídola (La)"
"281","SA","Salamanca","37350","Vilvestre"
"281","SA","Salamanca","37351","Villaflores"
"281","SA","Salamanca","37352","Villagonzalo de Tormes"
"281","SA","Salamanca","37353","Villalba de los Llanos"
"281","SA","Salamanca","37354","Villamayor"
"281","SA","Salamanca","37355","Villanueva del Conde"
"281","SA","Salamanca","37356","Villar de Argañán"
"281","SA","Salamanca","37357","Villar de Ciervo"
"281","SA","Salamanca","37358","Villar de Gallimazo"
"281","SA","Salamanca","37359","Villar de la Yegua"
"281","SA","Salamanca","37360","Villar de Peralonso"
"281","SA","Salamanca","37361","Villar de Samaniego"
"281","SA","Salamanca","37362","Villares de la Reina"
"281","SA","Salamanca","37363","Villares de Yeltes"
"281","SA","Salamanca","37364","Villarino de los Aires"
"281","SA","Salamanca","37365","Villarmayor"
"281","SA","Salamanca","37366","Villarmuerto"
"281","SA","Salamanca","37367","Villasbuenas"
"281","SA","Salamanca","37368","Villasdardo"
"281","SA","Salamanca","37369","Villaseco de los Gamitos"
"281","SA","Salamanca","37370","Villaseco de los Reyes"
"281","SA","Salamanca","37371","Villasrubias"
"281","SA","Salamanca","37372","Villaverde de Guareña"
"281","SA","Salamanca","37373","Villavieja de Yeltes"
"281","SA","Salamanca","37374","Villoria"
"281","SA","Salamanca","37375","Villoruela"
"281","SA","Salamanca","37376","Vitigudino"
"281","SA","Salamanca","37377","Yecla de Yeltes"
"281","SA","Salamanca","37378","Zamarra"
"281","SA","Salamanca","37379","Zamayón"
"281","SA","Salamanca","37380","Zarapicos"
"281","SA","Salamanca","37381","Zarza de Pumareda (La)"
"281","SA","Salamanca","37382","Zorita de la Frontera"
"29","TF","S.C. de Tenerife","38001","Adeje"
"29","TF","S.C. de Tenerife","38002","Agulo"
"29","TF","S.C. de Tenerife","38003","Alajeró"
"29","TF","S.C. de Tenerife","38004","Arafo"
"29","TF","S.C. de Tenerife","38005","Arico"
"29","TF","S.C. de Tenerife","38006","Arona"
"29","TF","S.C. de Tenerife","38007","Barlovento"
"29","TF","S.C. de Tenerife","38008","Breña Alta"
"29","TF","S.C. de Tenerife","38009","Breña Baja"
"29","TF","S.C. de Tenerife","38010","Buenavista del Norte"
"29","TF","S.C. de Tenerife","38011","Candelaria"
"29","TF","S.C. de Tenerife","38012","Fasnia"
"29","TF","S.C. de Tenerife","38013","Frontera"
"29","TF","S.C. de Tenerife","38014","Fuencaliente de la Palma"
"29","TF","S.C. de Tenerife","38015","Garachico"
"29","TF","S.C. de Tenerife","38016","Garafía"
"29","TF","S.C. de Tenerife","38017","Granadilla de Abona"
"29","TF","S.C. de Tenerife","38018","Guancha (La)"
"29","TF","S.C. de Tenerife","38019","Guía de Isora"
"29","TF","S.C. de Tenerife","38020","Güímar"
"29","TF","S.C. de Tenerife","38021","Hermigua"
"29","TF","S.C. de Tenerife","38022","Icod de los Vinos"
"29","TF","S.C. de Tenerife","38023","San Cristóbal de La Laguna"
"29","TF","S.C. de Tenerife","38024","Llanos de Aridane (Los)"
"29","TF","S.C. de Tenerife","38025","Matanza de Acentejo (La)"
"29","TF","S.C. de Tenerife","38026","Orotava (La)"
"29","TF","S.C. de Tenerife","38027","Paso (El)"
"29","TF","S.C. de Tenerife","38028","Puerto de la Cruz"
"29","TF","S.C. de Tenerife","38029","Puntagorda"
"29","TF","S.C. de Tenerife","38030","Puntallana"
"29","TF","S.C. de Tenerife","38031","Realejos (Los)"
"29","TF","S.C. de Tenerife","38032","Rosario (El)"
"29","TF","S.C. de Tenerife","38033","San Andrés y Sauces"
"29","TF","S.C. de Tenerife","38034","San Juan de la Rambla"
"29","TF","S.C. de Tenerife","38035","San Miguel de Abona"
"29","TF","S.C. de Tenerife","38036","San Sebastián de la Gomera"
"29","TF","S.C. de Tenerife","38037","Santa Cruz de la Palma"
"29","TF","S.C. de Tenerife","38038","Santa Cruz de Tenerife"
"29","TF","S.C. de Tenerife","38039","Santa Úrsula"
"29","TF","S.C. de Tenerife","38040","Santiago del Teide"
"29","TF","S.C. de Tenerife","38041","Sauzal (El)"
"29","TF","S.C. de Tenerife","38042","Silos (Los)"
"29","TF","S.C. de Tenerife","38043","Tacoronte"
"29","TF","S.C. de Tenerife","38044","Tanque (El)"
"29","TF","S.C. de Tenerife","38045","Tazacorte"
"29","TF","S.C. de Tenerife","38046","Tegueste"
"29","TF","S.C. de Tenerife","38047","Tijarafe"
"29","TF","S.C. de Tenerife","38048","Valverde"
"29","TF","S.C. de Tenerife","38049","Valle Gran Rey"
"29","TF","S.C. de Tenerife","38050","Vallehermoso"
"29","TF","S.C. de Tenerife","38051","Victoria de Acentejo (La)"
"29","TF","S.C. de Tenerife","38052","Vilaflor de Chasna"
"29","TF","S.C. de Tenerife","38053","Villa de Mazo"
"29","TF","S.C. de Tenerife","38901","Pinar de El Hierro (El)"
"281","S","Cantabria","39001","Alfoz de Lloredo"
"281","S","Cantabria","39002","Ampuero"
"281","S","Cantabria","39003","Anievas"
"281","S","Cantabria","39004","Arenas de Iguña"
"281","S","Cantabria","39005","Argoños"
"281","S","Cantabria","39006","Arnuero"
"281","S","Cantabria","39007","Arredondo"
"281","S","Cantabria","39008","Astillero (El)"
"281","S","Cantabria","39009","Bárcena de Cicero"
"281","S","Cantabria","39010","Bárcena de Pie de Concha"
"281","S","Cantabria","39011","Bareyo"
"281","S","Cantabria","39012","Cabezón de la Sal"
"281","S","Cantabria","39013","Cabezón de Liébana"
"281","S","Cantabria","39014","Cabuérniga"
"281","S","Cantabria","39015","Camaleño"
"281","S","Cantabria","39016","Camargo"
"281","S","Cantabria","39017","Campoo de Yuso"
"281","S","Cantabria","39018","Cartes"
"281","S","Cantabria","39019","Castañeda"
"281","S","Cantabria","39020","Castro-Urdiales"
"281","S","Cantabria","39021","Cieza"
"281","S","Cantabria","39022","Cillorigo de Liébana"
"281","S","Cantabria","39023","Colindres"
"281","S","Cantabria","39024","Comillas"
"281","S","Cantabria","39025","Corrales de Buelna (Los)"
"281","S","Cantabria","39026","Corvera de Toranzo"
"281","S","Cantabria","39027","Campoo de Enmedio"
"281","S","Cantabria","39028","Entrambasaguas"
"281","S","Cantabria","39029","Escalante"
"281","S","Cantabria","39030","Guriezo"
"281","S","Cantabria","39031","Hazas de Cesto"
"281","S","Cantabria","39032","Hermandad de Campoo de Suso"
"281","S","Cantabria","39033","Herrerías"
"281","S","Cantabria","39034","Lamasón"
"281","S","Cantabria","39035","Laredo"
"281","S","Cantabria","39036","Liendo"
"281","S","Cantabria","39037","Liérganes"
"281","S","Cantabria","39038","Limpias"
"281","S","Cantabria","39039","Luena"
"281","S","Cantabria","39040","Marina de Cudeyo"
"281","S","Cantabria","39041","Mazcuerras"
"281","S","Cantabria","39042","Medio Cudeyo"
"281","S","Cantabria","39043","Meruelo"
"281","S","Cantabria","39044","Miengo"
"281","S","Cantabria","39045","Miera"
"281","S","Cantabria","39046","Molledo"
"281","S","Cantabria","39047","Noja"
"281","S","Cantabria","39048","Penagos"
"281","S","Cantabria","39049","Peñarrubia"
"281","S","Cantabria","39050","Pesaguero"
"281","S","Cantabria","39051","Pesquera"
"281","S","Cantabria","39052","Piélagos"
"281","S","Cantabria","39053","Polaciones"
"281","S","Cantabria","39054","Polanco"
"281","S","Cantabria","39055","Potes"
"281","S","Cantabria","39056","Puente Viesgo"
"281","S","Cantabria","39057","Ramales de la Victoria"
"281","S","Cantabria","39058","Rasines"
"281","S","Cantabria","39059","Reinosa"
"281","S","Cantabria","39060","Reocín"
"281","S","Cantabria","39061","Ribamontán al Mar"
"281","S","Cantabria","39062","Ribamontán al Monte"
"281","S","Cantabria","39063","Rionansa"
"281","S","Cantabria","39064","Riotuerto"
"281","S","Cantabria","39065","Rozas de Valdearroyo (Las)"
"281","S","Cantabria","39066","Ruente"
"281","S","Cantabria","39067","Ruesga"
"281","S","Cantabria","39068","Ruiloba"
"281","S","Cantabria","39069","San Felices de Buelna"
"281","S","Cantabria","39070","San Miguel de Aguayo"
"281","S","Cantabria","39071","San Pedro del Romeral"
"281","S","Cantabria","39072","San Roque de Riomiera"
"281","S","Cantabria","39073","Santa Cruz de Bezana"
"281","S","Cantabria","39074","Santa María de Cayón"
"281","S","Cantabria","39075","Santander"
"281","S","Cantabria","39076","Santillana del Mar"
"281","S","Cantabria","39077","Santiurde de Reinosa"
"281","S","Cantabria","39078","Santiurde de Toranzo"
"281","S","Cantabria","39079","Santoña"
"281","S","Cantabria","39080","San Vicente de la Barquera"
"281","S","Cantabria","39081","Saro"
"281","S","Cantabria","39082","Selaya"
"281","S","Cantabria","39083","Soba"
"281","S","Cantabria","39084","Solórzano"
"281","S","Cantabria","39085","Suances"
"281","S","Cantabria","39086","Tojos (Los)"
"281","S","Cantabria","39087","Torrelavega"
"281","S","Cantabria","39088","Tresviso"
"281","S","Cantabria","39089","Tudanca"
"281","S","Cantabria","39090","Udías"
"281","S","Cantabria","39091","Valdáliga"
"281","S","Cantabria","39092","Valdeolea"
"281","S","Cantabria","39093","Valdeprado del Río"
"281","S","Cantabria","39094","Valderredible"
"281","S","Cantabria","39095","Val de San Vicente"
"281","S","Cantabria","39096","Vega de Liébana"
"281","S","Cantabria","39097","Vega de Pas"
"281","S","Cantabria","39098","Villacarriedo"
"281","S","Cantabria","39099","Villaescusa"
"281","S","Cantabria","39100","Villafufre"
"281","S","Cantabria","39101","Valle de Villaverde"
"281","S","Cantabria","39102","Voto"
"281","SG","Segovia","40001","Abades"
"281","SG","Segovia","40002","Adrada de Pirón"
"281","SG","Segovia","40003","Adrados"
"281","SG","Segovia","40004","Aguilafuente"
"281","SG","Segovia","40005","Alconada de Maderuelo"
"281","SG","Segovia","40006","Aldealcorvo"
"281","SG","Segovia","40007","Aldealengua de Pedraza"
"281","SG","Segovia","40008","Aldealengua de Santa María"
"281","SG","Segovia","40009","Aldeanueva de la Serrezuela"
"281","SG","Segovia","40010","Aldeanueva del Codonal"
"281","SG","Segovia","40012","Aldea Real"
"281","SG","Segovia","40013","Aldeasoña"
"281","SG","Segovia","40014","Aldehorno"
"281","SG","Segovia","40015","Aldehuela del Codonal"
"281","SG","Segovia","40016","Aldeonte"
"281","SG","Segovia","40017","Anaya"
"281","SG","Segovia","40018","Añe"
"281","SG","Segovia","40019","Arahuetes"
"281","SG","Segovia","40020","Arcones"
"281","SG","Segovia","40021","Arevalillo de Cega"
"281","SG","Segovia","40022","Armuña"
"281","SG","Segovia","40024","Ayllón"
"281","SG","Segovia","40025","Barbolla"
"281","SG","Segovia","40026","Basardilla"
"281","SG","Segovia","40028","Bercial"
"281","SG","Segovia","40029","Bercimuel"
"281","SG","Segovia","40030","Bernardos"
"281","SG","Segovia","40031","Bernuy de Porreros"
"281","SG","Segovia","40032","Boceguillas"
"281","SG","Segovia","40033","Brieva"
"281","SG","Segovia","40034","Caballar"
"281","SG","Segovia","40035","Cabañas de Polendos"
"281","SG","Segovia","40036","Cabezuela"
"281","SG","Segovia","40037","Calabazas de Fuentidueña"
"281","SG","Segovia","40039","Campo de San Pedro"
"281","SG","Segovia","40040","Cantalejo"
"281","SG","Segovia","40041","Cantimpalos"
"281","SG","Segovia","40043","Carbonero el Mayor"
"281","SG","Segovia","40044","Carrascal del Río"
"281","SG","Segovia","40045","Casla"
"281","SG","Segovia","40046","Castillejo de Mesleón"
"281","SG","Segovia","40047","Castro de Fuentidueña"
"281","SG","Segovia","40048","Castrojimeno"
"281","SG","Segovia","40049","Castroserna de Abajo"
"281","SG","Segovia","40051","Castroserracín"
"281","SG","Segovia","40052","Cedillo de la Torre"
"281","SG","Segovia","40053","Cerezo de Abajo"
"281","SG","Segovia","40054","Cerezo de Arriba"
"281","SG","Segovia","40055","Cilleruelo de San Mamés"
"281","SG","Segovia","40056","Cobos de Fuentidueña"
"281","SG","Segovia","40057","Coca"
"281","SG","Segovia","40058","Codorniz"
"281","SG","Segovia","40059","Collado Hermoso"
"281","SG","Segovia","40060","Condado de Castilnovo"
"281","SG","Segovia","40061","Corral de Ayllón"
"281","SG","Segovia","40062","Cubillo"
"281","SG","Segovia","40063","Cuéllar"
"281","SG","Segovia","40065","Chañe"
"281","SG","Segovia","40068","Domingo García"
"281","SG","Segovia","40069","Donhierro"
"281","SG","Segovia","40070","Duruelo"
"281","SG","Segovia","40071","Encinas"
"281","SG","Segovia","40072","Encinillas"
"281","SG","Segovia","40073","Escalona del Prado"
"281","SG","Segovia","40074","Escarabajosa de Cabezas"
"281","SG","Segovia","40075","Escobar de Polendos"
"281","SG","Segovia","40076","Espinar (El)"
"281","SG","Segovia","40077","Espirdo"
"281","SG","Segovia","40078","Fresneda de Cuéllar"
"281","SG","Segovia","40079","Fresno de Cantespino"
"281","SG","Segovia","40080","Fresno de la Fuente"
"281","SG","Segovia","40081","Frumales"
"281","SG","Segovia","40082","Fuente de Santa Cruz"
"281","SG","Segovia","40083","Fuente el Olmo de Fuentidueña"
"281","SG","Segovia","40084","Fuente el Olmo de Íscar"
"281","SG","Segovia","40086","Fuentepelayo"
"281","SG","Segovia","40087","Fuentepiñel"
"281","SG","Segovia","40088","Fuenterrebollo"
"281","SG","Segovia","40089","Fuentesaúco de Fuentidueña"
"281","SG","Segovia","40091","Fuentesoto"
"281","SG","Segovia","40092","Fuentidueña"
"281","SG","Segovia","40093","Gallegos"
"281","SG","Segovia","40094","Garcillán"
"281","SG","Segovia","40095","Gomezserracín"
"281","SG","Segovia","40097","Grajera"
"281","SG","Segovia","40099","Honrubia de la Cuesta"
"281","SG","Segovia","40100","Hontalbilla"
"281","SG","Segovia","40101","Hontanares de Eresma"
"281","SG","Segovia","40103","Huertos (Los)"
"281","SG","Segovia","40104","Ituero y Lama"
"281","SG","Segovia","40105","Juarros de Riomoros"
"281","SG","Segovia","40106","Juarros de Voltoya"
"281","SG","Segovia","40107","Labajos"
"281","SG","Segovia","40108","Laguna de Contreras"
"281","SG","Segovia","40109","Languilla"
"281","SG","Segovia","40110","Lastras de Cuéllar"
"281","SG","Segovia","40111","Lastras del Pozo"
"281","SG","Segovia","40112","Lastrilla (La)"
"281","SG","Segovia","40113","Losa (La)"
"281","SG","Segovia","40115","Maderuelo"
"281","SG","Segovia","40118","Marazuela"
"281","SG","Segovia","40119","Martín Miguel"
"281","SG","Segovia","40120","Martín Muñoz de la Dehesa"
"281","SG","Segovia","40121","Martín Muñoz de las Posadas"
"281","SG","Segovia","40122","Marugán"
"281","SG","Segovia","40123","Matabuena"
"281","SG","Segovia","40124","Mata de Cuéllar"
"281","SG","Segovia","40125","Matilla (La)"
"281","SG","Segovia","40126","Melque de Cercos"
"281","SG","Segovia","40127","Membibre de la Hoz"
"281","SG","Segovia","40128","Migueláñez"
"281","SG","Segovia","40129","Montejo de Arévalo"
"281","SG","Segovia","40130","Montejo de la Vega de la Serrezuela"
"281","SG","Segovia","40131","Monterrubio"
"281","SG","Segovia","40132","Moral de Hornuez"
"281","SG","Segovia","40134","Mozoncillo"
"281","SG","Segovia","40135","Muñopedro"
"281","SG","Segovia","40136","Muñoveros"
"281","SG","Segovia","40138","Nava de la Asunción"
"281","SG","Segovia","40139","Navafría"
"281","SG","Segovia","40140","Navalilla"
"281","SG","Segovia","40141","Navalmanzano"
"281","SG","Segovia","40142","Navares de Ayuso"
"281","SG","Segovia","40143","Navares de Enmedio"
"281","SG","Segovia","40144","Navares de las Cuevas"
"281","SG","Segovia","40145","Navas de Oro"
"281","SG","Segovia","40146","Navas de San Antonio"
"281","SG","Segovia","40148","Nieva"
"281","SG","Segovia","40149","Olombrada"
"281","SG","Segovia","40150","Orejana"
"281","SG","Segovia","40151","Ortigosa de Pestaño"
"281","SG","Segovia","40152","Otero de Herreros"
"281","SG","Segovia","40154","Pajarejos"
"281","SG","Segovia","40155","Palazuelos de Eresma"
"281","SG","Segovia","40156","Pedraza"
"281","SG","Segovia","40157","Pelayos del Arroyo"
"281","SG","Segovia","40158","Perosillo"
"281","SG","Segovia","40159","Pinarejos"
"281","SG","Segovia","40160","Pinarnegrillo"
"281","SG","Segovia","40161","Carabias"
"281","SG","Segovia","40162","Prádena"
"281","SG","Segovia","40163","Puebla de Pedraza"
"281","SG","Segovia","40164","Rapariegos"
"281","SG","Segovia","40165","Rebollo"
"281","SG","Segovia","40166","Remondo"
"281","SG","Segovia","40168","Riaguas de San Bartolomé"
"281","SG","Segovia","40170","Riaza"
"281","SG","Segovia","40171","Ribota"
"281","SG","Segovia","40172","Riofrío de Riaza"
"281","SG","Segovia","40173","Roda de Eresma"
"281","SG","Segovia","40174","Sacramenia"
"281","SG","Segovia","40176","Samboal"
"281","SG","Segovia","40177","San Cristóbal de Cuéllar"
"281","SG","Segovia","40178","San Cristóbal de la Vega"
"281","SG","Segovia","40179","Sanchonuño"
"281","SG","Segovia","40180","Sangarcía"
"281","SG","Segovia","40181","Real Sitio de San Ildefonso"
"281","SG","Segovia","40182","San Martín y Mudrián"
"281","SG","Segovia","40183","San Miguel de Bernuy"
"281","SG","Segovia","40184","San Pedro de Gaíllos"
"281","SG","Segovia","40185","Santa María la Real de Nieva"
"281","SG","Segovia","40186","Santa Marta del Cerro"
"281","SG","Segovia","40188","Santiuste de Pedraza"
"281","SG","Segovia","40189","Santiuste de San Juan Bautista"
"281","SG","Segovia","40190","Santo Domingo de Pirón"
"281","SG","Segovia","40191","Santo Tomé del Puerto"
"281","SG","Segovia","40192","Sauquillo de Cabezas"
"281","SG","Segovia","40193","Sebúlcor"
"281","SG","Segovia","40194","Segovia"
"281","SG","Segovia","40195","Sepúlveda"
"281","SG","Segovia","40196","Sequera de Fresno"
"281","SG","Segovia","40198","Sotillo"
"281","SG","Segovia","40199","Sotosalbos"
"281","SG","Segovia","40200","Tabanera la Luenga"
"281","SG","Segovia","40201","Tolocirio"
"281","SG","Segovia","40202","Torreadrada"
"281","SG","Segovia","40203","Torrecaballeros"
"281","SG","Segovia","40204","Torrecilla del Pinar"
"281","SG","Segovia","40205","Torreiglesias"
"281","SG","Segovia","40206","Torre Val de San Pedro"
"281","SG","Segovia","40207","Trescasas"
"281","SG","Segovia","40208","Turégano"
"281","SG","Segovia","40210","Urueñas"
"281","SG","Segovia","40211","Valdeprados"
"281","SG","Segovia","40212","Valdevacas de Montejo"
"281","SG","Segovia","40213","Valdevacas y Guijar"
"281","SG","Segovia","40214","Valseca"
"281","SG","Segovia","40215","Valtiendas"
"281","SG","Segovia","40216","Valverde del Majano"
"281","SG","Segovia","40218","Valle de Tabladillo"
"281","SG","Segovia","40219","Vallelado"
"281","SG","Segovia","40220","Valleruela de Pedraza"
"281","SG","Segovia","40221","Valleruela de Sepúlveda"
"281","SG","Segovia","40222","Veganzones"
"281","SG","Segovia","40223","Vegas de Matute"
"281","SG","Segovia","40224","Ventosilla y Tejadilla"
"281","SG","Segovia","40225","Villacastín"
"281","SG","Segovia","40228","Villaverde de Íscar"
"281","SG","Segovia","40229","Villaverde de Montejo"
"281","SG","Segovia","40230","Villeguillo"
"281","SG","Segovia","40231","Yanguas de Eresma"
"281","SG","Segovia","40233","Zarzuela del Monte"
"281","SG","Segovia","40234","Zarzuela del Pinar"
"281","SG","Segovia","40901","Ortigosa del Monte"
"281","SG","Segovia","40902","Cozuelos de Fuentidueña"
"281","SG","Segovia","40903","Marazoleja"
"281","SG","Segovia","40904","Navas de Riofrío"
"281","SG","Segovia","40905","Cuevas de Provanco"
"281","SG","Segovia","40906","San Cristóbal de Segovia"
"281","SE","Sevilla","41001","Aguadulce"
"281","SE","Sevilla","41002","Alanís"
"281","SE","Sevilla","41003","Albaida del Aljarafe"
"281","SE","Sevilla","41004","Alcalá de Guadaíra"
"281","SE","Sevilla","41005","Alcalá del Río"
"281","SE","Sevilla","41006","Alcolea del Río"
"281","SE","Sevilla","41007","Algaba (La)"
"281","SE","Sevilla","41008","Algámitas"
"281","SE","Sevilla","41009","Almadén de la Plata"
"281","SE","Sevilla","41010","Almensilla"
"281","SE","Sevilla","41011","Arahal"
"281","SE","Sevilla","41012","Aznalcázar"
"281","SE","Sevilla","41013","Aznalcóllar"
"281","SE","Sevilla","41014","Badolatosa"
"281","SE","Sevilla","41015","Benacazón"
"281","SE","Sevilla","41016","Bollullos de la Mitación"
"281","SE","Sevilla","41017","Bormujos"
"281","SE","Sevilla","41018","Brenes"
"281","SE","Sevilla","41019","Burguillos"
"281","SE","Sevilla","41020","Cabezas de San Juan (Las)"
"281","SE","Sevilla","41021","Camas"
"281","SE","Sevilla","41022","Campana (La)"
"281","SE","Sevilla","41023","Cantillana"
"281","SE","Sevilla","41024","Carmona"
"281","SE","Sevilla","41025","Carrión de los Céspedes"
"281","SE","Sevilla","41026","Casariche"
"281","SE","Sevilla","41027","Castilblanco de los Arroyos"
"281","SE","Sevilla","41028","Castilleja de Guzmán"
"281","SE","Sevilla","41029","Castilleja de la Cuesta"
"281","SE","Sevilla","41030","Castilleja del Campo"
"281","SE","Sevilla","41031","Castillo de las Guardas (El)"
"281","SE","Sevilla","41032","Cazalla de la Sierra"
"281","SE","Sevilla","41033","Constantina"
"281","SE","Sevilla","41034","Coria del Río"
"281","SE","Sevilla","41035","Coripe"
"281","SE","Sevilla","41036","Coronil (El)"
"281","SE","Sevilla","41037","Corrales (Los)"
"281","SE","Sevilla","41038","Dos Hermanas"
"281","SE","Sevilla","41039","Écija"
"281","SE","Sevilla","41040","Espartinas"
"281","SE","Sevilla","41041","Estepa"
"281","SE","Sevilla","41042","Fuentes de Andalucía"
"281","SE","Sevilla","41043","Garrobo (El)"
"281","SE","Sevilla","41044","Gelves"
"281","SE","Sevilla","41045","Gerena"
"281","SE","Sevilla","41046","Gilena"
"281","SE","Sevilla","41047","Gines"
"281","SE","Sevilla","41048","Guadalcanal"
"281","SE","Sevilla","41049","Guillena"
"281","SE","Sevilla","41050","Herrera"
"281","SE","Sevilla","41051","Huévar del Aljarafe"
"281","SE","Sevilla","41052","Lantejuela"
"281","SE","Sevilla","41053","Lebrija"
"281","SE","Sevilla","41054","Lora de Estepa"
"281","SE","Sevilla","41055","Lora del Río"
"281","SE","Sevilla","41056","Luisiana (La)"
"281","SE","Sevilla","41057","Madroño (El)"
"281","SE","Sevilla","41058","Mairena del Alcor"
"281","SE","Sevilla","41059","Mairena del Aljarafe"
"281","SE","Sevilla","41060","Marchena"
"281","SE","Sevilla","41061","Marinaleda"
"281","SE","Sevilla","41062","Martín de la Jara"
"281","SE","Sevilla","41063","Molares (Los)"
"281","SE","Sevilla","41064","Montellano"
"281","SE","Sevilla","41065","Morón de la Frontera"
"281","SE","Sevilla","41066","Navas de la Concepción (Las)"
"281","SE","Sevilla","41067","Olivares"
"281","SE","Sevilla","41068","Osuna"
"281","SE","Sevilla","41069","Palacios y Villafranca (Los)"
"281","SE","Sevilla","41070","Palomares del Río"
"281","SE","Sevilla","41071","Paradas"
"281","SE","Sevilla","41072","Pedrera"
"281","SE","Sevilla","41073","Pedroso (El)"
"281","SE","Sevilla","41074","Peñaflor"
"281","SE","Sevilla","41075","Pilas"
"281","SE","Sevilla","41076","Pruna"
"281","SE","Sevilla","41077","Puebla de Cazalla (La)"
"281","SE","Sevilla","41078","Puebla de los Infantes (La)"
"281","SE","Sevilla","41079","Puebla del Río (La)"
"281","SE","Sevilla","41080","Real de la Jara (El)"
"281","SE","Sevilla","41081","Rinconada (La)"
"281","SE","Sevilla","41082","Roda de Andalucía (La)"
"281","SE","Sevilla","41083","Ronquillo (El)"
"281","SE","Sevilla","41084","Rubio (El)"
"281","SE","Sevilla","41085","Salteras"
"281","SE","Sevilla","41086","San Juan de Aznalfarache"
"281","SE","Sevilla","41087","Sanlúcar la Mayor"
"281","SE","Sevilla","41088","San Nicolás del Puerto"
"281","SE","Sevilla","41089","Santiponce"
"281","SE","Sevilla","41090","Saucejo (El)"
"281","SE","Sevilla","41091","Sevilla"
"281","SE","Sevilla","41092","Tocina"
"281","SE","Sevilla","41093","Tomares"
"281","SE","Sevilla","41094","Umbrete"
"281","SE","Sevilla","41095","Utrera"
"281","SE","Sevilla","41096","Valencina de la Concepción"
"281","SE","Sevilla","41097","Villamanrique de la Condesa"
"281","SE","Sevilla","41098","Villanueva del Ariscal"
"281","SE","Sevilla","41099","Villanueva del Río y Minas"
"281","SE","Sevilla","41100","Villanueva de San Juan"
"281","SE","Sevilla","41101","Villaverde del Río"
"281","SE","Sevilla","41102","Viso del Alcor (El)"
"281","SE","Sevilla","41901","Cañada Rosal"
"281","SE","Sevilla","41902","Isla Mayor"
"281","SE","Sevilla","41903","Cuervo de Sevilla (El)"
"281","SE","Sevilla","41904","Palmar de Troya, El"
"281","SO","Soria","42001","Abejar"
"281","SO","Soria","42003","Adradas"
"281","SO","Soria","42004","Ágreda"
"281","SO","Soria","42006","Alconaba"
"281","SO","Soria","42007","Alcubilla de Avellaneda"
"281","SO","Soria","42008","Alcubilla de las Peñas"
"281","SO","Soria","42009","Aldealafuente"
"281","SO","Soria","42010","Aldealices"
"281","SO","Soria","42011","Aldealpozo"
"281","SO","Soria","42012","Aldealseñor"
"281","SO","Soria","42013","Aldehuela de Periáñez"
"281","SO","Soria","42014","Aldehuelas (Las)"
"281","SO","Soria","42015","Alentisque"
"281","SO","Soria","42016","Aliud"
"281","SO","Soria","42017","Almajano"
"281","SO","Soria","42018","Almaluez"
"281","SO","Soria","42019","Almarza"
"281","SO","Soria","42020","Almazán"
"281","SO","Soria","42021","Almazul"
"281","SO","Soria","42022","Almenar de Soria"
"281","SO","Soria","42023","Alpanseque"
"281","SO","Soria","42024","Arancón"
"281","SO","Soria","42025","Arcos de Jalón"
"281","SO","Soria","42026","Arenillas"
"281","SO","Soria","42027","Arévalo de la Sierra"
"281","SO","Soria","42028","Ausejo de la Sierra"
"281","SO","Soria","42029","Baraona"
"281","SO","Soria","42030","Barca"
"281","SO","Soria","42031","Barcones"
"281","SO","Soria","42032","Bayubas de Abajo"
"281","SO","Soria","42033","Bayubas de Arriba"
"281","SO","Soria","42034","Beratón"
"281","SO","Soria","42035","Berlanga de Duero"
"281","SO","Soria","42036","Blacos"
"281","SO","Soria","42037","Bliecos"
"281","SO","Soria","42038","Borjabad"
"281","SO","Soria","42039","Borobia"
"281","SO","Soria","42041","Buberos"
"281","SO","Soria","42042","Buitrago"
"281","SO","Soria","42043","Burgo de Osma-Ciudad de Osma"
"281","SO","Soria","42044","Cabrejas del Campo"
"281","SO","Soria","42045","Cabrejas del Pinar"
"281","SO","Soria","42046","Calatañazor"
"281","SO","Soria","42048","Caltojar"
"281","SO","Soria","42049","Candilichera"
"281","SO","Soria","42050","Cañamaque"
"281","SO","Soria","42051","Carabantes"
"281","SO","Soria","42052","Caracena"
"281","SO","Soria","42053","Carrascosa de Abajo"
"281","SO","Soria","42054","Carrascosa de la Sierra"
"281","SO","Soria","42055","Casarejos"
"281","SO","Soria","42056","Castilfrío de la Sierra"
"281","SO","Soria","42057","Castilruiz"
"281","SO","Soria","42058","Castillejo de Robledo"
"281","SO","Soria","42059","Centenera de Andaluz"
"281","SO","Soria","42060","Cerbón"
"281","SO","Soria","42061","Cidones"
"281","SO","Soria","42062","Cigudosa"
"281","SO","Soria","42063","Cihuela"
"281","SO","Soria","42064","Ciria"
"281","SO","Soria","42065","Cirujales del Río"
"281","SO","Soria","42068","Coscurita"
"281","SO","Soria","42069","Covaleda"
"281","SO","Soria","42070","Cubilla"
"281","SO","Soria","42071","Cubo de la Solana"
"281","SO","Soria","42073","Cueva de Ágreda"
"281","SO","Soria","42075","Dévanos"
"281","SO","Soria","42076","Deza"
"281","SO","Soria","42078","Duruelo de la Sierra"
"281","SO","Soria","42079","Escobosa de Almazán"
"281","SO","Soria","42080","Espeja de San Marcelino"
"281","SO","Soria","42081","Espejón"
"281","SO","Soria","42082","Estepa de San Juan"
"281","SO","Soria","42083","Frechilla de Almazán"
"281","SO","Soria","42084","Fresno de Caracena"
"281","SO","Soria","42085","Fuentearmegil"
"281","SO","Soria","42086","Fuentecambrón"
"281","SO","Soria","42087","Fuentecantos"
"281","SO","Soria","42088","Fuentelmonge"
"281","SO","Soria","42089","Fuentelsaz de Soria"
"281","SO","Soria","42090","Fuentepinilla"
"281","SO","Soria","42092","Fuentes de Magaña"
"281","SO","Soria","42093","Fuentestrún"
"281","SO","Soria","42094","Garray"
"281","SO","Soria","42095","Golmayo"
"281","SO","Soria","42096","Gómara"
"281","SO","Soria","42097","Gormaz"
"281","SO","Soria","42098","Herrera de Soria"
"281","SO","Soria","42100","Hinojosa del Campo"
"281","SO","Soria","42103","Langa de Duero"
"281","SO","Soria","42105","Liceras"
"281","SO","Soria","42106","Losilla (La)"
"281","SO","Soria","42107","Magaña"
"281","SO","Soria","42108","Maján"
"281","SO","Soria","42110","Matalebreras"
"281","SO","Soria","42111","Matamala de Almazán"
"281","SO","Soria","42113","Medinaceli"
"281","SO","Soria","42115","Miño de Medinaceli"
"281","SO","Soria","42116","Miño de San Esteban"
"281","SO","Soria","42117","Molinos de Duero"
"281","SO","Soria","42118","Momblona"
"281","SO","Soria","42119","Monteagudo de las Vicarías"
"281","SO","Soria","42120","Montejo de Tiermes"
"281","SO","Soria","42121","Montenegro de Cameros"
"281","SO","Soria","42123","Morón de Almazán"
"281","SO","Soria","42124","Muriel de la Fuente"
"281","SO","Soria","42125","Muriel Viejo"
"281","SO","Soria","42127","Nafría de Ucero"
"281","SO","Soria","42128","Narros"
"281","SO","Soria","42129","Navaleno"
"281","SO","Soria","42130","Nepas"
"281","SO","Soria","42131","Nolay"
"281","SO","Soria","42132","Noviercas"
"281","SO","Soria","42134","Ólvega"
"281","SO","Soria","42135","Oncala"
"281","SO","Soria","42139","Pinilla del Campo"
"281","SO","Soria","42140","Portillo de Soria"
"281","SO","Soria","42141","Póveda de Soria (La)"
"281","SO","Soria","42142","Pozalmuro"
"281","SO","Soria","42144","Quintana Redonda"
"281","SO","Soria","42145","Quintanas de Gormaz"
"281","SO","Soria","42148","Quiñonería"
"281","SO","Soria","42149","Rábanos (Los)"
"281","SO","Soria","42151","Rebollar"
"281","SO","Soria","42152","Recuerda"
"281","SO","Soria","42153","Rello"
"281","SO","Soria","42154","Renieblas"
"281","SO","Soria","42155","Retortillo de Soria"
"281","SO","Soria","42156","Reznos"
"281","SO","Soria","42157","Riba de Escalote (La)"
"281","SO","Soria","42158","Rioseco de Soria"
"281","SO","Soria","42159","Rollamienta"
"281","SO","Soria","42160","Royo (El)"
"281","SO","Soria","42161","Salduero"
"281","SO","Soria","42162","San Esteban de Gormaz"
"281","SO","Soria","42163","San Felices"
"281","SO","Soria","42164","San Leonardo de Yagüe"
"281","SO","Soria","42165","San Pedro Manrique"
"281","SO","Soria","42166","Santa Cruz de Yanguas"
"281","SO","Soria","42167","Santa María de Huerta"
"281","SO","Soria","42168","Santa María de las Hoyas"
"281","SO","Soria","42171","Serón de Nágima"
"281","SO","Soria","42172","Soliedra"
"281","SO","Soria","42173","Soria"
"281","SO","Soria","42174","Sotillo del Rincón"
"281","SO","Soria","42175","Suellacabras"
"281","SO","Soria","42176","Tajahuerce"
"281","SO","Soria","42177","Tajueco"
"281","SO","Soria","42178","Talveila"
"281","SO","Soria","42181","Tardelcuende"
"281","SO","Soria","42182","Taroda"
"281","SO","Soria","42183","Tejado"
"281","SO","Soria","42184","Torlengua"
"281","SO","Soria","42185","Torreblacos"
"281","SO","Soria","42187","Torrubia de Soria"
"281","SO","Soria","42188","Trévago"
"281","SO","Soria","42189","Ucero"
"281","SO","Soria","42190","Vadillo"
"281","SO","Soria","42191","Valdeavellano de Tera"
"281","SO","Soria","42192","Valdegeña"
"281","SO","Soria","42193","Valdelagua del Cerro"
"281","SO","Soria","42194","Valdemaluque"
"281","SO","Soria","42195","Valdenebro"
"281","SO","Soria","42196","Valdeprado"
"281","SO","Soria","42197","Valderrodilla"
"281","SO","Soria","42198","Valtajeros"
"281","SO","Soria","42200","Velamazán"
"281","SO","Soria","42201","Velilla de la Sierra"
"281","SO","Soria","42202","Velilla de los Ajos"
"281","SO","Soria","42204","Viana de Duero"
"281","SO","Soria","42205","Villaciervos"
"281","SO","Soria","42206","Villanueva de Gormaz"
"281","SO","Soria","42207","Villar del Ala"
"281","SO","Soria","42208","Villar del Campo"
"281","SO","Soria","42209","Villar del Río"
"281","SO","Soria","42211","Villares de Soria (Los)"
"281","SO","Soria","42212","Villasayas"
"281","SO","Soria","42213","Villaseca de Arciel"
"281","SO","Soria","42215","Vinuesa"
"281","SO","Soria","42216","Vizmanos"
"281","SO","Soria","42217","Vozmediano"
"281","SO","Soria","42218","Yanguas"
"281","SO","Soria","42219","Yelo"
"281","T","Tarragona","43001","Aiguamúrcia"
"281","T","Tarragona","43002","Albinyana"
"281","T","Tarragona","43003","Albiol (L')"
"281","T","Tarragona","43004","Alcanar"
"281","T","Tarragona","43005","Alcover"
"281","T","Tarragona","43006","Aldover"
"281","T","Tarragona","43007","Aleixar (L')"
"281","T","Tarragona","43008","Alfara de Carles"
"281","T","Tarragona","43009","Alforja"
"281","T","Tarragona","43010","Alió"
"281","T","Tarragona","43011","Almoster"
"281","T","Tarragona","43012","Altafulla"
"281","T","Tarragona","43013","Ametlla de Mar (L')"
"281","T","Tarragona","43014","Amposta"
"281","T","Tarragona","43015","Arbolí"
"281","T","Tarragona","43016","Arboç (L')"
"281","T","Tarragona","43017","Argentera (L')"
"281","T","Tarragona","43018","Arnes"
"281","T","Tarragona","43019","Ascó"
"281","T","Tarragona","43020","Banyeres del Penedès"
"281","T","Tarragona","43021","Barberà de la Conca"
"281","T","Tarragona","43022","Batea"
"281","T","Tarragona","43023","Bellmunt del Priorat"
"281","T","Tarragona","43024","Bellvei"
"281","T","Tarragona","43025","Benifallet"
"281","T","Tarragona","43026","Benissanet"
"281","T","Tarragona","43027","Bisbal de Montsant, La"
"281","T","Tarragona","43028","Bisbal del Penedès (La)"
"281","T","Tarragona","43029","Blancafort"
"281","T","Tarragona","43030","Bonastre"
"281","T","Tarragona","43031","Borges del Camp (Les)"
"281","T","Tarragona","43032","Bot"
"281","T","Tarragona","43033","Botarell"
"281","T","Tarragona","43034","Bràfim"
"281","T","Tarragona","43035","Cabacés"
"281","T","Tarragona","43036","Cabra del Camp"
"281","T","Tarragona","43037","Calafell"
"281","T","Tarragona","43038","Cambrils"
"281","T","Tarragona","43039","Capafonts"
"281","T","Tarragona","43040","Capçanes"
"281","T","Tarragona","43041","Caseres"
"281","T","Tarragona","43042","Castellvell del Camp"
"281","T","Tarragona","43043","Catllar (El)"
"281","T","Tarragona","43044","Sénia (La)"
"281","T","Tarragona","43045","Colldejou"
"281","T","Tarragona","43046","Conesa"
"281","T","Tarragona","43047","Constantí"
"281","T","Tarragona","43048","Corbera d'Ebre"
"281","T","Tarragona","43049","Cornudella de Montsant"
"281","T","Tarragona","43050","Creixell"
"281","T","Tarragona","43051","Cunit"
"281","T","Tarragona","43052","Xerta"
"281","T","Tarragona","43053","Duesaigües"
"281","T","Tarragona","43054","Espluga de Francolí (L')"
"281","T","Tarragona","43055","Falset"
"281","T","Tarragona","43056","Fatarella (La)"
"281","T","Tarragona","43057","Febró (La)"
"281","T","Tarragona","43058","Figuera (La)"
"281","T","Tarragona","43059","Figuerola del Camp"
"281","T","Tarragona","43060","Flix"
"281","T","Tarragona","43061","Forès"
"281","T","Tarragona","43062","Freginals"
"281","T","Tarragona","43063","Galera (La)"
"281","T","Tarragona","43064","Gandesa"
"281","T","Tarragona","43065","Garcia"
"281","T","Tarragona","43066","Garidells (Els)"
"281","T","Tarragona","43067","Ginestar"
"281","T","Tarragona","43068","Godall"
"281","T","Tarragona","43069","Gratallops"
"281","T","Tarragona","43070","Guiamets (Els)"
"281","T","Tarragona","43071","Horta de Sant Joan"
"281","T","Tarragona","43072","Lloar (El)"
"281","T","Tarragona","43073","Llorac"
"281","T","Tarragona","43074","Llorenç del Penedès"
"281","T","Tarragona","43075","Margalef"
"281","T","Tarragona","43076","Marçà"
"281","T","Tarragona","43077","Mas de Barberans"
"281","T","Tarragona","43078","Masdenverge"
"281","T","Tarragona","43079","Masllorenç"
"281","T","Tarragona","43080","Masó (La)"
"281","T","Tarragona","43081","Maspujols"
"281","T","Tarragona","43082","Masroig (El)"
"281","T","Tarragona","43083","Milà (El)"
"281","T","Tarragona","43084","Miravet"
"281","T","Tarragona","43085","Molar (El)"
"281","T","Tarragona","43086","Montblanc"
"281","T","Tarragona","43088","Montbrió del Camp"
"281","T","Tarragona","43089","Montferri"
"281","T","Tarragona","43090","Montmell (El)"
"281","T","Tarragona","43091","Mont-ral"
"281","T","Tarragona","43092","Mont-roig del Camp"
"281","T","Tarragona","43093","Móra d'Ebre"
"281","T","Tarragona","43094","Móra la Nova"
"281","T","Tarragona","43095","Morell (El)"
"281","T","Tarragona","43096","Morera de Montsant (La)"
"281","T","Tarragona","43097","Nou de Gaià (La)"
"281","T","Tarragona","43098","Nulles"
"281","T","Tarragona","43099","Palma d'Ebre (La)"
"281","T","Tarragona","43100","Pallaresos (Els)"
"281","T","Tarragona","43101","Passanant i Belltall"
"281","T","Tarragona","43102","Paüls"
"281","T","Tarragona","43103","Perafort"
"281","T","Tarragona","43104","Perelló (El)"
"281","T","Tarragona","43105","Piles (Les)"
"281","T","Tarragona","43106","Pinell de Brai (El)"
"281","T","Tarragona","43107","Pira"
"281","T","Tarragona","43108","Pla de Santa Maria (El)"
"281","T","Tarragona","43109","Pobla de Mafumet (La)"
"281","T","Tarragona","43110","Pobla de Massaluca (La)"
"281","T","Tarragona","43111","Pobla de Montornès (La)"
"281","T","Tarragona","43112","Poboleda"
"281","T","Tarragona","43113","Pont d'Armentera (El)"
"281","T","Tarragona","43114","Porrera"
"281","T","Tarragona","43115","Pradell de la Teixeta"
"281","T","Tarragona","43116","Prades"
"281","T","Tarragona","43117","Prat de Comte"
"281","T","Tarragona","43118","Pratdip"
"281","T","Tarragona","43119","Puigpelat"
"281","T","Tarragona","43120","Querol"
"281","T","Tarragona","43121","Rasquera"
"281","T","Tarragona","43122","Renau"
"281","T","Tarragona","43123","Reus"
"281","T","Tarragona","43124","Riba (La)"
"281","T","Tarragona","43125","Riba-roja d'Ebre"
"281","T","Tarragona","43126","Riera de Gaià (La)"
"281","T","Tarragona","43127","Riudecanyes"
"281","T","Tarragona","43128","Riudecols"
"281","T","Tarragona","43129","Riudoms"
"281","T","Tarragona","43130","Rocafort de Queralt"
"281","T","Tarragona","43131","Roda de Berà"
"281","T","Tarragona","43132","Rodonyà"
"281","T","Tarragona","43133","Roquetes"
"281","T","Tarragona","43134","Rourell (El)"
"281","T","Tarragona","43135","Salomó"
"281","T","Tarragona","43136","Ràpita, La"
"281","T","Tarragona","43137","Sant Jaume dels Domenys"
"281","T","Tarragona","43138","Santa Bàrbara"
"281","T","Tarragona","43139","Santa Coloma de Queralt"
"281","T","Tarragona","43140","Santa Oliva"
"281","T","Tarragona","43141","Pontils"
"281","T","Tarragona","43142","Sarral"
"281","T","Tarragona","43143","Savallà del Comtat"
"281","T","Tarragona","43144","Secuita (La)"
"281","T","Tarragona","43145","Selva del Camp (La)"
"281","T","Tarragona","43146","Senan"
"281","T","Tarragona","43147","Solivella"
"281","T","Tarragona","43148","Tarragona"
"281","T","Tarragona","43149","Tivenys"
"281","T","Tarragona","43150","Tivissa"
"281","T","Tarragona","43151","Torre de Fontaubella (La)"
"281","T","Tarragona","43152","Torre de l'Espanyol (La)"
"281","T","Tarragona","43153","Torredembarra"
"281","T","Tarragona","43154","Torroja del Priorat"
"281","T","Tarragona","43155","Tortosa"
"281","T","Tarragona","43156","Ulldecona"
"281","T","Tarragona","43157","Ulldemolins"
"281","T","Tarragona","43158","Vallclara"
"281","T","Tarragona","43159","Vallfogona de Riucorb"
"281","T","Tarragona","43160","Vallmoll"
"281","T","Tarragona","43161","Valls"
"281","T","Tarragona","43162","Vandellòs i l'Hospitalet de l'Infant"
"281","T","Tarragona","43163","Vendrell (El)"
"281","T","Tarragona","43164","Vespella de Gaià"
"281","T","Tarragona","43165","Vilabella"
"281","T","Tarragona","43166","Vilallonga del Camp"
"281","T","Tarragona","43167","Vilanova d'Escornalbou"
"281","T","Tarragona","43168","Vilanova de Prades"
"281","T","Tarragona","43169","Vilaplana"
"281","T","Tarragona","43170","Vila-rodona"
"281","T","Tarragona","43171","Vila-seca"
"281","T","Tarragona","43172","Vilaverd"
"281","T","Tarragona","43173","Vilella Alta (La)"
"281","T","Tarragona","43174","Vilella Baixa (La)"
"281","T","Tarragona","43175","Vilalba dels Arcs"
"281","T","Tarragona","43176","Vimbodí i Poblet"
"281","T","Tarragona","43177","Vinebre"
"281","T","Tarragona","43178","Vinyols i els Arcs"
"281","T","Tarragona","43901","Deltebre"
"281","T","Tarragona","43902","Sant Jaume d'Enveja"
"281","T","Tarragona","43903","Camarles"
"281","T","Tarragona","43904","Aldea (L')"
"281","T","Tarragona","43905","Salou"
"281","T","Tarragona","43906","Ampolla (L')"
"281","T","Tarragona","43907","Canonja, La"
"281","TE","Teruel","44001","Ababuj"
"281","TE","Teruel","44002","Abejuela"
"281","TE","Teruel","44003","Aguatón"
"281","TE","Teruel","44004","Aguaviva"
"281","TE","Teruel","44005","Aguilar del Alfambra"
"281","TE","Teruel","44006","Alacón"
"281","TE","Teruel","44007","Alba"
"281","TE","Teruel","44008","Albalate del Arzobispo"
"281","TE","Teruel","44009","Albarracín"
"281","TE","Teruel","44010","Albentosa"
"281","TE","Teruel","44011","Alcaine"
"281","TE","Teruel","44012","Alcalá de la Selva"
"281","TE","Teruel","44013","Alcañiz"
"281","TE","Teruel","44014","Alcorisa"
"281","TE","Teruel","44016","Alfambra"
"281","TE","Teruel","44017","Aliaga"
"281","TE","Teruel","44018","Almohaja"
"281","TE","Teruel","44019","Alobras"
"281","TE","Teruel","44020","Alpeñés"
"281","TE","Teruel","44021","Allepuz"
"281","TE","Teruel","44022","Alloza"
"281","TE","Teruel","44023","Allueva"
"281","TE","Teruel","44024","Anadón"
"281","TE","Teruel","44025","Andorra"
"281","TE","Teruel","44026","Arcos de las Salinas"
"281","TE","Teruel","44027","Arens de Lledó"
"281","TE","Teruel","44028","Argente"
"281","TE","Teruel","44029","Ariño"
"281","TE","Teruel","44031","Azaila"
"281","TE","Teruel","44032","Bádenas"
"281","TE","Teruel","44033","Báguena"
"281","TE","Teruel","44034","Bañón"
"281","TE","Teruel","44035","Barrachina"
"281","TE","Teruel","44036","Bea"
"281","TE","Teruel","44037","Beceite"
"281","TE","Teruel","44038","Belmonte de San José"
"281","TE","Teruel","44039","Bello"
"281","TE","Teruel","44040","Berge"
"281","TE","Teruel","44041","Bezas"
"281","TE","Teruel","44042","Blancas"
"281","TE","Teruel","44043","Blesa"
"281","TE","Teruel","44044","Bordón"
"281","TE","Teruel","44045","Bronchales"
"281","TE","Teruel","44046","Bueña"
"281","TE","Teruel","44047","Burbáguena"
"281","TE","Teruel","44048","Cabra de Mora"
"281","TE","Teruel","44049","Calaceite"
"281","TE","Teruel","44050","Calamocha"
"281","TE","Teruel","44051","Calanda"
"281","TE","Teruel","44052","Calomarde"
"281","TE","Teruel","44053","Camañas"
"281","TE","Teruel","44054","Camarena de la Sierra"
"281","TE","Teruel","44055","Camarillas"
"281","TE","Teruel","44056","Caminreal"
"281","TE","Teruel","44059","Cantavieja"
"281","TE","Teruel","44060","Cañada de Benatanduz"
"281","TE","Teruel","44061","Cañada de Verich (La)"
"281","TE","Teruel","44062","Cañada Vellida"
"281","TE","Teruel","44063","Cañizar del Olivar"
"281","TE","Teruel","44064","Cascante del Río"
"281","TE","Teruel","44065","Castejón de Tornos"
"281","TE","Teruel","44066","Castel de Cabra"
"281","TE","Teruel","44067","Castelnou"
"281","TE","Teruel","44068","Castelserás"
"281","TE","Teruel","44070","Castellar (El)"
"281","TE","Teruel","44071","Castellote"
"281","TE","Teruel","44074","Cedrillas"
"281","TE","Teruel","44075","Celadas"
"281","TE","Teruel","44076","Cella"
"281","TE","Teruel","44077","Cerollera (La)"
"281","TE","Teruel","44080","Codoñera (La)"
"281","TE","Teruel","44082","Corbalán"
"281","TE","Teruel","44084","Cortes de Aragón"
"281","TE","Teruel","44085","Cosa"
"281","TE","Teruel","44086","Cretas"
"281","TE","Teruel","44087","Crivillén"
"281","TE","Teruel","44088","Cuba (La)"
"281","TE","Teruel","44089","Cubla"
"281","TE","Teruel","44090","Cucalón"
"281","TE","Teruel","44092","Cuervo (El)"
"281","TE","Teruel","44093","Cuevas de Almudén"
"281","TE","Teruel","44094","Cuevas Labradas"
"281","TE","Teruel","44096","Ejulve"
"281","TE","Teruel","44097","Escorihuela"
"281","TE","Teruel","44099","Escucha"
"281","TE","Teruel","44100","Estercuel"
"281","TE","Teruel","44101","Ferreruela de Huerva"
"281","TE","Teruel","44102","Fonfría"
"281","TE","Teruel","44103","Formiche Alto"
"281","TE","Teruel","44105","Fórnoles"
"281","TE","Teruel","44106","Fortanete"
"281","TE","Teruel","44107","Foz-Calanda"
"281","TE","Teruel","44108","Fresneda (La)"
"281","TE","Teruel","44109","Frías de Albarracín"
"281","TE","Teruel","44110","Fuenferrada"
"281","TE","Teruel","44111","Fuentes Calientes"
"281","TE","Teruel","44112","Fuentes Claras"
"281","TE","Teruel","44113","Fuentes de Rubielos"
"281","TE","Teruel","44114","Fuentespalda"
"281","TE","Teruel","44115","Galve"
"281","TE","Teruel","44116","Gargallo"
"281","TE","Teruel","44117","Gea de Albarracín"
"281","TE","Teruel","44118","Ginebrosa (La)"
"281","TE","Teruel","44119","Griegos"
"281","TE","Teruel","44120","Guadalaviar"
"281","TE","Teruel","44121","Gúdar"
"281","TE","Teruel","44122","Híjar"
"281","TE","Teruel","44123","Hinojosa de Jarque"
"281","TE","Teruel","44124","Hoz de la Vieja (La)"
"281","TE","Teruel","44125","Huesa del Común"
"281","TE","Teruel","44126","Iglesuela del Cid (La)"
"281","TE","Teruel","44127","Jabaloyas"
"281","TE","Teruel","44128","Jarque de la Val"
"281","TE","Teruel","44129","Jatiel"
"281","TE","Teruel","44130","Jorcas"
"281","TE","Teruel","44131","Josa"
"281","TE","Teruel","44132","Lagueruela"
"281","TE","Teruel","44133","Lanzuela"
"281","TE","Teruel","44135","Libros"
"281","TE","Teruel","44136","Lidón"
"281","TE","Teruel","44137","Linares de Mora"
"281","TE","Teruel","44138","Loscos"
"281","TE","Teruel","44141","Lledó"
"281","TE","Teruel","44142","Maicas"
"281","TE","Teruel","44143","Manzanera"
"281","TE","Teruel","44144","Martín del Río"
"281","TE","Teruel","44145","Mas de las Matas"
"281","TE","Teruel","44146","Mata de los Olmos (La)"
"281","TE","Teruel","44147","Mazaleón"
"281","TE","Teruel","44148","Mezquita de Jarque"
"281","TE","Teruel","44149","Mirambel"
"281","TE","Teruel","44150","Miravete de la Sierra"
"281","TE","Teruel","44151","Molinos"
"281","TE","Teruel","44152","Monforte de Moyuela"
"281","TE","Teruel","44153","Monreal del Campo"
"281","TE","Teruel","44154","Monroyo"
"281","TE","Teruel","44155","Montalbán"
"281","TE","Teruel","44156","Monteagudo del Castillo"
"281","TE","Teruel","44157","Monterde de Albarracín"
"281","TE","Teruel","44158","Mora de Rubielos"
"281","TE","Teruel","44159","Moscardón"
"281","TE","Teruel","44160","Mosqueruela"
"281","TE","Teruel","44161","Muniesa"
"281","TE","Teruel","44163","Noguera de Albarracín"
"281","TE","Teruel","44164","Nogueras"
"281","TE","Teruel","44165","Nogueruelas"
"281","TE","Teruel","44167","Obón"
"281","TE","Teruel","44168","Odón"
"281","TE","Teruel","44169","Ojos Negros"
"281","TE","Teruel","44171","Olba"
"281","TE","Teruel","44172","Oliete"
"281","TE","Teruel","44173","Olmos (Los)"
"281","TE","Teruel","44174","Orihuela del Tremedal"
"281","TE","Teruel","44175","Orrios"
"281","TE","Teruel","44176","Palomar de Arroyos"
"281","TE","Teruel","44177","Pancrudo"
"281","TE","Teruel","44178","Parras de Castellote (Las)"
"281","TE","Teruel","44179","Peñarroya de Tastavins"
"281","TE","Teruel","44180","Peracense"
"281","TE","Teruel","44181","Peralejos"
"281","TE","Teruel","44182","Perales del Alfambra"
"281","TE","Teruel","44183","Pitarque"
"281","TE","Teruel","44184","Plou"
"281","TE","Teruel","44185","Pobo (El)"
"281","TE","Teruel","44187","Portellada (La)"
"281","TE","Teruel","44189","Pozondón"
"281","TE","Teruel","44190","Pozuel del Campo"
"281","TE","Teruel","44191","Puebla de Híjar (La)"
"281","TE","Teruel","44192","Puebla de Valverde (La)"
"281","TE","Teruel","44193","Puertomingalvo"
"281","TE","Teruel","44194","Ráfales"
"281","TE","Teruel","44195","Rillo"
"281","TE","Teruel","44196","Riodeva"
"281","TE","Teruel","44197","Ródenas"
"281","TE","Teruel","44198","Royuela"
"281","TE","Teruel","44199","Rubiales"
"281","TE","Teruel","44200","Rubielos de la Cérida"
"281","TE","Teruel","44201","Rubielos de Mora"
"281","TE","Teruel","44203","Salcedillo"
"281","TE","Teruel","44204","Saldón"
"281","TE","Teruel","44205","Samper de Calanda"
"281","TE","Teruel","44206","San Agustín"
"281","TE","Teruel","44207","San Martín del Río"
"281","TE","Teruel","44208","Santa Cruz de Nogueras"
"281","TE","Teruel","44209","Santa Eulalia"
"281","TE","Teruel","44210","Sarrión"
"281","TE","Teruel","44211","Segura de los Baños"
"281","TE","Teruel","44212","Seno"
"281","TE","Teruel","44213","Singra"
"281","TE","Teruel","44215","Terriente"
"281","TE","Teruel","44216","Teruel"
"281","TE","Teruel","44217","Toril y Masegoso"
"281","TE","Teruel","44218","Tormón"
"281","TE","Teruel","44219","Tornos"
"281","TE","Teruel","44220","Torralba de los Sisones"
"281","TE","Teruel","44221","Torrecilla de Alcañiz"
"281","TE","Teruel","44222","Torrecilla del Rebollar"
"281","TE","Teruel","44223","Torre de Arcas"
"281","TE","Teruel","44224","Torre de las Arcas"
"281","TE","Teruel","44225","Torre del Compte"
"281","TE","Teruel","44226","Torrelacárcel"
"281","TE","Teruel","44227","Torre los Negros"
"281","TE","Teruel","44228","Torremocha de Jiloca"
"281","TE","Teruel","44229","Torres de Albarracín"
"281","TE","Teruel","44230","Torrevelilla"
"281","TE","Teruel","44231","Torrijas"
"281","TE","Teruel","44232","Torrijo del Campo"
"281","TE","Teruel","44234","Tramacastiel"
"281","TE","Teruel","44235","Tramacastilla"
"281","TE","Teruel","44236","Tronchón"
"281","TE","Teruel","44237","Urrea de Gaén"
"281","TE","Teruel","44238","Utrillas"
"281","TE","Teruel","44239","Valacloche"
"281","TE","Teruel","44240","Valbona"
"281","TE","Teruel","44241","Valdealgorfa"
"281","TE","Teruel","44243","Valdecuenca"
"281","TE","Teruel","44244","Valdelinares"
"281","TE","Teruel","44245","Valdeltormo"
"281","TE","Teruel","44246","Valderrobres"
"281","TE","Teruel","44247","Valjunquera"
"281","TE","Teruel","44249","Vallecillo (El)"
"281","TE","Teruel","44250","Veguillas de la Sierra"
"281","TE","Teruel","44251","Villafranca del Campo"
"281","TE","Teruel","44252","Villahermosa del Campo"
"281","TE","Teruel","44256","Villanueva del Rebollar de la Sierra"
"281","TE","Teruel","44257","Villar del Cobo"
"281","TE","Teruel","44258","Villar del Salz"
"281","TE","Teruel","44260","Villarluengo"
"281","TE","Teruel","44261","Villarquemado"
"281","TE","Teruel","44262","Villarroya de los Pinares"
"281","TE","Teruel","44263","Villastar"
"281","TE","Teruel","44264","Villel"
"281","TE","Teruel","44265","Vinaceite"
"281","TE","Teruel","44266","Visiedo"
"281","TE","Teruel","44267","Vivel del Río Martín"
"281","TE","Teruel","44268","Zoma (La)"
"281","TO","Toledo","45001","Ajofrín"
"281","TO","Toledo","45002","Alameda de la Sagra"
"281","TO","Toledo","45003","Albarreal de Tajo"
"281","TO","Toledo","45004","Alcabón"
"281","TO","Toledo","45005","Alcañizo"
"281","TO","Toledo","45006","Alcaudete de la Jara"
"281","TO","Toledo","45007","Alcolea de Tajo"
"281","TO","Toledo","45008","Aldea en Cabo"
"281","TO","Toledo","45009","Aldeanueva de Barbarroya"
"281","TO","Toledo","45010","Aldeanueva de San Bartolomé"
"281","TO","Toledo","45011","Almendral de la Cañada"
"281","TO","Toledo","45012","Almonacid de Toledo"
"281","TO","Toledo","45013","Almorox"
"281","TO","Toledo","45014","Añover de Tajo"
"281","TO","Toledo","45015","Arcicóllar"
"281","TO","Toledo","45016","Argés"
"281","TO","Toledo","45017","Azután"
"281","TO","Toledo","45018","Barcience"
"281","TO","Toledo","45019","Bargas"
"281","TO","Toledo","45020","Belvís de la Jara"
"281","TO","Toledo","45021","Borox"
"281","TO","Toledo","45022","Buenaventura"
"281","TO","Toledo","45023","Burguillos de Toledo"
"281","TO","Toledo","45024","Burujón"
"281","TO","Toledo","45025","Cabañas de la Sagra"
"281","TO","Toledo","45026","Cabañas de Yepes"
"281","TO","Toledo","45027","Cabezamesada"
"281","TO","Toledo","45028","Calera y Chozas"
"281","TO","Toledo","45029","Caleruela"
"281","TO","Toledo","45030","Calzada de Oropesa"
"281","TO","Toledo","45031","Camarena"
"281","TO","Toledo","45032","Camarenilla"
"281","TO","Toledo","45033","Campillo de la Jara (El)"
"281","TO","Toledo","45034","Camuñas"
"281","TO","Toledo","45035","Cardiel de los Montes"
"281","TO","Toledo","45036","Carmena"
"281","TO","Toledo","45037","Carpio de Tajo (El)"
"281","TO","Toledo","45038","Carranque"
"281","TO","Toledo","45039","Carriches"
"281","TO","Toledo","45040","Casar de Escalona (El)"
"281","TO","Toledo","45041","Casarrubios del Monte"
"281","TO","Toledo","45042","Casasbuenas"
"281","TO","Toledo","45043","Castillo de Bayuela"
"281","TO","Toledo","45045","Cazalegas"
"281","TO","Toledo","45046","Cebolla"
"281","TO","Toledo","45047","Cedillo del Condado"
"281","TO","Toledo","45048","Cerralbos (Los)"
"281","TO","Toledo","45049","Cervera de los Montes"
"281","TO","Toledo","45050","Ciruelos"
"281","TO","Toledo","45051","Cobeja"
"281","TO","Toledo","45052","Cobisa"
"281","TO","Toledo","45053","Consuegra"
"281","TO","Toledo","45054","Corral de Almaguer"
"281","TO","Toledo","45055","Cuerva"
"281","TO","Toledo","45056","Chozas de Canales"
"281","TO","Toledo","45057","Chueca"
"281","TO","Toledo","45058","Domingo Pérez"
"281","TO","Toledo","45059","Dosbarrios"
"281","TO","Toledo","45060","Erustes"
"281","TO","Toledo","45061","Escalona"
"281","TO","Toledo","45062","Escalonilla"
"281","TO","Toledo","45063","Espinoso del Rey"
"281","TO","Toledo","45064","Esquivias"
"281","TO","Toledo","45065","Estrella (La)"
"281","TO","Toledo","45066","Fuensalida"
"281","TO","Toledo","45067","Gálvez"
"281","TO","Toledo","45068","Garciotum"
"281","TO","Toledo","45069","Gerindote"
"281","TO","Toledo","45070","Guadamur"
"281","TO","Toledo","45071","Guardia (La)"
"281","TO","Toledo","45072","Herencias (Las)"
"281","TO","Toledo","45073","Herreruela de Oropesa"
"281","TO","Toledo","45074","Hinojosa de San Vicente"
"281","TO","Toledo","45075","Hontanar"
"281","TO","Toledo","45076","Hormigos"
"281","TO","Toledo","45077","Huecas"
"281","TO","Toledo","45078","Huerta de Valdecarábanos"
"281","TO","Toledo","45079","Iglesuela del Tiétar, La"
"281","TO","Toledo","45080","Illán de Vacas"
"281","TO","Toledo","45081","Illescas"
"281","TO","Toledo","45082","Lagartera"
"281","TO","Toledo","45083","Layos"
"281","TO","Toledo","45084","Lillo"
"281","TO","Toledo","45085","Lominchar"
"281","TO","Toledo","45086","Lucillos"
"281","TO","Toledo","45087","Madridejos"
"281","TO","Toledo","45088","Magán"
"281","TO","Toledo","45089","Malpica de Tajo"
"281","TO","Toledo","45090","Manzaneque"
"281","TO","Toledo","45091","Maqueda"
"281","TO","Toledo","45092","Marjaliza"
"281","TO","Toledo","45093","Marrupe"
"281","TO","Toledo","45094","Mascaraque"
"281","TO","Toledo","45095","Mata (La)"
"281","TO","Toledo","45096","Mazarambroz"
"281","TO","Toledo","45097","Mejorada"
"281","TO","Toledo","45098","Menasalbas"
"281","TO","Toledo","45099","Méntrida"
"281","TO","Toledo","45100","Mesegar de Tajo"
"281","TO","Toledo","45101","Miguel Esteban"
"281","TO","Toledo","45102","Mocejón"
"281","TO","Toledo","45103","Mohedas de la Jara"
"281","TO","Toledo","45104","Montearagón"
"281","TO","Toledo","45105","Montesclaros"
"281","TO","Toledo","45106","Mora"
"281","TO","Toledo","45107","Nambroca"
"281","TO","Toledo","45108","Nava de Ricomalillo (La)"
"281","TO","Toledo","45109","Navahermosa"
"281","TO","Toledo","45110","Navalcán"
"281","TO","Toledo","45111","Navalmoralejo"
"281","TO","Toledo","45112","Navalmorales (Los)"
"281","TO","Toledo","45113","Navalucillos (Los)"
"281","TO","Toledo","45114","Navamorcuende"
"281","TO","Toledo","45115","Noblejas"
"281","TO","Toledo","45116","Noez"
"281","TO","Toledo","45117","Nombela"
"281","TO","Toledo","45118","Novés"
"281","TO","Toledo","45119","Numancia de la Sagra"
"281","TO","Toledo","45120","Nuño Gómez"
"281","TO","Toledo","45121","Ocaña"
"281","TO","Toledo","45122","Olías del Rey"
"281","TO","Toledo","45123","Ontígola"
"281","TO","Toledo","45124","Orgaz"
"281","TO","Toledo","45125","Oropesa"
"281","TO","Toledo","45126","Otero"
"281","TO","Toledo","45127","Palomeque"
"281","TO","Toledo","45128","Pantoja"
"281","TO","Toledo","45129","Paredes de Escalona"
"281","TO","Toledo","45130","Parrillas"
"281","TO","Toledo","45131","Pelahustán"
"281","TO","Toledo","45132","Pepino"
"281","TO","Toledo","45133","Polán"
"281","TO","Toledo","45134","Portillo de Toledo"
"281","TO","Toledo","45135","Puebla de Almoradiel (La)"
"281","TO","Toledo","45136","Puebla de Montalbán (La)"
"281","TO","Toledo","45137","Pueblanueva (La)"
"281","TO","Toledo","45138","Puente del Arzobispo (El)"
"281","TO","Toledo","45139","Puerto de San Vicente"
"281","TO","Toledo","45140","Pulgar"
"281","TO","Toledo","45141","Quero"
"281","TO","Toledo","45142","Quintanar de la Orden"
"281","TO","Toledo","45143","Quismondo"
"281","TO","Toledo","45144","Real de San Vicente (El)"
"281","TO","Toledo","45145","Recas"
"281","TO","Toledo","45146","Retamoso de la Jara"
"281","TO","Toledo","45147","Rielves"
"281","TO","Toledo","45148","Robledo del Mazo"
"281","TO","Toledo","45149","Romeral (El)"
"281","TO","Toledo","45150","San Bartolomé de las Abiertas"
"281","TO","Toledo","45151","San Martín de Montalbán"
"281","TO","Toledo","45152","San Martín de Pusa"
"281","TO","Toledo","45153","San Pablo de los Montes"
"281","TO","Toledo","45154","San Román de los Montes"
"281","TO","Toledo","45155","Santa Ana de Pusa"
"281","TO","Toledo","45156","Santa Cruz de la Zarza"
"281","TO","Toledo","45157","Santa Cruz del Retamar"
"281","TO","Toledo","45158","Santa Olalla"
"281","TO","Toledo","45159","Sartajada"
"281","TO","Toledo","45160","Segurilla"
"281","TO","Toledo","45161","Seseña"
"281","TO","Toledo","45162","Sevilleja de la Jara"
"281","TO","Toledo","45163","Sonseca"
"281","TO","Toledo","45164","Sotillo de las Palomas"
"281","TO","Toledo","45165","Talavera de la Reina"
"281","TO","Toledo","45166","Tembleque"
"281","TO","Toledo","45167","Toboso (El)"
"281","TO","Toledo","45168","Toledo"
"281","TO","Toledo","45169","Torralba de Oropesa"
"281","TO","Toledo","45170","Torrecilla de la Jara"
"281","TO","Toledo","45171","Torre de Esteban Hambrán (La)"
"281","TO","Toledo","45172","Torrico"
"281","TO","Toledo","45173","Torrijos"
"281","TO","Toledo","45174","Totanés"
"281","TO","Toledo","45175","Turleque"
"281","TO","Toledo","45176","Ugena"
"281","TO","Toledo","45177","Urda"
"281","TO","Toledo","45179","Valdeverdeja"
"281","TO","Toledo","45180","Valmojado"
"281","TO","Toledo","45181","Velada"
"281","TO","Toledo","45182","Ventas con Peña Aguilera (Las)"
"281","TO","Toledo","45183","Ventas de Retamosa (Las)"
"281","TO","Toledo","45184","Ventas de San Julián (Las)"
"281","TO","Toledo","45185","Villacañas"
"281","TO","Toledo","45186","Villa de Don Fadrique (La)"
"281","TO","Toledo","45187","Villafranca de los Caballeros"
"281","TO","Toledo","45188","Villaluenga de la Sagra"
"281","TO","Toledo","45189","Villamiel de Toledo"
"281","TO","Toledo","45190","Villaminaya"
"281","TO","Toledo","45191","Villamuelas"
"281","TO","Toledo","45192","Villanueva de Alcardete"
"281","TO","Toledo","45193","Villanueva de Bogas"
"281","TO","Toledo","45194","Villarejo de Montalbán"
"281","TO","Toledo","45195","Villarrubia de Santiago"
"281","TO","Toledo","45196","Villaseca de la Sagra"
"281","TO","Toledo","45197","Villasequilla"
"281","TO","Toledo","45198","Villatobas"
"281","TO","Toledo","45199","Viso de San Juan (El)"
"281","TO","Toledo","45200","Yébenes (Los)"
"281","TO","Toledo","45201","Yeles"
"281","TO","Toledo","45202","Yepes"
"281","TO","Toledo","45203","Yuncler"
"281","TO","Toledo","45204","Yunclillos"
"281","TO","Toledo","45205","Yuncos"
"281","TO","Toledo","45901","Santo Domingo-Caudilla"
"281","V","Valencia","46001","Ademuz"
"281","V","Valencia","46002","Ador"
"281","V","Valencia","46003","Atzeneta d'Albaida"
"281","V","Valencia","46004","Agullent"
"281","V","Valencia","46005","Alaquàs"
"281","V","Valencia","46006","Albaida"
"281","V","Valencia","46007","Albal"
"281","V","Valencia","46008","Albalat de la Ribera"
"281","V","Valencia","46009","Albalat dels Sorells"
"281","V","Valencia","46010","Albalat dels Tarongers"
"281","V","Valencia","46011","Alberic"
"281","V","Valencia","46012","Alborache"
"281","V","Valencia","46013","Alboraia/Alboraya"
"281","V","Valencia","46014","Albuixech"
"281","V","Valencia","46015","Alcàsser"
"281","V","Valencia","46016","Alcàntera de Xúquer"
"281","V","Valencia","46017","Alzira"
"281","V","Valencia","46018","Alcublas"
"281","V","Valencia","46019","Alcúdia (l')"
"281","V","Valencia","46020","Alcúdia de Crespins (l')"
"281","V","Valencia","46021","Aldaia"
"281","V","Valencia","46022","Alfafar"
"281","V","Valencia","46023","Alfauir"
"281","V","Valencia","46024","Alfara de la Baronia"
"281","V","Valencia","46025","Alfara del Patriarca"
"281","V","Valencia","46026","Alfarb"
"281","V","Valencia","46027","Alfarrasí"
"281","V","Valencia","46028","Algar de Palància"
"281","V","Valencia","46029","Algemesí"
"281","V","Valencia","46030","Algímia d'Alfara"
"281","V","Valencia","46031","Alginet"
"281","V","Valencia","46032","Almàssera"
"281","V","Valencia","46033","Almiserà"
"281","V","Valencia","46034","Almoines"
"281","V","Valencia","46035","Almussafes"
"281","V","Valencia","46036","Alpuente"
"281","V","Valencia","46037","Alqueria de la Comtessa (l')"
"281","V","Valencia","46038","Andilla"
"281","V","Valencia","46039","Anna"
"281","V","Valencia","46040","Antella"
"281","V","Valencia","46041","Aras de los Olmos"
"281","V","Valencia","46042","Aielo de Malferit"
"281","V","Valencia","46043","Aielo de Rugat"
"281","V","Valencia","46044","Ayora"
"281","V","Valencia","46045","Barxeta"
"281","V","Valencia","46046","Barx"
"281","V","Valencia","46047","Bèlgida"
"281","V","Valencia","46048","Bellreguard"
"281","V","Valencia","46049","Bellús"
"281","V","Valencia","46050","Benagéber"
"281","V","Valencia","46051","Benaguasil"
"281","V","Valencia","46052","Benavites"
"281","V","Valencia","46053","Beneixida"
"281","V","Valencia","46054","Benetússer"
"281","V","Valencia","46055","Beniarjó"
"281","V","Valencia","46056","Beniatjar"
"281","V","Valencia","46057","Benicolet"
"281","V","Valencia","46058","Benifairó de les Valls"
"281","V","Valencia","46059","Benifairó de la Valldigna"
"281","V","Valencia","46060","Benifaió"
"281","V","Valencia","46061","Beniflá"
"281","V","Valencia","46062","Benigànim"
"281","V","Valencia","46063","Benimodo"
"281","V","Valencia","46064","Benimuslem"
"281","V","Valencia","46065","Beniparrell"
"281","V","Valencia","46066","Benirredrà"
"281","V","Valencia","46067","Benissanó"
"281","V","Valencia","46068","Benissoda"
"281","V","Valencia","46069","Benissuera"
"281","V","Valencia","46070","Bétera"
"281","V","Valencia","46071","Bicorp"
"281","V","Valencia","46072","Bocairent"
"281","V","Valencia","46073","Bolbaite"
"281","V","Valencia","46074","Bonrepòs i Mirambell"
"281","V","Valencia","46075","Bufali"
"281","V","Valencia","46076","Bugarra"
"281","V","Valencia","46077","Buñol"
"281","V","Valencia","46078","Burjassot"
"281","V","Valencia","46079","Calles"
"281","V","Valencia","46080","Camporrobles"
"281","V","Valencia","46081","Canals"
"281","V","Valencia","46082","Canet d'En Berenguer"
"281","V","Valencia","46083","Carcaixent"
"281","V","Valencia","46084","Càrcer"
"281","V","Valencia","46085","Carlet"
"281","V","Valencia","46086","Carrícola"
"281","V","Valencia","46087","Casas Altas"
"281","V","Valencia","46088","Casas Bajas"
"281","V","Valencia","46089","Casinos"
"281","V","Valencia","46090","Castelló de Rugat"
"281","V","Valencia","46091","Castellonet de la Conquesta"
"281","V","Valencia","46092","Castielfabib"
"281","V","Valencia","46093","Catadau"
"281","V","Valencia","46094","Catarroja"
"281","V","Valencia","46095","Caudete de las Fuentes"
"281","V","Valencia","46096","Cerdà"
"281","V","Valencia","46097","Cofrentes"
"281","V","Valencia","46098","Corbera"
"281","V","Valencia","46099","Cortes de Pallás"
"281","V","Valencia","46100","Cotes"
"281","V","Valencia","46101","Quart de les Valls"
"281","V","Valencia","46102","Quart de Poblet"
"281","V","Valencia","46103","Quartell"
"281","V","Valencia","46104","Quatretonda"
"281","V","Valencia","46105","Cullera"
"281","V","Valencia","46106","Chelva"
"281","V","Valencia","46107","Chella"
"281","V","Valencia","46108","Chera"
"281","V","Valencia","46109","Cheste"
"281","V","Valencia","46110","Xirivella"
"281","V","Valencia","46111","Chiva"
"281","V","Valencia","46112","Chulilla"
"281","V","Valencia","46113","Daimús"
"281","V","Valencia","46114","Domeño"
"281","V","Valencia","46115","Dos Aguas"
"281","V","Valencia","46116","Eliana (l')"
"281","V","Valencia","46117","Emperador"
"281","V","Valencia","46118","Enguera"
"281","V","Valencia","46119","Énova, l'"
"281","V","Valencia","46120","Estivella"
"281","V","Valencia","46121","Estubeny"
"281","V","Valencia","46122","Faura"
"281","V","Valencia","46123","Favara"
"281","V","Valencia","46124","Fontanars dels Alforins"
"281","V","Valencia","46125","Fortaleny"
"281","V","Valencia","46126","Foios"
"281","V","Valencia","46127","Font d'en Carròs, la"
"281","V","Valencia","46128","Font de la Figuera (la)"
"281","V","Valencia","46129","Fuenterrobles"
"281","V","Valencia","46130","Gavarda"
"281","V","Valencia","46131","Gandia"
"281","V","Valencia","46132","Genovés, el"
"281","V","Valencia","46133","Gestalgar"
"281","V","Valencia","46134","Gilet"
"281","V","Valencia","46135","Godella"
"281","V","Valencia","46136","Godelleta"
"281","V","Valencia","46137","Granja de la Costera (la)"
"281","V","Valencia","46138","Guadasequies/Guadasséquies"
"281","V","Valencia","46139","Guadassuar"
"281","V","Valencia","46140","Guardamar de la Safor"
"281","V","Valencia","46141","Higueruelas"
"281","V","Valencia","46142","Jalance"
"281","V","Valencia","46143","Xeraco"
"281","V","Valencia","46144","Jarafuel"
"281","V","Valencia","46145","Xàtiva"
"281","V","Valencia","46146","Xeresa"
"281","V","Valencia","46147","Llíria"
"281","V","Valencia","46148","Loriguilla"
"281","V","Valencia","46149","Losa del Obispo"
"281","V","Valencia","46150","Llutxent"
"281","V","Valencia","46151","Llocnou d'En Fenollet"
"281","V","Valencia","46152","Llocnou de la Corona"
"281","V","Valencia","46153","Llocnou de Sant Jeroni"
"281","V","Valencia","46154","Llanera de Ranes"
"281","V","Valencia","46155","Llaurí"
"281","V","Valencia","46156","Llombai"
"281","V","Valencia","46157","Llosa de Ranes (la)"
"281","V","Valencia","46158","Macastre"
"281","V","Valencia","46159","Manises"
"281","V","Valencia","46160","Manuel"
"281","V","Valencia","46161","Marines"
"281","V","Valencia","46162","Massalavés"
"281","V","Valencia","46163","Massalfassar"
"281","V","Valencia","46164","Massamagrell"
"281","V","Valencia","46165","Massanassa"
"281","V","Valencia","46166","Meliana"
"281","V","Valencia","46167","Millares"
"281","V","Valencia","46168","Miramar"
"281","V","Valencia","46169","Mislata"
"281","V","Valencia","46170","Moixent/Mogente"
"281","V","Valencia","46171","Montcada/Moncada"
"281","V","Valencia","46172","Montserrat"
"281","V","Valencia","46173","Montaverner"
"281","V","Valencia","46174","Montesa"
"281","V","Valencia","46175","Montitxelvo/Montichelvo"
"281","V","Valencia","46176","Montroi/Montroy"
"281","V","Valencia","46177","Museros"
"281","V","Valencia","46178","Nàquera/Náquera"
"281","V","Valencia","46179","Navarrés"
"281","V","Valencia","46180","Novetlè"
"281","V","Valencia","46181","Oliva"
"281","V","Valencia","46182","Olocau"
"281","V","Valencia","46183","Olleria (l')"
"281","V","Valencia","46184","Ontinyent"
"281","V","Valencia","46185","Otos"
"281","V","Valencia","46186","Paiporta"
"281","V","Valencia","46187","Palma de Gandía"
"281","V","Valencia","46188","Palmera"
"281","V","Valencia","46189","Palomar (el)"
"281","V","Valencia","46190","Paterna"
"281","V","Valencia","46191","Pedralba"
"281","V","Valencia","46192","Petrés"
"281","V","Valencia","46193","Picanya"
"281","V","Valencia","46194","Picassent"
"281","V","Valencia","46195","Piles"
"281","V","Valencia","46196","Pinet"
"281","V","Valencia","46197","Polinyà de Xúquer"
"281","V","Valencia","46198","Potries"
"281","V","Valencia","46199","Pobla de Farnals (la)"
"281","V","Valencia","46200","Pobla del Duc (la)"
"281","V","Valencia","46201","Puebla de San Miguel"
"281","V","Valencia","46202","Pobla de Vallbona (la)"
"281","V","Valencia","46203","Pobla Llarga (la)"
"281","V","Valencia","46204","Puig de Santa María, El"
"281","V","Valencia","46205","Puçol"
"281","V","Valencia","46206","Quesa"
"281","V","Valencia","46207","Rafelbunyol"
"281","V","Valencia","46208","Rafelcofer"
"281","V","Valencia","46209","Rafelguaraf"
"281","V","Valencia","46210","Ráfol de Salem"
"281","V","Valencia","46211","Real de Gandia, el"
"281","V","Valencia","46212","Real"
"281","V","Valencia","46213","Requena"
"281","V","Valencia","46214","Riba-roja de Túria"
"281","V","Valencia","46215","Riola"
"281","V","Valencia","46216","Rocafort"
"281","V","Valencia","46217","Rotglà i Corberà"
"281","V","Valencia","46218","Ròtova"
"281","V","Valencia","46219","Rugat"
"281","V","Valencia","46220","Sagunt/Sagunto"
"281","V","Valencia","46221","Salem"
"281","V","Valencia","46222","Sant Joanet"
"281","V","Valencia","46223","Sedaví"
"281","V","Valencia","46224","Segart"
"281","V","Valencia","46225","Sellent"
"281","V","Valencia","46226","Sempere"
"281","V","Valencia","46227","Senyera"
"281","V","Valencia","46228","Serra"
"281","V","Valencia","46229","Siete Aguas"
"281","V","Valencia","46230","Silla"
"281","V","Valencia","46231","Simat de la Valldigna"
"281","V","Valencia","46232","Sinarcas"
"281","V","Valencia","46233","Sollana"
"281","V","Valencia","46234","Sot de Chera"
"281","V","Valencia","46235","Sueca"
"281","V","Valencia","46236","Sumacàrcer"
"281","V","Valencia","46237","Tavernes Blanques"
"281","V","Valencia","46238","Tavernes de la Valldigna"
"281","V","Valencia","46239","Teresa de Cofrentes"
"281","V","Valencia","46240","Terrateig"
"281","V","Valencia","46241","Titaguas"
"281","V","Valencia","46242","Torrebaja"
"281","V","Valencia","46243","Torrella"
"281","V","Valencia","46244","Torrent"
"281","V","Valencia","46245","Torres Torres"
"281","V","Valencia","46246","Tous"
"281","V","Valencia","46247","Tuéjar"
"281","V","Valencia","46248","Turís"
"281","V","Valencia","46249","Utiel"
"281","V","Valencia","46250","València"
"281","V","Valencia","46251","Vallada"
"281","V","Valencia","46252","Vallanca"
"281","V","Valencia","46253","Vallés"
"281","V","Valencia","46254","Venta del Moro"
"281","V","Valencia","46255","Vilallonga/Villalonga"
"281","V","Valencia","46256","Vilamarxant"
"281","V","Valencia","46257","Castelló"
"281","V","Valencia","46258","Villar del Arzobispo"
"281","V","Valencia","46259","Villargordo del Cabriel"
"281","V","Valencia","46260","Vinalesa"
"281","V","Valencia","46261","Yátova"
"281","V","Valencia","46262","Yesa (La)"
"281","V","Valencia","46263","Zarra"
"281","V","Valencia","46902","Gátova"
"281","V","Valencia","46903","San Antonio de Benagéber"
"281","V","Valencia","46904","Benicull de Xúquer"
"281","VA","Valladolid","47001","Adalia"
"281","VA","Valladolid","47002","Aguasal"
"281","VA","Valladolid","47003","Aguilar de Campos"
"281","VA","Valladolid","47004","Alaejos"
"281","VA","Valladolid","47005","Alcazarén"
"281","VA","Valladolid","47006","Aldea de San Miguel"
"281","VA","Valladolid","47007","Aldeamayor de San Martín"
"281","VA","Valladolid","47008","Almenara de Adaja"
"281","VA","Valladolid","47009","Amusquillo"
"281","VA","Valladolid","47010","Arroyo de la Encomienda"
"281","VA","Valladolid","47011","Ataquines"
"281","VA","Valladolid","47012","Bahabón"
"281","VA","Valladolid","47013","Barcial de la Loma"
"281","VA","Valladolid","47014","Barruelo del Valle"
"281","VA","Valladolid","47015","Becilla de Valderaduey"
"281","VA","Valladolid","47016","Benafarces"
"281","VA","Valladolid","47017","Bercero"
"281","VA","Valladolid","47018","Berceruelo"
"281","VA","Valladolid","47019","Berrueces"
"281","VA","Valladolid","47020","Bobadilla del Campo"
"281","VA","Valladolid","47021","Bocigas"
"281","VA","Valladolid","47022","Bocos de Duero"
"281","VA","Valladolid","47023","Boecillo"
"281","VA","Valladolid","47024","Bolaños de Campos"
"281","VA","Valladolid","47025","Brahojos de Medina"
"281","VA","Valladolid","47026","Bustillo de Chaves"
"281","VA","Valladolid","47027","Cabezón de Pisuerga"
"281","VA","Valladolid","47028","Cabezón de Valderaduey"
"281","VA","Valladolid","47029","Cabreros del Monte"
"281","VA","Valladolid","47030","Campaspero"
"281","VA","Valladolid","47031","Campillo (El)"
"281","VA","Valladolid","47032","Camporredondo"
"281","VA","Valladolid","47033","Canalejas de Peñafiel"
"281","VA","Valladolid","47034","Canillas de Esgueva"
"281","VA","Valladolid","47035","Carpio"
"281","VA","Valladolid","47036","Casasola de Arión"
"281","VA","Valladolid","47037","Castrejón de Trabancos"
"281","VA","Valladolid","47038","Castrillo de Duero"
"281","VA","Valladolid","47039","Castrillo-Tejeriego"
"281","VA","Valladolid","47040","Castrobol"
"281","VA","Valladolid","47041","Castrodeza"
"281","VA","Valladolid","47042","Castromembibre"
"281","VA","Valladolid","47043","Castromonte"
"281","VA","Valladolid","47044","Castronuevo de Esgueva"
"281","VA","Valladolid","47045","Castronuño"
"281","VA","Valladolid","47046","Castroponce"
"281","VA","Valladolid","47047","Castroverde de Cerrato"
"281","VA","Valladolid","47048","Ceinos de Campos"
"281","VA","Valladolid","47049","Cervillego de la Cruz"
"281","VA","Valladolid","47050","Cigales"
"281","VA","Valladolid","47051","Ciguñuela"
"281","VA","Valladolid","47052","Cistérniga"
"281","VA","Valladolid","47053","Cogeces de Íscar"
"281","VA","Valladolid","47054","Cogeces del Monte"
"281","VA","Valladolid","47055","Corcos"
"281","VA","Valladolid","47056","Corrales de Duero"
"281","VA","Valladolid","47057","Cubillas de Santa Marta"
"281","VA","Valladolid","47058","Cuenca de Campos"
"281","VA","Valladolid","47059","Curiel de Duero"
"281","VA","Valladolid","47060","Encinas de Esgueva"
"281","VA","Valladolid","47061","Esguevillas de Esgueva"
"281","VA","Valladolid","47062","Fombellida"
"281","VA","Valladolid","47063","Fompedraza"
"281","VA","Valladolid","47064","Fontihoyuelo"
"281","VA","Valladolid","47065","Fresno el Viejo"
"281","VA","Valladolid","47066","Fuensaldaña"
"281","VA","Valladolid","47067","Fuente el Sol"
"281","VA","Valladolid","47068","Fuente-Olmedo"
"281","VA","Valladolid","47069","Gallegos de Hornija"
"281","VA","Valladolid","47070","Gatón de Campos"
"281","VA","Valladolid","47071","Geria"
"281","VA","Valladolid","47073","Herrín de Campos"
"281","VA","Valladolid","47074","Hornillos de Eresma"
"281","VA","Valladolid","47075","Íscar"
"281","VA","Valladolid","47076","Laguna de Duero"
"281","VA","Valladolid","47077","Langayo"
"281","VA","Valladolid","47078","Lomoviejo"
"281","VA","Valladolid","47079","Llano de Olmedo"
"281","VA","Valladolid","47080","Manzanillo"
"281","VA","Valladolid","47081","Marzales"
"281","VA","Valladolid","47082","Matapozuelos"
"281","VA","Valladolid","47083","Matilla de los Caños"
"281","VA","Valladolid","47084","Mayorga"
"281","VA","Valladolid","47085","Medina del Campo"
"281","VA","Valladolid","47086","Medina de Rioseco"
"281","VA","Valladolid","47087","Megeces"
"281","VA","Valladolid","47088","Melgar de Abajo"
"281","VA","Valladolid","47089","Melgar de Arriba"
"281","VA","Valladolid","47090","Mojados"
"281","VA","Valladolid","47091","Monasterio de Vega"
"281","VA","Valladolid","47092","Montealegre de Campos"
"281","VA","Valladolid","47093","Montemayor de Pililla"
"281","VA","Valladolid","47094","Moral de la Reina"
"281","VA","Valladolid","47095","Moraleja de las Panaderas"
"281","VA","Valladolid","47096","Morales de Campos"
"281","VA","Valladolid","47097","Mota del Marqués"
"281","VA","Valladolid","47098","Mucientes"
"281","VA","Valladolid","47099","Mudarra (La)"
"281","VA","Valladolid","47100","Muriel"
"281","VA","Valladolid","47101","Nava del Rey"
"281","VA","Valladolid","47102","Nueva Villa de las Torres"
"281","VA","Valladolid","47103","Olivares de Duero"
"281","VA","Valladolid","47104","Olmedo"
"281","VA","Valladolid","47105","Olmos de Esgueva"
"281","VA","Valladolid","47106","Olmos de Peñafiel"
"281","VA","Valladolid","47109","Palazuelo de Vedija"
"281","VA","Valladolid","47110","Parrilla (La)"
"281","VA","Valladolid","47111","Pedraja de Portillo (La)"
"281","VA","Valladolid","47112","Pedrajas de San Esteban"
"281","VA","Valladolid","47113","Pedrosa del Rey"
"281","VA","Valladolid","47114","Peñafiel"
"281","VA","Valladolid","47115","Peñaflor de Hornija"
"281","VA","Valladolid","47116","Pesquera de Duero"
"281","VA","Valladolid","47117","Piña de Esgueva"
"281","VA","Valladolid","47118","Piñel de Abajo"
"281","VA","Valladolid","47119","Piñel de Arriba"
"281","VA","Valladolid","47121","Pollos"
"281","VA","Valladolid","47122","Portillo"
"281","VA","Valladolid","47123","Pozal de Gallinas"
"281","VA","Valladolid","47124","Pozaldez"
"281","VA","Valladolid","47125","Pozuelo de la Orden"
"281","VA","Valladolid","47126","Puras"
"281","VA","Valladolid","47127","Quintanilla de Arriba"
"281","VA","Valladolid","47128","Quintanilla del Molar"
"281","VA","Valladolid","47129","Quintanilla de Onésimo"
"281","VA","Valladolid","47130","Quintanilla de Trigueros"
"281","VA","Valladolid","47131","Rábano"
"281","VA","Valladolid","47132","Ramiro"
"281","VA","Valladolid","47133","Renedo de Esgueva"
"281","VA","Valladolid","47134","Roales de Campos"
"281","VA","Valladolid","47135","Robladillo"
"281","VA","Valladolid","47137","Roturas"
"281","VA","Valladolid","47138","Rubí de Bracamonte"
"281","VA","Valladolid","47139","Rueda"
"281","VA","Valladolid","47140","Saelices de Mayorga"
"281","VA","Valladolid","47141","Salvador de Zapardiel"
"281","VA","Valladolid","47142","San Cebrián de Mazote"
"281","VA","Valladolid","47143","San Llorente"
"281","VA","Valladolid","47144","San Martín de Valvení"
"281","VA","Valladolid","47145","San Miguel del Arroyo"
"281","VA","Valladolid","47146","San Miguel del Pino"
"281","VA","Valladolid","47147","San Pablo de la Moraleja"
"281","VA","Valladolid","47148","San Pedro de Latarce"
"281","VA","Valladolid","47149","San Pelayo"
"281","VA","Valladolid","47150","San Román de Hornija"
"281","VA","Valladolid","47151","San Salvador"
"281","VA","Valladolid","47152","Santa Eufemia del Arroyo"
"281","VA","Valladolid","47153","Santervás de Campos"
"281","VA","Valladolid","47154","Santibáñez de Valcorba"
"281","VA","Valladolid","47155","Santovenia de Pisuerga"
"281","VA","Valladolid","47156","San Vicente del Palacio"
"281","VA","Valladolid","47157","Sardón de Duero"
"281","VA","Valladolid","47158","Seca (La)"
"281","VA","Valladolid","47159","Serrada"
"281","VA","Valladolid","47160","Siete Iglesias de Trabancos"
"281","VA","Valladolid","47161","Simancas"
"281","VA","Valladolid","47162","Tamariz de Campos"
"281","VA","Valladolid","47163","Tiedra"
"281","VA","Valladolid","47164","Tordehumos"
"281","VA","Valladolid","47165","Tordesillas"
"281","VA","Valladolid","47166","Torrecilla de la Abadesa"
"281","VA","Valladolid","47167","Torrecilla de la Orden"
"281","VA","Valladolid","47168","Torrecilla de la Torre"
"281","VA","Valladolid","47169","Torre de Esgueva"
"281","VA","Valladolid","47170","Torre de Peñafiel"
"281","VA","Valladolid","47171","Torrelobatón"
"281","VA","Valladolid","47172","Torrescárcela"
"281","VA","Valladolid","47173","Traspinedo"
"281","VA","Valladolid","47174","Trigueros del Valle"
"281","VA","Valladolid","47175","Tudela de Duero"
"281","VA","Valladolid","47176","Unión de Campos (La)"
"281","VA","Valladolid","47177","Urones de Castroponce"
"281","VA","Valladolid","47178","Urueña"
"281","VA","Valladolid","47179","Valbuena de Duero"
"281","VA","Valladolid","47180","Valdearcos de la Vega"
"281","VA","Valladolid","47181","Valdenebro de los Valles"
"281","VA","Valladolid","47182","Valdestillas"
"281","VA","Valladolid","47183","Valdunquillo"
"281","VA","Valladolid","47184","Valoria la Buena"
"281","VA","Valladolid","47185","Valverde de Campos"
"281","VA","Valladolid","47186","Valladolid"
"281","VA","Valladolid","47187","Vega de Ruiponce"
"281","VA","Valladolid","47188","Vega de Valdetronco"
"281","VA","Valladolid","47189","Velascálvaro"
"281","VA","Valladolid","47190","Velilla"
"281","VA","Valladolid","47191","Velliza"
"281","VA","Valladolid","47192","Ventosa de la Cuesta"
"281","VA","Valladolid","47193","Viana de Cega"
"281","VA","Valladolid","47194","Viloria"
"281","VA","Valladolid","47195","Villabáñez"
"281","VA","Valladolid","47196","Villabaruz de Campos"
"281","VA","Valladolid","47197","Villabrágima"
"281","VA","Valladolid","47198","Villacarralón"
"281","VA","Valladolid","47199","Villacid de Campos"
"281","VA","Valladolid","47200","Villaco"
"281","VA","Valladolid","47203","Villafrades de Campos"
"281","VA","Valladolid","47204","Villafranca de Duero"
"281","VA","Valladolid","47205","Villafrechós"
"281","VA","Valladolid","47206","Villafuerte"
"281","VA","Valladolid","47207","Villagarcía de Campos"
"281","VA","Valladolid","47208","Villagómez la Nueva"
"281","VA","Valladolid","47209","Villalán de Campos"
"281","VA","Valladolid","47210","Villalar de los Comuneros"
"281","VA","Valladolid","47211","Villalba de la Loma"
"281","VA","Valladolid","47212","Villalba de los Alcores"
"281","VA","Valladolid","47213","Villalbarba"
"281","VA","Valladolid","47214","Villalón de Campos"
"281","VA","Valladolid","47215","Villamuriel de Campos"
"281","VA","Valladolid","47216","Villán de Tordesillas"
"281","VA","Valladolid","47217","Villanubla"
"281","VA","Valladolid","47218","Villanueva de Duero"
"281","VA","Valladolid","47219","Villanueva de la Condesa"
"281","VA","Valladolid","47220","Villanueva de los Caballeros"
"281","VA","Valladolid","47221","Villanueva de los Infantes"
"281","VA","Valladolid","47222","Villanueva de San Mancio"
"281","VA","Valladolid","47223","Villardefrades"
"281","VA","Valladolid","47224","Villarmentero de Esgueva"
"281","VA","Valladolid","47225","Villasexmir"
"281","VA","Valladolid","47226","Villavaquerín"
"281","VA","Valladolid","47227","Villavellid"
"281","VA","Valladolid","47228","Villaverde de Medina"
"281","VA","Valladolid","47229","Villavicencio de los Caballeros"
"281","VA","Valladolid","47230","Wamba"
"281","VA","Valladolid","47231","Zaratán"
"281","VA","Valladolid","47232","Zarza (La)"
"281","BI","Bizkaia","48001","Abadiño"
"281","BI","Bizkaia","48002","Abanto y Ciérvana-Abanto Zierbena"
"281","BI","Bizkaia","48003","Amorebieta-Etxano"
"281","BI","Bizkaia","48004","Amoroto"
"281","BI","Bizkaia","48005","Arakaldo"
"281","BI","Bizkaia","48006","Arantzazu"
"281","BI","Bizkaia","48007","Munitibar-Arbatzegi Gerrikaitz"
"281","BI","Bizkaia","48008","Artzentales"
"281","BI","Bizkaia","48009","Arrankudiaga-Zollo"
"281","BI","Bizkaia","48010","Arrieta"
"281","BI","Bizkaia","48011","Arrigorriaga"
"281","BI","Bizkaia","48012","Bakio"
"281","BI","Bizkaia","48013","Barakaldo"
"281","BI","Bizkaia","48014","Barrika"
"281","BI","Bizkaia","48015","Basauri"
"281","BI","Bizkaia","48016","Berango"
"281","BI","Bizkaia","48017","Bermeo"
"281","BI","Bizkaia","48018","Berriatua"
"281","BI","Bizkaia","48019","Berriz"
"281","BI","Bizkaia","48020","Bilbao"
"281","BI","Bizkaia","48021","Busturia"
"281","BI","Bizkaia","48022","Karrantza Harana/Valle de Carranza"
"281","BI","Bizkaia","48023","Artea"
"281","BI","Bizkaia","48024","Zeanuri"
"281","BI","Bizkaia","48025","Zeberio"
"281","BI","Bizkaia","48026","Dima"
"281","BI","Bizkaia","48027","Durango"
"281","BI","Bizkaia","48028","Ea"
"281","BI","Bizkaia","48029","Etxebarri"
"281","BI","Bizkaia","48030","Etxebarria"
"281","BI","Bizkaia","48031","Elantxobe"
"281","BI","Bizkaia","48032","Elorrio"
"281","BI","Bizkaia","48033","Ereño"
"281","BI","Bizkaia","48034","Ermua"
"281","BI","Bizkaia","48035","Fruiz"
"281","BI","Bizkaia","48036","Galdakao"
"281","BI","Bizkaia","48037","Galdames"
"281","BI","Bizkaia","48038","Gamiz-Fika"
"281","BI","Bizkaia","48039","Garai"
"281","BI","Bizkaia","48040","Gatika"
"281","BI","Bizkaia","48041","Gautegiz Arteaga"
"281","BI","Bizkaia","48042","Gordexola"
"281","BI","Bizkaia","48043","Gorliz"
"281","BI","Bizkaia","48044","Getxo"
"281","BI","Bizkaia","48045","Güeñes"
"281","BI","Bizkaia","48046","Gernika-Lumo"
"281","BI","Bizkaia","48047","Gizaburuaga"
"281","BI","Bizkaia","48048","Ibarrangelu"
"281","BI","Bizkaia","48049","Ispaster"
"281","BI","Bizkaia","48050","Izurtza"
"281","BI","Bizkaia","48051","Lanestosa"
"281","BI","Bizkaia","48052","Larrabetzu"
"281","BI","Bizkaia","48053","Laukiz"
"281","BI","Bizkaia","48054","Leioa"
"281","BI","Bizkaia","48055","Lemoa"
"281","BI","Bizkaia","48056","Lemoiz"
"281","BI","Bizkaia","48057","Lekeitio"
"281","BI","Bizkaia","48058","Mallabia"
"281","BI","Bizkaia","48059","Mañaria"
"281","BI","Bizkaia","48060","Markina-Xemein"
"281","BI","Bizkaia","48061","Maruri-Jatabe"
"281","BI","Bizkaia","48062","Mendata"
"281","BI","Bizkaia","48063","Mendexa"
"281","BI","Bizkaia","48064","Meñaka"
"281","BI","Bizkaia","48065","Ugao-Miraballes"
"281","BI","Bizkaia","48066","Morga"
"281","BI","Bizkaia","48067","Muxika"
"281","BI","Bizkaia","48068","Mundaka"
"281","BI","Bizkaia","48069","Mungia"
"281","BI","Bizkaia","48070","Aulesti"
"281","BI","Bizkaia","48071","Muskiz"
"281","BI","Bizkaia","48072","Otxandio"
"281","BI","Bizkaia","48073","Ondarroa"
"281","BI","Bizkaia","48074","Urduña-Orduña"
"281","BI","Bizkaia","48075","Orozko"
"281","BI","Bizkaia","48076","Sukarrieta"
"281","BI","Bizkaia","48077","Plentzia"
"281","BI","Bizkaia","48078","Portugalete"
"281","BI","Bizkaia","48079","Errigoiti"
"281","BI","Bizkaia","48080","Valle de Trápaga-Trapagaran"
"281","BI","Bizkaia","48081","Lezama"
"281","BI","Bizkaia","48082","Santurtzi"
"281","BI","Bizkaia","48083","Ortuella"
"281","BI","Bizkaia","48084","Sestao"
"281","BI","Bizkaia","48085","Sopela"
"281","BI","Bizkaia","48086","Sopuerta"
"281","BI","Bizkaia","48087","Trucios-Turtzioz"
"281","BI","Bizkaia","48088","Ubide"
"281","BI","Bizkaia","48089","Urduliz"
"281","BI","Bizkaia","48090","Balmaseda"
"281","BI","Bizkaia","48091","Atxondo"
"281","BI","Bizkaia","48092","Bedia"
"281","BI","Bizkaia","48093","Areatza"
"281","BI","Bizkaia","48094","Igorre"
"281","BI","Bizkaia","48095","Zaldibar"
"281","BI","Bizkaia","48096","Zalla"
"281","BI","Bizkaia","48097","Zaratamo"
"281","BI","Bizkaia","48901","Derio"
"281","BI","Bizkaia","48902","Erandio"
"281","BI","Bizkaia","48903","Loiu"
"281","BI","Bizkaia","48904","Sondika"
"281","BI","Bizkaia","48905","Zamudio"
"281","BI","Bizkaia","48906","Forua"
"281","BI","Bizkaia","48907","Kortezubi"
"281","BI","Bizkaia","48908","Murueta"
"281","BI","Bizkaia","48909","Nabarniz"
"281","BI","Bizkaia","48910","Iurreta"
"281","BI","Bizkaia","48911","Ajangiz"
"281","BI","Bizkaia","48912","Alonsotegi"
"281","BI","Bizkaia","48913","Zierbena"
"281","BI","Bizkaia","48914","Arratzu"
"281","BI","Bizkaia","48915","Ziortza-Bolibar"
"281","BI","Bizkaia","48916","Usansolo"
"281","ZA","Zamora","49002","Abezames"
"281","ZA","Zamora","49003","Alcañices"
"281","ZA","Zamora","49004","Alcubilla de Nogales"
"281","ZA","Zamora","49005","Alfaraz de Sayago"
"281","ZA","Zamora","49006","Algodre"
"281","ZA","Zamora","49007","Almaraz de Duero"
"281","ZA","Zamora","49008","Almeida de Sayago"
"281","ZA","Zamora","49009","Andavías"
"281","ZA","Zamora","49010","Arcenillas"
"281","ZA","Zamora","49011","Arcos de la Polvorosa"
"281","ZA","Zamora","49012","Argañín"
"281","ZA","Zamora","49013","Argujillo"
"281","ZA","Zamora","49014","Arquillinos"
"281","ZA","Zamora","49015","Arrabalde"
"281","ZA","Zamora","49016","Aspariegos"
"281","ZA","Zamora","49017","Asturianos"
"281","ZA","Zamora","49018","Ayoó de Vidriales"
"281","ZA","Zamora","49019","Barcial del Barco"
"281","ZA","Zamora","49020","Belver de los Montes"
"281","ZA","Zamora","49021","Benavente"
"281","ZA","Zamora","49022","Benegiles"
"281","ZA","Zamora","49023","Bermillo de Sayago"
"281","ZA","Zamora","49024","Bóveda de Toro (La)"
"281","ZA","Zamora","49025","Bretó"
"281","ZA","Zamora","49026","Bretocino"
"281","ZA","Zamora","49027","Brime de Sog"
"281","ZA","Zamora","49028","Brime de Urz"
"281","ZA","Zamora","49029","Burganes de Valverde"
"281","ZA","Zamora","49030","Bustillo del Oro"
"281","ZA","Zamora","49031","Cabañas de Sayago"
"281","ZA","Zamora","49032","Calzadilla de Tera"
"281","ZA","Zamora","49033","Camarzana de Tera"
"281","ZA","Zamora","49034","Cañizal"
"281","ZA","Zamora","49035","Cañizo"
"281","ZA","Zamora","49036","Carbajales de Alba"
"281","ZA","Zamora","49037","Carbellino"
"281","ZA","Zamora","49038","Casaseca de Campeán"
"281","ZA","Zamora","49039","Casaseca de las Chanas"
"281","ZA","Zamora","49040","Castrillo de la Guareña"
"281","ZA","Zamora","49041","Castrogonzalo"
"281","ZA","Zamora","49042","Castronuevo"
"281","ZA","Zamora","49043","Castroverde de Campos"
"281","ZA","Zamora","49044","Cazurra"
"281","ZA","Zamora","49046","Cerecinos de Campos"
"281","ZA","Zamora","49047","Cerecinos del Carrizal"
"281","ZA","Zamora","49048","Cernadilla"
"281","ZA","Zamora","49050","Cobreros"
"281","ZA","Zamora","49052","Coomonte"
"281","ZA","Zamora","49053","Coreses"
"281","ZA","Zamora","49054","Corrales del Vino"
"281","ZA","Zamora","49055","Cotanes del Monte"
"281","ZA","Zamora","49056","Cubillos"
"281","ZA","Zamora","49057","Cubo de Benavente"
"281","ZA","Zamora","49058","Cubo de Tierra del Vino (El)"
"281","ZA","Zamora","49059","Cuelgamures"
"281","ZA","Zamora","49061","Entrala"
"281","ZA","Zamora","49062","Espadañedo"
"281","ZA","Zamora","49063","Faramontanos de Tábara"
"281","ZA","Zamora","49064","Fariza"
"281","ZA","Zamora","49065","Fermoselle"
"281","ZA","Zamora","49066","Ferreras de Abajo"
"281","ZA","Zamora","49067","Ferreras de Arriba"
"281","ZA","Zamora","49068","Ferreruela"
"281","ZA","Zamora","49069","Figueruela de Arriba"
"281","ZA","Zamora","49071","Fonfría"
"281","ZA","Zamora","49075","Fresno de la Polvorosa"
"281","ZA","Zamora","49076","Fresno de la Ribera"
"281","ZA","Zamora","49077","Fresno de Sayago"
"281","ZA","Zamora","49078","Friera de Valverde"
"281","ZA","Zamora","49079","Fuente Encalada"
"281","ZA","Zamora","49080","Fuentelapeña"
"281","ZA","Zamora","49081","Fuentesaúco"
"281","ZA","Zamora","49082","Fuentes de Ropel"
"281","ZA","Zamora","49083","Fuentesecas"
"281","ZA","Zamora","49084","Fuentespreadas"
"281","ZA","Zamora","49085","Galende"
"281","ZA","Zamora","49086","Gallegos del Pan"
"281","ZA","Zamora","49087","Gallegos del Río"
"281","ZA","Zamora","49088","Gamones"
"281","ZA","Zamora","49090","Gema"
"281","ZA","Zamora","49091","Granja de Moreruela"
"281","ZA","Zamora","49092","Granucillo"
"281","ZA","Zamora","49093","Guarrate"
"281","ZA","Zamora","49094","Hermisende"
"281","ZA","Zamora","49095","Hiniesta (La)"
"281","ZA","Zamora","49096","Jambrina"
"281","ZA","Zamora","49097","Justel"
"281","ZA","Zamora","49098","Losacino"
"281","ZA","Zamora","49099","Losacio"
"281","ZA","Zamora","49100","Lubián"
"281","ZA","Zamora","49101","Luelmo"
"281","ZA","Zamora","49102","Maderal (El)"
"281","ZA","Zamora","49103","Madridanos"
"281","ZA","Zamora","49104","Mahide"
"281","ZA","Zamora","49105","Maire de Castroponce"
"281","ZA","Zamora","49107","Malva"
"281","ZA","Zamora","49108","Manganeses de la Lampreana"
"281","ZA","Zamora","49109","Manganeses de la Polvorosa"
"281","ZA","Zamora","49110","Manzanal de Arriba"
"281","ZA","Zamora","49111","Manzanal del Barco"
"281","ZA","Zamora","49112","Manzanal de los Infantes"
"281","ZA","Zamora","49113","Matilla de Arzón"
"281","ZA","Zamora","49114","Matilla la Seca"
"281","ZA","Zamora","49115","Mayalde"
"281","ZA","Zamora","49116","Melgar de Tera"
"281","ZA","Zamora","49117","Micereces de Tera"
"281","ZA","Zamora","49118","Milles de la Polvorosa"
"281","ZA","Zamora","49119","Molacillos"
"281","ZA","Zamora","49120","Molezuelas de la Carballeda"
"281","ZA","Zamora","49121","Mombuey"
"281","ZA","Zamora","49122","Monfarracinos"
"281","ZA","Zamora","49123","Montamarta"
"281","ZA","Zamora","49124","Moral de Sayago"
"281","ZA","Zamora","49125","Moraleja del Vino"
"281","ZA","Zamora","49126","Moraleja de Sayago"
"281","ZA","Zamora","49127","Morales del Vino"
"281","ZA","Zamora","49128","Morales de Rey"
"281","ZA","Zamora","49129","Morales de Toro"
"281","ZA","Zamora","49130","Morales de Valverde"
"281","ZA","Zamora","49131","Moralina"
"281","ZA","Zamora","49132","Moreruela de los Infanzones"
"281","ZA","Zamora","49133","Moreruela de Tábara"
"281","ZA","Zamora","49134","Muelas de los Caballeros"
"281","ZA","Zamora","49135","Muelas del Pan"
"281","ZA","Zamora","49136","Muga de Sayago"
"281","ZA","Zamora","49137","Navianos de Valverde"
"281","ZA","Zamora","49138","Olmillos de Castro"
"281","ZA","Zamora","49139","Otero de Bodas"
"281","ZA","Zamora","49141","Pajares de la Lampreana"
"281","ZA","Zamora","49142","Palacios del Pan"
"281","ZA","Zamora","49143","Palacios de Sanabria"
"281","ZA","Zamora","49145","Pedralba de la Pradería"
"281","ZA","Zamora","49146","Pego (El)"
"281","ZA","Zamora","49147","Peleagonzalo"
"281","ZA","Zamora","49148","Peleas de Abajo"
"281","ZA","Zamora","49149","Peñausende"
"281","ZA","Zamora","49150","Peque"
"281","ZA","Zamora","49151","Perdigón (El)"
"281","ZA","Zamora","49152","Pereruela"
"281","ZA","Zamora","49153","Perilla de Castro"
"281","ZA","Zamora","49154","Pías"
"281","ZA","Zamora","49155","Piedrahita de Castro"
"281","ZA","Zamora","49156","Pinilla de Toro"
"281","ZA","Zamora","49157","Pino del Oro"
"281","ZA","Zamora","49158","Piñero (El)"
"281","ZA","Zamora","49159","Pobladura del Valle"
"281","ZA","Zamora","49160","Pobladura de Valderaduey"
"281","ZA","Zamora","49162","Porto"
"281","ZA","Zamora","49163","Pozoantiguo"
"281","ZA","Zamora","49164","Pozuelo de Tábara"
"281","ZA","Zamora","49165","Prado"
"281","ZA","Zamora","49166","Puebla de Sanabria"
"281","ZA","Zamora","49167","Pueblica de Valverde"
"281","ZA","Zamora","49168","Quintanilla del Monte"
"281","ZA","Zamora","49169","Quintanilla del Olmo"
"281","ZA","Zamora","49170","Quintanilla de Urz"
"281","ZA","Zamora","49171","Quiruelas de Vidriales"
"281","ZA","Zamora","49172","Rabanales"
"281","ZA","Zamora","49173","Rábano de Aliste"
"281","ZA","Zamora","49174","Requejo"
"281","ZA","Zamora","49175","Revellinos"
"281","ZA","Zamora","49176","Riofrío de Aliste"
"281","ZA","Zamora","49177","Rionegro del Puente"
"281","ZA","Zamora","49178","Roales"
"281","ZA","Zamora","49179","Robleda-Cervantes"
"281","ZA","Zamora","49180","Roelos de Sayago"
"281","ZA","Zamora","49181","Rosinos de la Requejada"
"281","ZA","Zamora","49183","Salce"
"281","ZA","Zamora","49184","Samir de los Caños"
"281","ZA","Zamora","49185","San Agustín del Pozo"
"281","ZA","Zamora","49186","San Cebrián de Castro"
"281","ZA","Zamora","49187","San Cristóbal de Entreviñas"
"281","ZA","Zamora","49188","San Esteban del Molar"
"281","ZA","Zamora","49189","San Justo"
"281","ZA","Zamora","49190","San Martín de Valderaduey"
"281","ZA","Zamora","49191","San Miguel de la Ribera"
"281","ZA","Zamora","49192","San Miguel del Valle"
"281","ZA","Zamora","49193","San Pedro de Ceque"
"281","ZA","Zamora","49194","San Pedro de la Nave-Almendra"
"281","ZA","Zamora","49197","Santa Clara de Avedillo"
"281","ZA","Zamora","49199","Santa Colomba de las Monjas"
"281","ZA","Zamora","49200","Santa Cristina de la Polvorosa"
"281","ZA","Zamora","49201","Santa Croya de Tera"
"281","ZA","Zamora","49202","Santa Eufemia del Barco"
"281","ZA","Zamora","49203","Santa María de la Vega"
"281","ZA","Zamora","49204","Santa María de Valverde"
"281","ZA","Zamora","49205","Santibáñez de Tera"
"281","ZA","Zamora","49206","Santibáñez de Vidriales"
"281","ZA","Zamora","49207","Santovenia"
"281","ZA","Zamora","49208","San Vicente de la Cabeza"
"281","ZA","Zamora","49209","San Vitero"
"281","ZA","Zamora","49210","Sanzoles"
"281","ZA","Zamora","49214","Tábara"
"281","ZA","Zamora","49216","Tapioles"
"281","ZA","Zamora","49219","Toro"
"281","ZA","Zamora","49220","Torre del Valle (La)"
"281","ZA","Zamora","49221","Torregamones"
"281","ZA","Zamora","49222","Torres del Carrizal"
"281","ZA","Zamora","49223","Trabazos"
"281","ZA","Zamora","49224","Trefacio"
"281","ZA","Zamora","49225","Uña de Quintana"
"281","ZA","Zamora","49226","Vadillo de la Guareña"
"281","ZA","Zamora","49227","Valcabado"
"281","ZA","Zamora","49228","Valdefinjas"
"281","ZA","Zamora","49229","Valdescorriel"
"281","ZA","Zamora","49230","Vallesa de la Guareña"
"281","ZA","Zamora","49231","Vega de Tera"
"281","ZA","Zamora","49232","Vega de Villalobos"
"281","ZA","Zamora","49233","Vegalatrave"
"281","ZA","Zamora","49234","Venialbo"
"281","ZA","Zamora","49235","Vezdemarbán"
"281","ZA","Zamora","49236","Vidayanes"
"281","ZA","Zamora","49237","Videmala"
"281","ZA","Zamora","49238","Villabrázaro"
"281","ZA","Zamora","49239","Villabuena del Puente"
"281","ZA","Zamora","49240","Villadepera"
"281","ZA","Zamora","49241","Villaescusa"
"281","ZA","Zamora","49242","Villafáfila"
"281","ZA","Zamora","49243","Villaferrueña"
"281","ZA","Zamora","49244","Villageriz"
"281","ZA","Zamora","49245","Villalazán"
"281","ZA","Zamora","49246","Villalba de la Lampreana"
"281","ZA","Zamora","49247","Villalcampo"
"281","ZA","Zamora","49248","Villalobos"
"281","ZA","Zamora","49249","Villalonso"
"281","ZA","Zamora","49250","Villalpando"
"281","ZA","Zamora","49251","Villalube"
"281","ZA","Zamora","49252","Villamayor de Campos"
"281","ZA","Zamora","49255","Villamor de los Escuderos"
"281","ZA","Zamora","49256","Villanázar"
"281","ZA","Zamora","49257","Villanueva de Azoague"
"281","ZA","Zamora","49258","Villanueva de Campeán"
"281","ZA","Zamora","49259","Villanueva de las Peras"
"281","ZA","Zamora","49260","Villanueva del Campo"
"281","ZA","Zamora","49261","Villaralbo"
"281","ZA","Zamora","49262","Villardeciervos"
"281","ZA","Zamora","49263","Villar de Fallaves"
"281","ZA","Zamora","49264","Villar del Buey"
"281","ZA","Zamora","49265","Villardiegua de la Ribera"
"281","ZA","Zamora","49266","Villárdiga"
"281","ZA","Zamora","49267","Villardondiego"
"281","ZA","Zamora","49268","Villarrín de Campos"
"281","ZA","Zamora","49269","Villaseco del Pan"
"281","ZA","Zamora","49270","Villavendimio"
"281","ZA","Zamora","49271","Villaveza del Agua"
"281","ZA","Zamora","49272","Villaveza de Valverde"
"281","ZA","Zamora","49273","Viñas"
"281","ZA","Zamora","49275","Zamora"
"281","Z","Zaragoza","50001","Abanto"
"281","Z","Zaragoza","50002","Acered"
"281","Z","Zaragoza","50003","Agón"
"281","Z","Zaragoza","50004","Aguarón"
"281","Z","Zaragoza","50005","Aguilón"
"281","Z","Zaragoza","50006","Ainzón"
"281","Z","Zaragoza","50007","Aladrén"
"281","Z","Zaragoza","50008","Alagón"
"281","Z","Zaragoza","50009","Alarba"
"281","Z","Zaragoza","50010","Alberite de San Juan"
"281","Z","Zaragoza","50011","Albeta"
"281","Z","Zaragoza","50012","Alborge"
"281","Z","Zaragoza","50013","Alcalá de Ebro"
"281","Z","Zaragoza","50014","Alcalá de Moncayo"
"281","Z","Zaragoza","50015","Alconchel de Ariza"
"281","Z","Zaragoza","50016","Aldehuela de Liestos"
"281","Z","Zaragoza","50017","Alfajarín"
"281","Z","Zaragoza","50018","Alfamén"
"281","Z","Zaragoza","50019","Alforque"
"281","Z","Zaragoza","50020","Alhama de Aragón"
"281","Z","Zaragoza","50021","Almochuel"
"281","Z","Zaragoza","50022","Almolda (La)"
"281","Z","Zaragoza","50023","Almonacid de la Cuba"
"281","Z","Zaragoza","50024","Almonacid de la Sierra"
"281","Z","Zaragoza","50025","Almunia de Doña Godina (La)"
"281","Z","Zaragoza","50026","Alpartir"
"281","Z","Zaragoza","50027","Ambel"
"281","Z","Zaragoza","50028","Anento"
"281","Z","Zaragoza","50029","Aniñón"
"281","Z","Zaragoza","50030","Añón de Moncayo"
"281","Z","Zaragoza","50031","Aranda de Moncayo"
"281","Z","Zaragoza","50032","Arándiga"
"281","Z","Zaragoza","50033","Ardisa"
"281","Z","Zaragoza","50034","Ariza"
"281","Z","Zaragoza","50035","Artieda"
"281","Z","Zaragoza","50036","Asín"
"281","Z","Zaragoza","50037","Atea"
"281","Z","Zaragoza","50038","Ateca"
"281","Z","Zaragoza","50039","Azuara"
"281","Z","Zaragoza","50040","Badules"
"281","Z","Zaragoza","50041","Bagüés"
"281","Z","Zaragoza","50042","Balconchán"
"281","Z","Zaragoza","50043","Bárboles"
"281","Z","Zaragoza","50044","Bardallur"
"281","Z","Zaragoza","50045","Belchite"
"281","Z","Zaragoza","50046","Belmonte de Gracián"
"281","Z","Zaragoza","50047","Berdejo"
"281","Z","Zaragoza","50048","Berrueco"
"281","Z","Zaragoza","50050","Bijuesca"
"281","Z","Zaragoza","50051","Biota"
"281","Z","Zaragoza","50052","Bisimbre"
"281","Z","Zaragoza","50053","Boquiñeni"
"281","Z","Zaragoza","50054","Bordalba"
"281","Z","Zaragoza","50055","Borja"
"281","Z","Zaragoza","50056","Botorrita"
"281","Z","Zaragoza","50057","Brea de Aragón"
"281","Z","Zaragoza","50058","Bubierca"
"281","Z","Zaragoza","50059","Bujaraloz"
"281","Z","Zaragoza","50060","Bulbuente"
"281","Z","Zaragoza","50061","Bureta"
"281","Z","Zaragoza","50062","Burgo de Ebro (El)"
"281","Z","Zaragoza","50063","Buste (El)"
"281","Z","Zaragoza","50064","Cabañas de Ebro"
"281","Z","Zaragoza","50065","Cabolafuente"
"281","Z","Zaragoza","50066","Cadrete"
"281","Z","Zaragoza","50067","Calatayud"
"281","Z","Zaragoza","50068","Calatorao"
"281","Z","Zaragoza","50069","Calcena"
"281","Z","Zaragoza","50070","Calmarza"
"281","Z","Zaragoza","50071","Campillo de Aragón"
"281","Z","Zaragoza","50072","Carenas"
"281","Z","Zaragoza","50073","Cariñena"
"281","Z","Zaragoza","50074","Caspe"
"281","Z","Zaragoza","50075","Castejón de Alarba"
"281","Z","Zaragoza","50076","Castejón de las Armas"
"281","Z","Zaragoza","50077","Castejón de Valdejasa"
"281","Z","Zaragoza","50078","Castiliscar"
"281","Z","Zaragoza","50079","Cervera de la Cañada"
"281","Z","Zaragoza","50080","Cerveruela"
"281","Z","Zaragoza","50081","Cetina"
"281","Z","Zaragoza","50082","Cimballa"
"281","Z","Zaragoza","50083","Cinco Olivas"
"281","Z","Zaragoza","50084","Clarés de Ribota"
"281","Z","Zaragoza","50085","Codo"
"281","Z","Zaragoza","50086","Codos"
"281","Z","Zaragoza","50087","Contamina"
"281","Z","Zaragoza","50088","Cosuenda"
"281","Z","Zaragoza","50089","Cuarte de Huerva"
"281","Z","Zaragoza","50090","Cubel"
"281","Z","Zaragoza","50091","Cuerlas (Las)"
"281","Z","Zaragoza","50092","Chiprana"
"281","Z","Zaragoza","50093","Chodes"
"281","Z","Zaragoza","50094","Daroca"
"281","Z","Zaragoza","50095","Ejea de los Caballeros"
"281","Z","Zaragoza","50096","Embid de Ariza"
"281","Z","Zaragoza","50098","Encinacorba"
"281","Z","Zaragoza","50099","Épila"
"281","Z","Zaragoza","50100","Erla"
"281","Z","Zaragoza","50101","Escatrón"
"281","Z","Zaragoza","50102","Fabara"
"281","Z","Zaragoza","50104","Farlete"
"281","Z","Zaragoza","50105","Fayón"
"281","Z","Zaragoza","50106","Fayos (Los)"
"281","Z","Zaragoza","50107","Figueruelas"
"281","Z","Zaragoza","50108","Fombuena"
"281","Z","Zaragoza","50109","Frago (El)"
"281","Z","Zaragoza","50110","Frasno (El)"
"281","Z","Zaragoza","50111","Fréscano"
"281","Z","Zaragoza","50113","Fuendejalón"
"281","Z","Zaragoza","50114","Fuendetodos"
"281","Z","Zaragoza","50115","Fuentes de Ebro"
"281","Z","Zaragoza","50116","Fuentes de Jiloca"
"281","Z","Zaragoza","50117","Gallocanta"
"281","Z","Zaragoza","50118","Gallur"
"281","Z","Zaragoza","50119","Gelsa"
"281","Z","Zaragoza","50120","Godojos"
"281","Z","Zaragoza","50121","Gotor"
"281","Z","Zaragoza","50122","Grisel"
"281","Z","Zaragoza","50123","Grisén"
"281","Z","Zaragoza","50124","Herrera de los Navarros"
"281","Z","Zaragoza","50125","Ibdes"
"281","Z","Zaragoza","50126","Illueca"
"281","Z","Zaragoza","50128","Isuerre"
"281","Z","Zaragoza","50129","Jaraba"
"281","Z","Zaragoza","50130","Jarque de Moncayo"
"281","Z","Zaragoza","50131","Jaulín"
"281","Z","Zaragoza","50132","Joyosa (La)"
"281","Z","Zaragoza","50133","Lagata"
"281","Z","Zaragoza","50134","Langa del Castillo"
"281","Z","Zaragoza","50135","Layana"
"281","Z","Zaragoza","50136","Lécera"
"281","Z","Zaragoza","50137","Leciñena"
"281","Z","Zaragoza","50138","Lechón"
"281","Z","Zaragoza","50139","Letux"
"281","Z","Zaragoza","50140","Litago"
"281","Z","Zaragoza","50141","Lituénigo"
"281","Z","Zaragoza","50142","Lobera de Onsella"
"281","Z","Zaragoza","50143","Longares"
"281","Z","Zaragoza","50144","Longás"
"281","Z","Zaragoza","50146","Lucena de Jalón"
"281","Z","Zaragoza","50147","Luceni"
"281","Z","Zaragoza","50148","Luesia"
"281","Z","Zaragoza","50149","Luesma"
"281","Z","Zaragoza","50150","Lumpiaque"
"281","Z","Zaragoza","50151","Luna"
"281","Z","Zaragoza","50152","Maella"
"281","Z","Zaragoza","50153","Magallón"
"281","Z","Zaragoza","50154","Mainar"
"281","Z","Zaragoza","50155","Malanquilla"
"281","Z","Zaragoza","50156","Maleján"
"281","Z","Zaragoza","50157","Malón"
"281","Z","Zaragoza","50159","Maluenda"
"281","Z","Zaragoza","50160","Mallén"
"281","Z","Zaragoza","50161","Manchones"
"281","Z","Zaragoza","50162","Mara"
"281","Z","Zaragoza","50163","María de Huerva"
"281","Z","Zaragoza","50164","Mediana de Aragón"
"281","Z","Zaragoza","50165","Mequinenza"
"281","Z","Zaragoza","50166","Mesones de Isuela"
"281","Z","Zaragoza","50167","Mezalocha"
"281","Z","Zaragoza","50168","Mianos"
"281","Z","Zaragoza","50169","Miedes de Aragón"
"281","Z","Zaragoza","50170","Monegrillo"
"281","Z","Zaragoza","50171","Moneva"
"281","Z","Zaragoza","50172","Monreal de Ariza"
"281","Z","Zaragoza","50173","Monterde"
"281","Z","Zaragoza","50174","Montón"
"281","Z","Zaragoza","50175","Morata de Jalón"
"281","Z","Zaragoza","50176","Morata de Jiloca"
"281","Z","Zaragoza","50177","Morés"
"281","Z","Zaragoza","50178","Moros"
"281","Z","Zaragoza","50179","Moyuela"
"281","Z","Zaragoza","50180","Mozota"
"281","Z","Zaragoza","50181","Muel"
"281","Z","Zaragoza","50182","Muela (La)"
"281","Z","Zaragoza","50183","Munébrega"
"281","Z","Zaragoza","50184","Murero"
"281","Z","Zaragoza","50185","Murillo de Gállego"
"281","Z","Zaragoza","50186","Navardún"
"281","Z","Zaragoza","50187","Nigüella"
"281","Z","Zaragoza","50188","Nombrevilla"
"281","Z","Zaragoza","50189","Nonaspe"
"281","Z","Zaragoza","50190","Novallas"
"281","Z","Zaragoza","50191","Novillas"
"281","Z","Zaragoza","50192","Nuévalos"
"281","Z","Zaragoza","50193","Nuez de Ebro"
"281","Z","Zaragoza","50194","Olvés"
"281","Z","Zaragoza","50195","Orcajo"
"281","Z","Zaragoza","50196","Orera"
"281","Z","Zaragoza","50197","Orés"
"281","Z","Zaragoza","50198","Oseja"
"281","Z","Zaragoza","50199","Osera de Ebro"
"281","Z","Zaragoza","50200","Paniza"
"281","Z","Zaragoza","50201","Paracuellos de Jiloca"
"281","Z","Zaragoza","50202","Paracuellos de la Ribera"
"281","Z","Zaragoza","50203","Pastriz"
"281","Z","Zaragoza","50204","Pedrola"
"281","Z","Zaragoza","50205","Pedrosas (Las)"
"281","Z","Zaragoza","50206","Perdiguera"
"281","Z","Zaragoza","50207","Piedratajada"
"281","Z","Zaragoza","50208","Pina de Ebro"
"281","Z","Zaragoza","50209","Pinseque"
"281","Z","Zaragoza","50210","Pintanos (Los)"
"281","Z","Zaragoza","50211","Plasencia de Jalón"
"281","Z","Zaragoza","50212","Pleitas"
"281","Z","Zaragoza","50213","Plenas"
"281","Z","Zaragoza","50214","Pomer"
"281","Z","Zaragoza","50215","Pozuel de Ariza"
"281","Z","Zaragoza","50216","Pozuelo de Aragón"
"281","Z","Zaragoza","50217","Pradilla de Ebro"
"281","Z","Zaragoza","50218","Puebla de Albortón"
"281","Z","Zaragoza","50219","Puebla de Alfindén (La)"
"281","Z","Zaragoza","50220","Puendeluna"
"281","Z","Zaragoza","50221","Purujosa"
"281","Z","Zaragoza","50222","Quinto"
"281","Z","Zaragoza","50223","Remolinos"
"281","Z","Zaragoza","50224","Retascón"
"281","Z","Zaragoza","50225","Ricla"
"281","Z","Zaragoza","50227","Romanos"
"281","Z","Zaragoza","50228","Rueda de Jalón"
"281","Z","Zaragoza","50229","Ruesca"
"281","Z","Zaragoza","50230","Sádaba"
"281","Z","Zaragoza","50231","Salillas de Jalón"
"281","Z","Zaragoza","50232","Salvatierra de Esca"
"281","Z","Zaragoza","50233","Samper del Salz"
"281","Z","Zaragoza","50234","San Martín de la Virgen de Moncayo"
"281","Z","Zaragoza","50235","San Mateo de Gállego"
"281","Z","Zaragoza","50236","Santa Cruz de Grío"
"281","Z","Zaragoza","50237","Santa Cruz de Moncayo"
"281","Z","Zaragoza","50238","Santa Eulalia de Gállego"
"281","Z","Zaragoza","50239","Santed"
"281","Z","Zaragoza","50240","Sástago"
"281","Z","Zaragoza","50241","Sabiñán"
"281","Z","Zaragoza","50242","Sediles"
"281","Z","Zaragoza","50243","Sestrica"
"281","Z","Zaragoza","50244","Sierra de Luna"
"281","Z","Zaragoza","50245","Sigüés"
"281","Z","Zaragoza","50246","Sisamón"
"281","Z","Zaragoza","50247","Sobradiel"
"281","Z","Zaragoza","50248","Sos del Rey Católico"
"281","Z","Zaragoza","50249","Tabuenca"
"281","Z","Zaragoza","50250","Talamantes"
"281","Z","Zaragoza","50251","Tarazona"
"281","Z","Zaragoza","50252","Tauste"
"281","Z","Zaragoza","50253","Terrer"
"281","Z","Zaragoza","50254","Tierga"
"281","Z","Zaragoza","50255","Tobed"
"281","Z","Zaragoza","50256","Torralba de los Frailes"
"281","Z","Zaragoza","50257","Torralba de Ribota"
"281","Z","Zaragoza","50258","Torralbilla"
"281","Z","Zaragoza","50259","Torrehermosa"
"281","Z","Zaragoza","50260","Torrelapaja"
"281","Z","Zaragoza","50261","Torrellas"
"281","Z","Zaragoza","50262","Torres de Berrellén"
"281","Z","Zaragoza","50263","Torrijo de la Cañada"
"281","Z","Zaragoza","50264","Tosos"
"281","Z","Zaragoza","50265","Trasmoz"
"281","Z","Zaragoza","50266","Trasobares"
"281","Z","Zaragoza","50267","Uncastillo"
"281","Z","Zaragoza","50268","Undués de Lerda"
"281","Z","Zaragoza","50269","Urrea de Jalón"
"281","Z","Zaragoza","50270","Urriés"
"281","Z","Zaragoza","50271","Used"
"281","Z","Zaragoza","50272","Utebo"
"281","Z","Zaragoza","50273","Valdehorna"
"281","Z","Zaragoza","50274","Val de San Martín"
"281","Z","Zaragoza","50275","Valmadrid"
"281","Z","Zaragoza","50276","Valpalmas"
"281","Z","Zaragoza","50277","Valtorres"
"281","Z","Zaragoza","50278","Velilla de Ebro"
"281","Z","Zaragoza","50279","Velilla de Jiloca"
"281","Z","Zaragoza","50280","Vera de Moncayo"
"281","Z","Zaragoza","50281","Vierlas"
"281","Z","Zaragoza","50282","Vilueña (La)"
"281","Z","Zaragoza","50283","Villadoz"
"281","Z","Zaragoza","50284","Villafeliche"
"281","Z","Zaragoza","50285","Villafranca de Ebro"
"281","Z","Zaragoza","50286","Villalba de Perejil"
"281","Z","Zaragoza","50287","Villalengua"
"281","Z","Zaragoza","50288","Villanueva de Gállego"
"281","Z","Zaragoza","50289","Villanueva de Jiloca"
"281","Z","Zaragoza","50290","Villanueva de Huerva"
"281","Z","Zaragoza","50291","Villar de los Navarros"
"281","Z","Zaragoza","50292","Villarreal de Huerva"
"281","Z","Zaragoza","50293","Villarroya de la Sierra"
"281","Z","Zaragoza","50294","Villarroya del Campo"
"281","Z","Zaragoza","50295","Vistabella"
"281","Z","Zaragoza","50296","Zaida (La)"
"281","Z","Zaragoza","50297","Zaragoza"
"281","Z","Zaragoza","50298","Zuera"
"281","Z","Zaragoza","50901","Biel"
"281","Z","Zaragoza","50902","Marracos"
"281","Z","Zaragoza","50903","Villamayor de Gállego"
"32","CE","Ceuta","51001","Ceuta"
"32","ML","Melilla","52001","Melilla"
